# Blender 4.3.2
# www.blender.org
mtllib postac.mtl
o Cube
v 0.226382 1.575224 -0.065539
v 0.167323 1.319374 -0.118805
v 0.215448 1.566349 0.090911
v 0.159769 1.294461 0.084086
v 0.004077 1.591772 -0.124842
v 0.004598 1.293875 -0.176973
v -0.000338 1.553845 0.135302
v 0.001051 1.245995 0.156294
v 0.211840 0.947653 -0.126618
v 0.234227 0.927565 0.090431
v -0.002353 0.861218 -0.188438
v 0.002704 0.835144 0.136204
v 0.208993 0.836390 -0.128153
v 0.233366 0.817275 0.074231
v 0.294716 0.935545 0.139353
v 0.268932 0.931748 0.131625
v 0.167632 0.474481 -0.109942
v 0.187150 0.470881 0.024992
v 0.070540 0.470733 -0.117109
v 0.092194 0.465820 0.050066
v 0.084754 0.021944 -0.103959
v 0.091834 0.001088 0.048276
v 0.160831 0.021621 -0.103233
v 0.202672 0.013504 0.009740
v 0.241270 1.415558 -0.093182
v -0.000368 1.412987 0.150182
v 0.162483 1.431182 0.063897
v 0.004874 1.443112 -0.166722
v 0.309904 1.395529 -0.007780
v 0.245257 1.408425 0.097303
v 0.276330 0.981480 0.084715
v 0.249733 1.012778 0.151352
v 0.311054 0.986473 0.096228
v 0.286899 1.018168 0.163094
v 0.260528 0.905450 0.165024
v 0.251622 0.919912 0.185758
v 0.273648 0.907394 0.169066
v 0.265183 0.921856 0.189335
v 0.227778 1.195580 0.092277
v 0.271463 1.204354 0.115847
v 0.271139 1.176401 0.006497
v 0.316301 1.185322 0.030846
v 0.091569 -0.030012 -0.096777
v 0.098300 -0.055422 0.037463
v 0.154951 -0.029041 -0.100139
v 0.197258 -0.044901 0.003580
v 0.147816 -0.050371 0.155995
v 0.215818 -0.045448 0.127374
v 0.147742 -0.075091 0.151694
v 0.215745 -0.070168 0.123073
v 0.174592 0.126293 -0.007832
v 0.158759 0.123547 -0.090160
v 0.096506 0.124775 -0.093801
v 0.101007 0.123734 0.011103
v 0.128454 1.630581 0.062816
v 0.000728 1.629871 0.095725
v 0.131830 1.635214 -0.038088
v 0.002974 1.644167 -0.087007
v 0.102697 1.766698 0.062287
v 0.001677 1.742909 0.086160
v 0.092331 1.756094 -0.017487
v 0.001658 1.760418 -0.053422
v 0.144106 1.885521 0.049381
v 0.083408 1.809914 0.138063
v 0.114386 1.881281 -0.042246
v 0.001635 1.882118 -0.085769
v 0.115771 1.990308 0.067501
v 0.001708 2.024821 0.080120
v 0.094648 1.987541 -0.034300
v 0.001649 2.006047 -0.052801
v 0.243715 0.988543 0.209943
v 0.248163 0.964607 0.178347
v 0.140834 1.887043 0.084196
v 0.278733 0.968812 0.184783
v 0.001742 1.805372 0.155911
v 0.101316 1.888092 0.144048
v 0.001749 1.887926 0.171959
v 0.001744 1.970600 0.159541
v 0.092734 1.964985 0.140203
v 0.082293 1.668380 0.043547
v 0.001595 1.670745 0.064711
v 0.002017 1.676340 -0.048002
v 0.083052 1.670609 -0.015707
v 0.260127 0.990685 0.212336
v 0.242288 0.997212 0.207809
v 0.259012 0.999560 0.211767
v 0.162949 1.132714 -0.110921
v 0.001787 1.115025 -0.187094
v 0.001480 1.070703 0.162052
v 0.175071 1.103215 0.107583
v -0.220037 1.576749 -0.074022
v -0.161929 1.320611 -0.125526
v -0.214729 1.567204 0.082643
v -0.159505 1.293965 0.078376
v -0.205710 0.946820 -0.124790
v -0.239053 0.932623 0.091053
v -0.202998 0.835702 -0.121571
v -0.239038 0.822679 0.079244
v -0.324888 0.934472 0.089157
v -0.298129 0.931770 0.085203
v -0.168509 0.477327 -0.088537
v -0.191777 0.473621 0.045816
v -0.071442 0.470909 -0.093118
v -0.097710 0.465756 0.073387
v -0.102161 0.013295 -0.082472
v -0.096478 0.037972 0.069342
v -0.178246 0.014815 -0.078654
v -0.211247 0.038980 0.039800
v -0.242875 1.424392 -0.106810
v -0.167513 1.432937 0.052301
v -0.315361 1.406448 -0.023903
v -0.252560 1.413775 0.082813
v -0.297480 0.992283 0.052550
v -0.283120 1.003982 0.128605
v -0.333709 0.995517 0.058891
v -0.321796 1.007640 0.134853
v -0.295554 0.897343 0.111392
v -0.290491 0.905513 0.136412
v -0.309189 0.898701 0.113510
v -0.304478 0.907010 0.138014
v -0.242737 1.199123 0.069682
v -0.285383 1.209494 0.094476
v -0.288817 1.185212 -0.015696
v -0.332913 1.195785 0.009913
v -0.109776 -0.036672 -0.064984
v -0.103190 -0.016403 0.080493
v -0.173350 -0.035031 -0.065148
v -0.205831 -0.016450 0.054727
v -0.138963 0.033808 0.193411
v -0.209782 0.030457 0.172410
v -0.139274 0.009250 0.198549
v -0.210094 0.005899 0.177549
v -0.187910 0.129302 0.010646
v -0.170060 0.126217 -0.070565
v -0.107722 0.125706 -0.072534
v -0.115010 0.124420 0.031929
v -0.126024 1.630893 0.059301
v -0.126746 1.635668 -0.041564
v -0.099296 1.766698 0.062377
v -0.089002 1.756094 -0.017406
v -0.140717 1.885521 0.049508
v -0.079940 1.809914 0.138136
v -0.111078 1.881281 -0.042145
v -0.112365 1.990308 0.067602
v -0.091333 1.987541 -0.034217
v -0.287311 0.965067 0.178849
v -0.286033 0.950412 0.141773
v -0.137414 1.887043 0.084319
v -0.317280 0.954041 0.143793
v -0.097843 1.888092 0.144136
v -0.089264 1.964985 0.140284
v -0.079078 1.668380 0.042957
v -0.079360 1.670609 -0.016390
v -0.303900 0.967181 0.178894
v -0.285580 0.973926 0.179356
v -0.302751 0.975843 0.180889
v -0.159149 1.132643 -0.112269
v -0.174094 1.104232 0.106224
v 0.252942 0.965714 0.186825
v 0.260081 0.966752 0.190071
v 0.268595 0.967837 0.189851
v 0.144133 1.318498 -0.150969
v 0.107125 1.314745 -0.170592
v 0.059522 1.306742 -0.178780
v 0.205427 1.419066 -0.114618
v 0.184765 1.400259 -0.123332
v 0.172243 1.366251 -0.124483
v -0.000396 1.450019 0.149612
v -0.000400 1.487482 0.146822
v -0.000381 1.522933 0.141976
v 0.141443 1.429118 0.047137
v 0.136043 1.401277 0.049364
v 0.142098 1.355308 0.062554
v 0.004820 1.403405 -0.171559
v 0.004752 1.367292 -0.174482
v 0.004676 1.331812 -0.176112
v 0.167715 1.568663 0.109761
v 0.116919 1.566825 0.121953
v 0.060630 1.561747 0.130560
v 0.238414 1.580637 -0.023685
v 0.239366 1.579900 0.016778
v 0.232658 1.575797 0.055490
v 0.051103 1.259606 0.148257
v 0.095766 1.273044 0.135928
v 0.132667 1.284922 0.115796
v 0.196690 1.600908 -0.056270
v 0.172823 1.616623 -0.049632
v 0.151418 1.627382 -0.043829
v 0.066589 1.592678 -0.120836
v 0.125109 1.589684 -0.109876
v 0.177971 1.583826 -0.092435
v 0.178678 1.300519 0.039447
v 0.186040 1.306125 -0.014127
v 0.182235 1.312119 -0.069299
v -0.001232 0.782595 -0.108161
v -0.000033 0.760265 -0.028995
v 0.001247 0.770121 0.050926
v 0.173028 0.952067 -0.160155
v 0.126594 0.945562 -0.181887
v 0.073717 0.922518 -0.193539
v 0.086993 0.892112 0.152483
v 0.146522 0.915331 0.147115
v 0.196671 0.925184 0.127026
v 0.250618 0.933699 0.041130
v 0.251794 0.939554 -0.017036
v 0.238574 0.944439 -0.075730
v 0.174768 1.082316 -0.114383
v 0.187745 1.032052 -0.118550
v 0.200392 0.985778 -0.122870
v 0.002510 1.165400 -0.184244
v 0.003217 1.212383 -0.181677
v 0.003913 1.255397 -0.179286
v 0.001931 1.023713 0.161944
v 0.002347 0.973962 0.160466
v 0.002690 0.919501 0.155992
v 0.162159 1.156778 0.101429
v 0.156277 1.206185 0.095356
v 0.155921 1.251900 0.089539
v 0.246266 0.991326 0.161157
v 0.245369 0.979795 0.167453
v 0.245930 0.971989 0.172638
v 0.261461 0.937569 0.139638
v 0.255151 0.945434 0.150811
v 0.250445 0.954477 0.163816
v 0.248114 0.822215 0.027325
v 0.248406 0.827586 -0.027008
v 0.235085 0.832580 -0.081317
v 0.287874 0.997330 0.173079
v 0.286920 0.985707 0.178181
v 0.284299 0.977354 0.181536
v 0.045286 0.767203 -0.155880
v 0.064975 0.676209 -0.137659
v 0.073283 0.576336 -0.125708
v 0.240606 0.906045 0.087226
v 0.243373 0.887211 0.084084
v 0.240192 0.860900 0.080257
v 0.215783 0.880449 -0.129447
v 0.219507 0.906890 -0.129387
v 0.217414 0.925835 -0.128573
v 0.061870 0.469044 -0.079108
v 0.063365 0.467448 -0.031842
v 0.073861 0.466267 0.014583
v 0.142815 0.474230 -0.131673
v 0.115228 0.473464 -0.141847
v 0.089570 0.472268 -0.137860
v 0.116678 0.466321 0.066761
v 0.143534 0.467549 0.065852
v 0.168458 0.469179 0.050782
v 0.196154 0.472340 -0.007973
v 0.195390 0.473471 -0.044156
v 0.185627 0.474208 -0.079498
v 0.178242 0.844041 -0.157875
v 0.139041 0.849151 -0.176670
v 0.089142 0.854384 -0.186608
v 0.189602 0.572795 0.036901
v 0.197538 0.669282 0.049868
v 0.212158 0.753237 0.062770
v 0.261832 0.909042 0.158830
v 0.264018 0.915511 0.150131
v 0.266578 0.923610 0.140702
v 0.168741 0.579947 -0.117550
v 0.175291 0.680262 -0.123569
v 0.188672 0.768263 -0.127266
v 0.074149 0.020137 -0.075066
v 0.070646 0.015965 -0.037181
v 0.075188 0.009684 0.004735
v 0.140805 0.022027 -0.117531
v 0.119993 0.022605 -0.123690
v 0.100581 0.022771 -0.119803
v 0.121457 0.007032 0.056347
v 0.151555 0.011326 0.049828
v 0.179870 0.014008 0.034698
v 0.200445 0.020000 -0.028340
v 0.191323 0.022113 -0.058087
v 0.177792 0.022275 -0.083209
v 0.175503 0.081196 -0.009047
v 0.180127 0.052465 -0.007937
v 0.188607 0.033039 -0.002831
v 0.161929 0.189790 -0.091900
v 0.165948 0.273848 -0.096056
v 0.168593 0.370489 -0.102210
v 0.096950 0.191469 -0.095846
v 0.094169 0.275402 -0.100658
v 0.086066 0.370512 -0.107868
v 0.098030 0.076563 0.011481
v 0.095245 0.045743 0.015924
v 0.092961 0.023856 0.026624
v 0.249295 1.538579 -0.083439
v 0.261943 1.502225 -0.093178
v 0.262124 1.463848 -0.098517
v 0.000676 1.288012 0.154981
v 0.000308 1.329309 0.153918
v -0.000046 1.370703 0.152512
v 0.214618 1.537333 0.103936
v 0.204498 1.509638 0.101824
v 0.186671 1.477865 0.089829
v 0.004298 1.559089 -0.134950
v 0.004510 1.520125 -0.145659
v 0.004704 1.479869 -0.156468
v 0.093989 1.475821 -0.174023
v 0.163270 1.483915 -0.164619
v 0.211682 1.467036 -0.139486
v 0.216971 1.389335 -0.056102
v 0.196930 1.385859 -0.016908
v 0.178288 1.396898 0.022739
v 0.129819 1.478953 0.076116
v 0.097416 1.485279 0.095815
v 0.055649 1.462208 0.121287
v 0.302184 1.400648 0.021238
v 0.286587 1.404946 0.051487
v 0.266485 1.407762 0.078373
v 0.258842 1.464102 0.090573
v 0.260336 1.506988 0.086799
v 0.248312 1.539944 0.085976
v 0.275439 1.541642 -0.048857
v 0.301187 1.503159 -0.035089
v 0.312136 1.455447 -0.022277
v 0.266561 0.989045 0.095274
v 0.258513 0.998343 0.110438
v 0.252675 1.007143 0.128888
v 0.311190 0.995463 0.109973
v 0.306962 1.005317 0.126246
v 0.299093 1.013839 0.143843
v 0.256047 1.026018 0.157591
v 0.265112 1.030687 0.161743
v 0.275581 1.028856 0.163904
v 0.306133 0.980158 0.086198
v 0.297631 0.977066 0.080565
v 0.287160 0.977430 0.079886
v 0.242494 1.140515 0.095302
v 0.250662 1.089978 0.106098
v 0.252901 1.046827 0.124498
v 0.279809 1.115488 0.018972
v 0.282490 1.060840 0.037498
v 0.280682 1.015380 0.060395
v 0.322007 1.122612 0.039175
v 0.321899 1.066862 0.054317
v 0.317580 1.020774 0.074364
v 0.257316 0.906424 0.170284
v 0.254019 0.909656 0.176875
v 0.252071 0.914907 0.182469
v 0.271963 0.908586 0.174713
v 0.269496 0.911921 0.181383
v 0.267002 0.917068 0.186598
v 0.253259 0.919215 0.188888
v 0.256664 0.919214 0.191109
v 0.261218 0.920355 0.190981
v 0.270774 0.904278 0.168294
v 0.266851 0.902363 0.167149
v 0.263100 0.903137 0.165901
v 0.289516 0.926985 0.147553
v 0.283681 0.918409 0.156050
v 0.277946 0.911425 0.163748
v 0.270659 0.939018 0.123391
v 0.272108 0.947688 0.114316
v 0.273818 0.960821 0.102167
v 0.275422 0.953691 0.184569
v 0.271424 0.940424 0.186606
v 0.267709 0.929207 0.188537
v 0.249969 0.950157 0.178906
v 0.250461 0.937479 0.181622
v 0.250902 0.926818 0.184294
v 0.193974 1.365245 0.060900
v 0.209695 1.309799 0.065702
v 0.220428 1.253575 0.076527
v 0.290726 1.052436 0.138784
v 0.290060 1.096056 0.123073
v 0.283989 1.147573 0.115336
v 0.253203 1.349336 -0.060989
v 0.261192 1.293017 -0.039085
v 0.267426 1.235713 -0.017337
v 0.287817 1.201281 0.099931
v 0.302211 1.196497 0.077839
v 0.312441 1.190883 0.053501
v 0.312322 1.180619 0.013349
v 0.301989 1.177279 0.002661
v 0.287521 1.175730 -0.000022
v 0.255016 1.179497 0.022534
v 0.241129 1.184331 0.044894
v 0.231407 1.189996 0.069500
v 0.231526 1.200260 0.109653
v 0.241352 1.203549 0.120073
v 0.255313 1.205047 0.122488
v 0.087622 -0.034046 -0.077712
v 0.086370 -0.039890 -0.045448
v 0.089933 -0.046922 -0.005186
v 0.140961 -0.031824 -0.105788
v 0.121807 -0.033322 -0.108253
v 0.103625 -0.032283 -0.104167
v 0.120534 -0.059542 0.028598
v 0.147538 -0.058845 0.018931
v 0.174665 -0.053810 0.010063
v 0.185929 -0.038978 -0.031030
v 0.174522 -0.035024 -0.061849
v 0.163461 -0.031687 -0.086017
v 0.083125 0.006963 -0.107167
v 0.083529 -0.008276 -0.107331
v 0.086819 -0.021502 -0.103087
v 0.084332 -0.046008 0.044330
v 0.078759 -0.032768 0.048674
v 0.080781 -0.017116 0.050397
v 0.215077 -0.002792 0.004213
v 0.217307 -0.018241 0.001195
v 0.211525 -0.032667 0.000763
v 0.158382 -0.021028 -0.104875
v 0.160987 -0.008301 -0.107525
v 0.161696 0.006704 -0.106615
v 0.163462 -0.049830 0.155810
v 0.184400 -0.048706 0.150201
v 0.203614 -0.047003 0.138906
v 0.163445 -0.077273 0.151045
v 0.184417 -0.077448 0.145216
v 0.203598 -0.074446 0.134140
v 0.145044 -0.071968 0.159920
v 0.143731 -0.065702 0.164849
v 0.145074 -0.057475 0.162440
v 0.222016 -0.052309 0.130030
v 0.225086 -0.060452 0.130568
v 0.221986 -0.066802 0.127511
v 0.209832 -0.005230 0.048900
v 0.214845 -0.021613 0.082387
v 0.216751 -0.035727 0.109959
v 0.216658 -0.066566 0.104454
v 0.213992 -0.060177 0.075456
v 0.207049 -0.052341 0.040703
v 0.136450 -0.073391 0.137913
v 0.122430 -0.069173 0.112702
v 0.109267 -0.062856 0.078278
v 0.136343 -0.042570 0.143442
v 0.121725 -0.030862 0.120252
v 0.106913 -0.016655 0.088748
v 0.186471 0.368356 0.014616
v 0.182587 0.273368 0.005103
v 0.177845 0.190989 -0.002674
v 0.159493 0.034641 -0.098403
v 0.158023 0.051689 -0.093792
v 0.157427 0.079196 -0.090524
v 0.087826 0.035051 -0.099911
v 0.091129 0.052240 -0.095992
v 0.094171 0.079999 -0.093391
v 0.103214 0.366510 0.038731
v 0.106624 0.272451 0.027340
v 0.105022 0.189555 0.017570
v 0.088362 0.124595 -0.069741
v 0.086009 0.124148 -0.039898
v 0.090030 0.123753 -0.010781
v 0.118725 0.124276 0.020772
v 0.139727 0.125140 0.019178
v 0.159765 0.125942 0.008812
v 0.142837 0.123554 -0.103331
v 0.125738 0.123980 -0.109505
v 0.109586 0.124497 -0.106916
v 0.180915 0.125963 -0.028374
v 0.179361 0.125125 -0.050438
v 0.171466 0.124183 -0.071782
v 0.104493 1.630982 0.078708
v 0.073916 1.631269 0.088812
v 0.038652 1.631015 0.094151
v 0.144331 1.632530 -0.012893
v 0.147798 1.630905 0.014353
v 0.142435 1.630278 0.040604
v 0.080702 1.685118 0.043925
v 0.082982 1.705850 0.046399
v 0.089319 1.730945 0.051552
v 0.041978 1.644029 -0.083570
v 0.077982 1.641859 -0.074073
v 0.108673 1.638591 -0.058808
v 0.147671 1.621288 0.069220
v 0.167856 1.608873 0.075846
v 0.189463 1.591956 0.082872
v 0.003784 1.615546 -0.115599
v 0.003505 1.630319 -0.106557
v 0.003236 1.638905 -0.097185
v 0.000493 1.617755 0.106191
v 0.000233 1.601931 0.116512
v -0.000046 1.581070 0.126336
v 0.075914 1.750371 0.074169
v 0.051637 1.744982 0.080996
v 0.026839 1.743219 0.084912
v 0.102865 1.755895 -0.000545
v 0.107668 1.756678 0.017973
v 0.107653 1.759139 0.037587
v 0.121187 1.797625 0.053225
v 0.132215 1.825951 0.050187
v 0.140002 1.855358 0.049413
v 0.028518 1.759629 -0.050799
v 0.053701 1.758389 -0.043413
v 0.075532 1.757086 -0.032045
v 0.001458 1.658558 0.069344
v 0.001275 1.648747 0.076591
v 0.001033 1.639715 0.085654
v 0.001917 1.692105 -0.044113
v 0.001833 1.711853 -0.043993
v 0.001750 1.734860 -0.047237
v 0.090989 1.658503 -0.019842
v 0.102127 1.649457 -0.025420
v 0.115934 1.642128 -0.031725
v 0.146128 1.886251 0.062021
v 0.146714 1.886660 0.069924
v 0.144798 1.886871 0.076161
v 0.128622 1.882026 -0.018847
v 0.137021 1.883156 0.006333
v 0.141532 1.884410 0.030130
v 0.034688 1.881827 -0.083080
v 0.065796 1.881415 -0.074784
v 0.093011 1.881145 -0.061098
v 0.286818 0.959604 0.172614
v 0.292095 0.950737 0.160626
v 0.294931 0.942444 0.149177
v 0.001653 1.788088 -0.061864
v 0.001646 1.817599 -0.071126
v 0.001640 1.848933 -0.079624
v 0.111712 1.847957 -0.037005
v 0.106252 1.815708 -0.030439
v 0.099345 1.784946 -0.023589
v 0.089032 2.009265 0.070673
v 0.061336 2.018912 0.074941
v 0.031962 2.023572 0.078580
v 0.099541 1.992995 -0.017864
v 0.104832 1.996992 0.007336
v 0.109735 1.996899 0.036402
v 0.001693 2.029591 0.046284
v 0.001677 2.028939 0.010185
v 0.001662 2.021534 -0.024176
v 0.030897 2.004823 -0.051632
v 0.057884 2.000923 -0.047801
v 0.080299 1.994369 -0.041236
v 0.001634 1.917251 -0.087237
v 0.001636 1.951492 -0.083124
v 0.001641 1.982026 -0.072098
v 0.101569 1.971611 -0.039958
v 0.108692 1.946101 -0.044194
v 0.113269 1.914945 -0.044841
v 0.130871 1.968412 0.055447
v 0.139440 1.943561 0.050973
v 0.143878 1.915434 0.049583
v 0.259550 0.998202 0.213654
v 0.260035 0.995819 0.214640
v 0.260233 0.992974 0.213905
v 0.240931 0.995637 0.209696
v 0.240573 0.993198 0.211062
v 0.241815 0.990542 0.210956
v 0.246617 0.988796 0.212037
v 0.251198 0.989333 0.213487
v 0.256254 0.990047 0.213380
v 0.135345 1.887296 0.096639
v 0.127615 1.887602 0.112234
v 0.116615 1.887892 0.128773
v 0.291064 0.930781 0.132169
v 0.284799 0.928441 0.128187
v 0.277046 0.928704 0.127855
v 0.057173 0.749974 0.099432
v 0.081603 0.664130 0.078677
v 0.093150 0.568117 0.063287
v 0.001719 1.788864 0.140622
v 0.001700 1.773802 0.121856
v 0.001686 1.758920 0.102684
v 0.109724 1.988454 0.094233
v 0.104625 1.981535 0.114654
v 0.098546 1.972666 0.130470
v 0.070972 1.807520 0.144055
v 0.051444 1.805833 0.150320
v 0.027665 1.805350 0.154459
v 0.089029 1.822163 0.140949
v 0.094813 1.841092 0.143244
v 0.098886 1.863728 0.144067
v 0.081086 1.888134 0.156236
v 0.056860 1.888077 0.164950
v 0.029971 1.887986 0.170192
v 0.001747 1.951430 0.166736
v 0.001748 1.931023 0.170391
v 0.001749 1.909736 0.171726
v 0.001749 1.865823 0.171952
v 0.001748 1.844237 0.170367
v 0.001746 1.823855 0.165566
v 0.079326 1.967597 0.146375
v 0.057758 1.969656 0.153109
v 0.031057 1.970482 0.157811
v 0.097382 1.952856 0.142046
v 0.101125 1.934288 0.143506
v 0.102277 1.912127 0.144026
v 0.103058 0.827100 0.141800
v 0.160420 0.822261 0.133920
v 0.203826 0.819655 0.111804
v 0.306234 0.965573 0.112612
v 0.302421 0.952166 0.123801
v 0.298840 0.943180 0.131984
v 0.001721 2.015842 0.108425
v 0.001731 2.003396 0.130846
v 0.001738 1.988107 0.147759
v 0.113494 1.638950 0.056630
v 0.100447 1.647070 0.051023
v 0.089868 1.656381 0.046506
v 0.001653 1.724443 0.074373
v 0.001636 1.705247 0.067265
v 0.001618 1.686833 0.064219
v 0.002668 1.649648 -0.075883
v 0.002403 1.655988 -0.064808
v 0.002186 1.664462 -0.055079
v 0.086481 1.730030 -0.013264
v 0.082532 1.706728 -0.011557
v 0.081163 1.686735 -0.012376
v 0.091986 1.669285 -0.000580
v 0.094801 1.668491 0.015303
v 0.091552 1.668198 0.030495
v 0.026154 1.675754 -0.045578
v 0.048731 1.674283 -0.038940
v 0.068209 1.672407 -0.028760
v 0.067325 1.668984 0.053342
v 0.047893 1.669766 0.059903
v 0.025487 1.670447 0.063578
v 0.130121 1.966328 0.078695
v 0.137645 1.941928 0.083205
v 0.141137 1.915196 0.084634
v 0.118945 1.802017 0.073798
v 0.129431 1.830207 0.079662
v 0.136800 1.858468 0.082822
v 0.087972 1.801930 0.127031
v 0.092763 1.791538 0.109705
v 0.096952 1.780217 0.088735
v 0.244910 0.998564 0.210221
v 0.249411 0.999684 0.212215
v 0.254748 0.999948 0.212574
v 0.273530 0.979575 0.193929
v 0.268457 0.985396 0.201904
v 0.263672 0.988871 0.208387
v 0.243796 0.986272 0.205444
v 0.244631 0.982247 0.198064
v 0.246156 0.975889 0.188900
v 0.242433 0.997130 0.202024
v 0.243713 0.998053 0.191531
v 0.246154 1.001836 0.176040
v 0.262833 1.000034 0.207232
v 0.268729 1.001659 0.198428
v 0.276295 1.006214 0.184922
v 0.158561 1.280557 -0.119793
v 0.153759 1.236613 -0.118373
v 0.154618 1.187342 -0.115166
v -0.001362 0.951951 -0.198931
v -0.000258 1.010628 -0.196280
v 0.000797 1.064299 -0.191816
v 0.001167 1.204834 0.157304
v 0.001277 1.162115 0.158772
v 0.001382 1.117514 0.160440
v 0.220634 0.963059 0.095617
v 0.205504 1.006766 0.100501
v 0.189785 1.054716 0.104595
v 0.189954 1.114074 0.059960
v 0.192500 1.122715 0.002134
v 0.183332 1.128973 -0.057583
v 0.053006 1.074885 0.160690
v 0.101284 1.083161 0.154294
v 0.143100 1.093290 0.138144
v 0.132971 1.130568 -0.147690
v 0.094310 1.125857 -0.171665
v 0.049691 1.120084 -0.184311
v 0.194604 1.416969 0.089071
v 0.212530 1.410759 0.101273
v 0.228406 1.409123 0.104491
v 0.261360 1.259011 0.104224
v 0.252498 1.312328 0.096904
v 0.246635 1.362761 0.094463
v 0.308263 1.393201 -0.032826
v 0.297238 1.393860 -0.053436
v 0.277696 1.400343 -0.071446
v 0.306748 1.347594 -0.006969
v 0.307801 1.295476 0.000199
v 0.311573 1.240931 0.013064
v -0.292227 0.949462 0.149301
v -0.299829 0.949909 0.151442
v -0.308180 0.951363 0.150071
v -0.137098 1.319645 -0.156445
v -0.098879 1.315587 -0.174449
v -0.050549 1.307174 -0.180772
v -0.204437 1.425208 -0.125893
v -0.182000 1.404406 -0.132863
v -0.168062 1.368784 -0.132525
v -0.144156 1.429366 0.037716
v -0.137409 1.400714 0.041485
v -0.142544 1.354502 0.055885
v -0.167364 1.569101 0.103482
v -0.116867 1.567016 0.117686
v -0.060919 1.561803 0.128403
v -0.233638 1.582119 -0.032663
v -0.236069 1.581255 0.007718
v -0.230733 1.576948 0.046634
v -0.049609 1.259330 0.147516
v -0.094935 1.272563 0.133879
v -0.132344 1.284350 0.112016
v -0.190672 1.602157 -0.063029
v -0.167112 1.617599 -0.055087
v -0.146016 1.628092 -0.048209
v -0.058315 1.593109 -0.122893
v -0.117081 1.590534 -0.114062
v -0.170545 1.585055 -0.098751
v -0.177480 1.300336 0.032912
v -0.183559 1.306376 -0.021120
v -0.178294 1.312870 -0.076364
v -0.167889 0.950585 -0.155724
v -0.124216 0.944199 -0.176318
v -0.074969 0.921741 -0.188995
v -0.084486 0.893713 0.156335
v -0.147285 0.918481 0.151531
v -0.200157 0.929595 0.130111
v -0.253101 0.937560 0.040913
v -0.251395 0.941885 -0.017338
v -0.235155 0.945126 -0.075352
v -0.170416 1.082069 -0.115461
v -0.182830 1.031614 -0.118874
v -0.194882 0.985137 -0.122143
v -0.161391 1.157270 0.098969
v -0.155689 1.206243 0.091837
v -0.155499 1.251625 0.084946
v -0.281305 0.980590 0.132835
v -0.281460 0.967790 0.135918
v -0.282877 0.958930 0.138683
v -0.292207 0.934985 0.095619
v -0.287992 0.939395 0.109378
v -0.285683 0.944528 0.124914
v -0.250998 0.826299 0.031524
v -0.248129 0.830065 -0.022783
v -0.231705 0.833394 -0.076280
v -0.324389 0.984976 0.138661
v -0.324278 0.972395 0.140596
v -0.322239 0.963355 0.142020
v -0.046114 0.766541 -0.146981
v -0.064036 0.675493 -0.122354
v -0.072413 0.575961 -0.105508
v -0.245613 0.911231 0.088411
v -0.248572 0.892520 0.085913
v -0.245622 0.866295 0.083285
v -0.209498 0.879686 -0.124894
v -0.213164 0.906090 -0.126137
v -0.211140 0.925005 -0.126075
v -0.063847 0.468782 -0.054909
v -0.066655 0.466988 -0.007711
v -0.078424 0.465866 0.038410
v -0.143139 0.476492 -0.109589
v -0.115331 0.475010 -0.119021
v -0.089845 0.473080 -0.114356
v -0.122610 0.466863 0.089425
v -0.149386 0.468853 0.087806
v -0.173841 0.471261 0.072085
v -0.199848 0.475502 0.012626
v -0.198074 0.476790 -0.023522
v -0.187335 0.477420 -0.058589
v -0.173196 0.842657 -0.149686
v -0.136660 0.847826 -0.168438
v -0.090280 0.853603 -0.180604
v -0.192467 0.575798 0.056698
v -0.200053 0.672809 0.066443
v -0.215691 0.757586 0.074223
v -0.295773 0.902478 0.106239
v -0.296440 0.911077 0.099318
v -0.297355 0.921455 0.092071
v -0.166176 0.581902 -0.097009
v -0.170428 0.681278 -0.106035
v -0.182696 0.768383 -0.114576
v -0.090765 0.015393 -0.054238
v -0.084886 0.020253 -0.016987
v -0.085440 0.027864 0.024714
v -0.158818 0.012190 -0.093545
v -0.138247 0.011191 -0.100520
v -0.118655 0.011626 -0.097516
v -0.125258 0.046957 0.077789
v -0.156041 0.049373 0.073211
v -0.185912 0.047353 0.060885
v -0.213325 0.031097 0.000530
v -0.206805 0.024030 -0.030487
v -0.194730 0.018382 -0.057052
v -0.188961 0.087274 0.006744
v -0.193029 0.062296 0.009907
v -0.200093 0.048461 0.019546
v -0.171298 0.192527 -0.071971
v -0.172829 0.276680 -0.075732
v -0.172590 0.373377 -0.081403
v -0.106239 0.192396 -0.074201
v -0.100976 0.276241 -0.078446
v -0.090016 0.371119 -0.084881
v -0.111405 0.082616 0.027037
v -0.107198 0.058118 0.031164
v -0.102330 0.045297 0.043653
v -0.243468 1.542506 -0.093138
v -0.257530 1.508346 -0.104112
v -0.260013 1.471769 -0.110761
v -0.214938 1.538498 0.095040
v -0.205813 1.510900 0.092293
v -0.189394 1.479183 0.079493
v -0.084706 1.478230 -0.177676
v -0.156003 1.488721 -0.171731
v -0.207877 1.474049 -0.149821
v -0.220665 1.396160 -0.069880
v -0.201800 1.390882 -0.030361
v -0.183719 1.400211 0.009950
v -0.131344 1.478608 0.067994
v -0.097337 1.484228 0.090515
v -0.055335 1.461374 0.118660
v -0.308078 1.410498 0.005392
v -0.292985 1.413332 0.036064
v -0.273377 1.414557 0.063431
v -0.262834 1.468292 0.077487
v -0.261980 1.510058 0.075087
v -0.248385 1.541886 0.075754
v -0.271131 1.545617 -0.059715
v -0.299395 1.509495 -0.047803
v -0.313511 1.464084 -0.036697
v -0.289750 0.996422 0.066234
v -0.284529 1.001101 0.084455
v -0.282057 1.004532 0.105290
v -0.336296 1.000606 0.074292
v -0.335034 1.005687 0.093063
v -0.330411 1.008991 0.113359
v -0.290500 1.015382 0.136951
v -0.300177 1.019172 0.140585
v -0.310853 1.017272 0.140371
v -0.327075 0.991843 0.048538
v -0.317702 0.989984 0.043820
v -0.307276 0.990082 0.045052
v -0.260546 1.145688 0.080827
v -0.272842 1.093572 0.093390
v -0.280082 1.045858 0.108522
v -0.296399 1.129671 0.001269
v -0.299690 1.076548 0.018611
v -0.299620 1.029586 0.036060
v -0.338461 1.137290 0.020637
v -0.339657 1.082141 0.032842
v -0.337608 1.033813 0.046019
v -0.293316 0.896778 0.117190
v -0.291240 0.898039 0.124861
v -0.290329 0.901563 0.131890
v -0.308523 0.898307 0.119474
v -0.307280 0.899681 0.127107
v -0.305764 0.903182 0.133841
v -0.292646 0.904091 0.138921
v -0.296386 0.903650 0.140449
v -0.300854 0.904970 0.139855
v -0.306207 0.895779 0.112443
v -0.302134 0.894070 0.111519
v -0.298226 0.894989 0.111176
v -0.321156 0.923862 0.095564
v -0.316850 0.913134 0.102358
v -0.312512 0.904153 0.108796
v -0.298429 0.941001 0.079013
v -0.298315 0.951792 0.072442
v -0.297946 0.967700 0.064087
v -0.313900 0.939378 0.140159
v -0.310247 0.925887 0.139267
v -0.306866 0.914412 0.138768
v -0.287830 0.936404 0.138179
v -0.288720 0.923487 0.137324
v -0.289563 0.912526 0.136969
v -0.201611 1.368048 0.045549
v -0.219621 1.313033 0.047702
v -0.232770 1.257034 0.056186
v -0.319006 1.050291 0.118727
v -0.312790 1.099222 0.107815
v -0.301890 1.153242 0.100076
v -0.259813 1.358001 -0.077383
v -0.271636 1.301727 -0.057553
v -0.281484 1.244505 -0.037682
v -0.302200 1.207853 0.078832
v -0.317280 1.204603 0.056920
v -0.328295 1.200371 0.032645
v -0.329555 1.191455 -0.007809
v -0.319641 1.187909 -0.018823
v -0.305339 1.185659 -0.021871
v -0.272227 1.186884 0.000075
v -0.257645 1.190204 0.022268
v -0.247129 1.194506 0.046824
v -0.245868 1.203422 0.087277
v -0.255284 1.206898 0.098011
v -0.269088 1.209079 0.100779
v -0.105187 -0.037646 -0.043130
v -0.101568 -0.034804 -0.008109
v -0.100842 -0.027340 0.034863
v -0.159672 -0.039151 -0.070875
v -0.140650 -0.041507 -0.073979
v -0.122238 -0.040079 -0.071124
v -0.126405 -0.023004 0.075974
v -0.154453 -0.025193 0.069367
v -0.182530 -0.022995 0.061881
v -0.199051 -0.025391 0.016011
v -0.190782 -0.032191 -0.018755
v -0.181435 -0.035354 -0.047035
v -0.101006 -0.002184 -0.082919
v -0.101749 -0.017305 -0.080141
v -0.105131 -0.029535 -0.073198
v -0.088777 -0.006195 0.081770
v -0.082998 0.006980 0.080353
v -0.085049 0.021772 0.076564
v -0.224012 0.022610 0.041483
v -0.226386 0.007550 0.044446
v -0.220508 -0.005913 0.048834
v -0.176821 -0.027878 -0.071564
v -0.179268 -0.015685 -0.076821
v -0.179601 -0.000606 -0.078993
v -0.154531 0.034835 0.194707
v -0.175973 0.034614 0.191343
v -0.196348 0.032780 0.182332
v -0.154940 0.007578 0.200427
v -0.176436 0.006071 0.197342
v -0.196757 0.005523 0.188052
v -0.135676 0.015069 0.204705
v -0.133841 0.022651 0.206806
v -0.135481 0.029465 0.201690
v -0.215612 0.025289 0.178053
v -0.218568 0.018034 0.181879
v -0.215807 0.010893 0.181069
v -0.214068 0.035660 0.083691
v -0.215059 0.033275 0.121371
v -0.213356 0.031459 0.152513
v -0.213395 0.001729 0.158869
v -0.214238 -0.003567 0.129165
v -0.211376 -0.009492 0.093134
v -0.129645 0.005273 0.183982
v -0.118602 -0.000643 0.157642
v -0.109448 -0.007928 0.122109
v -0.129413 0.034962 0.177705
v -0.117851 0.036002 0.150471
v -0.106889 0.036715 0.114679
v -0.193669 0.371278 0.034168
v -0.192171 0.276348 0.023925
v -0.189510 0.193974 0.015841
v -0.175662 0.030553 -0.077227
v -0.172903 0.050071 -0.074975
v -0.170788 0.079759 -0.072721
v -0.103968 0.029165 -0.080437
v -0.105967 0.048881 -0.077632
v -0.107472 0.078856 -0.074949
v -0.111186 0.366908 0.060950
v -0.116913 0.273084 0.048818
v -0.117363 0.190261 0.038609
v -0.100242 0.125160 -0.048338
v -0.098696 0.124522 -0.018519
v -0.103484 0.124158 0.010409
v -0.132914 0.125539 0.040993
v -0.153803 0.127089 0.038736
v -0.173521 0.128522 0.027756
v -0.153796 0.125841 -0.083306
v -0.136532 0.125817 -0.089018
v -0.120447 0.125864 -0.085995
v -0.193763 0.129040 -0.009869
v -0.191687 0.128142 -0.031723
v -0.183259 0.127056 -0.052695
v -0.102483 1.631185 0.075899
v -0.072183 1.631389 0.086866
v -0.037092 1.631070 0.093162
v -0.139914 1.632957 -0.016748
v -0.144101 1.631297 0.010365
v -0.139428 1.630628 0.036729
v -0.077441 1.685118 0.043507
v -0.079688 1.705850 0.046134
v -0.085987 1.730945 0.051447
v -0.035973 1.644160 -0.084519
v -0.072103 1.642115 -0.075964
v -0.103103 1.638957 -0.061567
v -0.145466 1.621795 0.064832
v -0.165979 1.609545 0.070433
v -0.188049 1.592751 0.076230
v -0.072517 1.750371 0.074215
v -0.048251 1.744982 0.081014
v -0.023467 1.743219 0.084914
v -0.099520 1.755895 -0.000455
v -0.104306 1.756678 0.018068
v -0.104274 1.759139 0.037682
v -0.117794 1.797624 0.053331
v -0.128825 1.825951 0.050303
v -0.136612 1.855357 0.049536
v -0.025204 1.759629 -0.050780
v -0.050387 1.758389 -0.043373
v -0.072212 1.757086 -0.031984
v -0.087027 1.658612 -0.021027
v -0.097843 1.649677 -0.027216
v -0.111272 1.642462 -0.034277
v -0.142727 1.886251 0.062149
v -0.143307 1.886660 0.070053
v -0.141385 1.886871 0.076288
v -0.125294 1.882027 -0.018734
v -0.133670 1.883156 0.006453
v -0.138160 1.884410 0.030255
v -0.031416 1.881827 -0.083051
v -0.062517 1.881415 -0.074726
v -0.089720 1.881145 -0.061017
v -0.323061 0.948669 0.128432
v -0.326111 0.943463 0.113811
v -0.326856 0.938570 0.100269
v -0.108400 1.847956 -0.036907
v -0.102934 1.815708 -0.030346
v -0.096021 1.784946 -0.023502
v -0.085624 2.009265 0.070750
v -0.057924 2.018912 0.074994
v -0.028547 2.023572 0.078607
v -0.096212 1.992995 -0.017777
v -0.101481 1.996992 0.007428
v -0.106357 1.996899 0.036498
v -0.027598 2.004823 -0.051606
v -0.054582 2.000923 -0.047751
v -0.076990 1.994369 -0.041167
v -0.098259 1.971611 -0.039870
v -0.105386 1.946100 -0.044099
v -0.109963 1.914945 -0.044742
v -0.127476 1.968412 0.055562
v -0.136050 1.943561 0.051095
v -0.140488 1.915435 0.049710
v -0.303604 0.974063 0.182230
v -0.304241 0.971527 0.182454
v -0.304292 0.968983 0.180970
v -0.284565 0.971858 0.180963
v -0.284439 0.969135 0.181676
v -0.285629 0.966651 0.180662
v -0.290536 0.964883 0.180410
v -0.295303 0.965210 0.181149
v -0.300266 0.966134 0.180376
v -0.131914 1.887296 0.096757
v -0.124170 1.887602 0.112346
v -0.113155 1.887892 0.128875
v -0.320010 0.931603 0.081699
v -0.313132 0.930129 0.078366
v -0.305442 0.930151 0.079440
v -0.053775 0.749254 0.108152
v -0.080263 0.663305 0.093624
v -0.094716 0.567578 0.082957
v -0.106295 1.988454 0.094329
v -0.101178 1.981535 0.114745
v -0.095085 1.972666 0.130556
v -0.067499 1.807520 0.144117
v -0.047966 1.805833 0.150364
v -0.024182 1.805350 0.154482
v -0.085558 1.822163 0.141027
v -0.091340 1.841092 0.143327
v -0.095413 1.863728 0.144153
v -0.077602 1.888134 0.156306
v -0.053368 1.888077 0.164999
v -0.026474 1.887986 0.170217
v -0.075851 1.967597 0.146444
v -0.054277 1.969656 0.153159
v -0.027572 1.970482 0.157837
v -0.093910 1.952856 0.142131
v -0.097652 1.934288 0.143594
v -0.098804 1.912127 0.144115
v -0.101261 0.828812 0.147204
v -0.162153 0.825629 0.141000
v -0.208333 0.824369 0.118477
v -0.331715 0.970885 0.069743
v -0.329845 0.954878 0.077472
v -0.327702 0.943929 0.083476
v -0.110747 1.639197 0.054083
v -0.097468 1.647244 0.049264
v -0.086738 1.656473 0.045387
v -0.083061 1.730030 -0.013390
v -0.079030 1.706728 -0.011866
v -0.077574 1.686735 -0.012863
v -0.088428 1.669285 -0.001314
v -0.091375 1.668491 0.014571
v -0.088243 1.668199 0.029813
v -0.022160 1.675755 -0.045800
v -0.044813 1.674283 -0.039357
v -0.064395 1.672407 -0.029334
v -0.064158 1.668984 0.052912
v -0.044740 1.669766 0.059637
v -0.022324 1.670447 0.063459
v -0.126705 1.966328 0.078809
v -0.134225 1.941928 0.083325
v -0.137717 1.915195 0.084758
v -0.115534 1.802017 0.073902
v -0.126015 1.830207 0.079775
v -0.133381 1.858468 0.082942
v -0.084514 1.801930 0.127108
v -0.089320 1.791538 0.109786
v -0.093528 1.780217 0.088820
v -0.288591 0.974707 0.181557
v -0.293377 0.975452 0.182980
v -0.298697 0.975832 0.182482
v -0.313816 0.961820 0.156205
v -0.310247 0.965145 0.166176
v -0.306690 0.966607 0.174063
v -0.286591 0.964054 0.173963
v -0.286100 0.962132 0.165752
v -0.285964 0.958456 0.155114
v -0.284711 0.975363 0.173818
v -0.284140 0.979044 0.163883
v -0.283855 0.986838 0.149761
v -0.305723 0.977641 0.176058
v -0.309996 0.981748 0.167127
v -0.315108 0.989977 0.154221
v -0.153488 1.281326 -0.125162
v -0.149084 1.237003 -0.122420
v -0.150383 1.187451 -0.117891
v -0.224050 0.967144 0.095435
v -0.207468 1.009855 0.099579
v -0.190273 1.056781 0.103224
v -0.188397 1.114819 0.058343
v -0.190210 1.123162 0.000433
v -0.180258 1.129136 -0.059195
v -0.050740 1.075195 0.160893
v -0.099658 1.083772 0.154290
v -0.141963 1.094158 0.137575
v -0.128877 1.130378 -0.148493
v -0.090221 1.125667 -0.172022
v -0.045804 1.119970 -0.184390
v -0.201082 1.419631 0.076142
v -0.219693 1.414096 0.087657
v -0.235791 1.413301 0.090413
v -0.273277 1.264158 0.084662
v -0.262613 1.317466 0.079102
v -0.255185 1.367947 0.078376
v -0.313091 1.404351 -0.048937
v -0.301352 1.404703 -0.069222
v -0.280839 1.410465 -0.086512
v -0.314798 1.358398 -0.024103
v -0.318638 1.306207 -0.018102
v -0.325279 1.251572 -0.006495
v 0.208331 1.593832 0.052630
v 0.215412 1.596470 0.016152
v 0.212509 1.598448 -0.021776
v 0.185169 1.609078 0.048400
v 0.191831 1.610617 0.015495
v 0.188106 1.612998 -0.018621
v 0.163237 1.620999 0.044360
v 0.169240 1.621922 0.014855
v 0.165436 1.624026 -0.015734
v 0.157667 1.498073 0.094860
v 0.171081 1.522121 0.107310
v 0.175048 1.546113 0.112067
v 0.116025 1.502455 0.109383
v 0.124543 1.523958 0.118614
v 0.124831 1.546366 0.122663
v 0.063991 1.486087 0.128699
v 0.067378 1.512353 0.132732
v 0.066127 1.538478 0.133274
v 0.051622 1.070042 -0.188415
v 0.099313 1.076448 -0.175267
v 0.141251 1.081082 -0.151064
v 0.054316 1.018282 -0.192235
v 0.105734 1.027163 -0.178775
v 0.151053 1.032181 -0.154727
v 0.058760 0.966441 -0.194587
v 0.113823 0.981552 -0.181318
v 0.161625 0.987743 -0.158004
v 0.233568 1.482322 0.102447
v 0.237205 1.519894 0.100135
v 0.225417 1.494834 0.101674
v 0.210411 1.461654 0.096000
v 0.224466 1.454061 0.101930
v 0.241854 1.457878 0.101296
v 0.246033 1.494447 0.099793
v 0.093743 1.501758 -0.158788
v 0.089077 1.533034 -0.144479
v 0.079900 1.565049 -0.131715
v 0.166810 1.504851 -0.147662
v 0.161192 1.532873 -0.132964
v 0.147204 1.562850 -0.120195
v 0.222854 1.490363 -0.125715
v 0.219164 1.521400 -0.114185
v 0.204253 1.553774 -0.102620
v 0.250863 0.985270 0.143037
v 0.256975 0.976662 0.126100
v 0.264693 0.967864 0.112006
v 0.250080 0.971963 0.151791
v 0.256120 0.962935 0.136550
v 0.263509 0.954339 0.123539
v 0.250081 0.962967 0.158286
v 0.255645 0.953657 0.144177
v 0.262579 0.945294 0.132049
v 0.154884 1.046128 0.136445
v 0.109524 1.036754 0.153633
v 0.057401 1.028429 0.160578
v 0.168173 0.999854 0.133888
v 0.119256 0.990687 0.152153
v 0.062649 0.980456 0.159343
v 0.182121 0.958179 0.130651
v 0.130642 0.948341 0.149840
v 0.069662 0.932522 0.156413
v 0.197113 1.078910 -0.061166
v 0.207472 1.072980 -0.001444
v 0.205253 1.064813 0.056562
v 0.212226 1.028872 -0.065768
v 0.223804 1.023309 -0.006192
v 0.221800 1.015793 0.051975
v 0.226549 0.982657 -0.070874
v 0.239152 0.977451 -0.011634
v 0.237431 0.970728 0.046614
v 0.186491 0.754073 0.098272
v 0.148101 0.754604 0.118580
v 0.100920 0.755183 0.121826
v 0.176430 0.669088 0.082600
v 0.145773 0.668245 0.100732
v 0.111198 0.667008 0.101151
v 0.171304 0.571879 0.066370
v 0.145611 0.570564 0.082915
v 0.117686 0.569193 0.083087
v 0.242754 0.922541 -0.078260
v 0.255647 0.917627 -0.019924
v 0.255209 0.911871 0.038038
v 0.243870 0.903448 -0.079818
v 0.256557 0.898472 -0.022150
v 0.256678 0.892787 0.035267
v 0.240934 0.876860 -0.080831
v 0.253969 0.871853 -0.024320
v 0.254010 0.866257 0.032053
v 0.160339 0.911330 -0.176528
v 0.108411 0.901130 -0.189414
v 0.144623 0.923979 -0.180726
v 0.182760 0.930115 -0.161257
v 0.187940 0.911436 -0.161239
v 0.184008 0.886840 -0.160609
v 0.147446 0.891814 -0.179445
v 0.185570 0.883252 0.136923
v 0.208169 0.904006 0.123522
v 0.167451 0.894946 0.143136
v 0.127570 0.871857 0.148515
v 0.171203 0.863797 0.138660
v 0.210579 0.861634 0.117173
v 0.215000 0.885797 0.119662
v 0.170715 0.079974 -0.072486
v 0.179372 0.080887 -0.051458
v 0.181601 0.081441 -0.029577
v 0.172393 0.052525 -0.075316
v 0.182293 0.053280 -0.053411
v 0.185760 0.053383 -0.030078
v 0.175194 0.035430 -0.079086
v 0.186842 0.035817 -0.055460
v 0.192624 0.035075 -0.029019
v 0.034903 0.735127 0.042745
v 0.027378 0.730499 -0.029407
v 0.028186 0.744682 -0.101173
v 0.059623 0.660435 0.031298
v 0.049513 0.660456 -0.029738
v 0.050249 0.667144 -0.090715
v 0.072928 0.567834 0.022311
v 0.062199 0.569259 -0.030432
v 0.061852 0.572396 -0.083570
v 0.214040 0.765723 -0.083460
v 0.226940 0.761962 -0.032726
v 0.226578 0.757596 0.018248
v 0.198618 0.678690 -0.083839
v 0.210600 0.676054 -0.037816
v 0.210490 0.672777 0.008689
v 0.189394 0.579076 -0.082438
v 0.200242 0.577430 -0.041724
v 0.200555 0.575256 -0.000310
v 0.081112 0.775914 -0.175112
v 0.123014 0.775767 -0.172043
v 0.159725 0.773370 -0.155700
v 0.087497 0.681988 -0.160817
v 0.118408 0.683856 -0.163118
v 0.149353 0.683339 -0.149856
v 0.091548 0.579370 -0.148545
v 0.117188 0.581105 -0.152739
v 0.144654 0.581358 -0.141492
v 0.071074 -0.006694 0.005978
v 0.068006 0.000477 -0.038267
v 0.072101 0.005034 -0.077564
v 0.070666 -0.022745 0.004030
v 0.068467 -0.015289 -0.040097
v 0.072718 -0.010379 -0.078623
v 0.076443 -0.036704 0.000305
v 0.074045 -0.029330 -0.042168
v 0.077484 -0.023989 -0.077708
v 0.107547 0.079958 -0.106491
v 0.123859 0.079554 -0.109236
v 0.141140 0.079171 -0.103341
v 0.105265 0.052451 -0.109771
v 0.122436 0.052130 -0.112827
v 0.140678 0.051727 -0.106915
v 0.102875 0.035553 -0.114722
v 0.121211 0.035307 -0.118184
v 0.140771 0.034831 -0.112132
v 0.160075 0.080164 0.007786
v 0.138921 0.078659 0.018514
v 0.116692 0.077249 0.020614
v 0.163618 0.050832 0.010399
v 0.140371 0.048693 0.022319
v 0.115801 0.046633 0.025246
v 0.170519 0.031071 0.018468
v 0.144398 0.028429 0.032306
v 0.116586 0.025395 0.036628
v 0.086556 0.077238 -0.010279
v 0.082631 0.078419 -0.039380
v 0.085448 0.079496 -0.069235
v 0.082680 0.047277 -0.007568
v 0.078554 0.049515 -0.038985
v 0.081704 0.051373 -0.070643
v 0.078807 0.026921 -0.001664
v 0.074359 0.030824 -0.037921
v 0.077728 0.033742 -0.072744
v 0.066095 1.351918 -0.180868
v 0.074202 1.393269 -0.181110
v 0.083527 1.433680 -0.179053
v 0.116741 1.363074 -0.174163
v 0.129683 1.405657 -0.174483
v 0.145534 1.444913 -0.171365
v 0.153249 1.366859 -0.155377
v 0.167989 1.406466 -0.154832
v 0.188279 1.438316 -0.149217
v 0.181462 1.358277 -0.077459
v 0.188765 1.389742 -0.078409
v 0.202656 1.402684 -0.071639
v 0.179168 1.354353 -0.026299
v 0.181070 1.386809 -0.030942
v 0.189249 1.399374 -0.027593
v 0.165994 1.353682 0.022554
v 0.163642 1.391066 0.013717
v 0.169841 1.408303 0.014236
v 0.120240 1.347623 0.095901
v 0.116849 1.400408 0.081876
v 0.121805 1.442935 0.075075
v 0.088975 1.334066 0.120369
v 0.087745 1.389162 0.108378
v 0.091304 1.439009 0.100191
v 0.048827 1.313934 0.139211
v 0.049145 1.365270 0.131939
v 0.051582 1.414415 0.126075
v 0.298779 1.471397 -0.065673
v 0.285063 1.447401 -0.078836
v 0.285955 1.485502 -0.077363
v 0.282753 1.516094 -0.067428
v 0.302006 1.486561 -0.055123
v 0.310316 1.445586 -0.044556
v 0.300805 1.439508 -0.061633
v 0.269269 1.149538 0.121487
v 0.256183 1.148821 0.119566
v 0.246623 1.145680 0.110541
v 0.276675 1.099221 0.128693
v 0.264426 1.099239 0.127076
v 0.255111 1.095887 0.119391
v 0.278427 1.057363 0.143606
v 0.266923 1.058331 0.141942
v 0.257719 1.054285 0.135774
v 0.273982 1.549480 -0.014906
v 0.268456 1.550768 0.022934
v 0.258895 1.548208 0.058602
v 0.296293 1.510383 -0.004049
v 0.286477 1.513174 0.030409
v 0.273621 1.512331 0.062572
v 0.305597 1.461832 0.007445
v 0.292676 1.465614 0.039527
v 0.276141 1.466539 0.068913
v 0.273832 0.920860 0.137320
v 0.280736 0.920602 0.137611
v 0.286303 0.922706 0.141147
v 0.270198 0.913046 0.147333
v 0.276085 0.912720 0.147696
v 0.280914 0.914634 0.150639
v 0.266619 0.906776 0.157025
v 0.271348 0.906254 0.157678
v 0.275520 0.908098 0.159794
v 0.245107 1.133866 0.075165
v 0.253334 1.126719 0.053325
v 0.265464 1.120198 0.033405
v 0.252445 1.082547 0.088029
v 0.259385 1.074483 0.068293
v 0.269868 1.066765 0.050428
v 0.254362 1.039092 0.107162
v 0.260495 1.030702 0.088404
v 0.269612 1.022203 0.072027
v 0.294628 1.113570 0.012852
v 0.307955 1.114343 0.014817
v 0.317758 1.117469 0.023910
v 0.295819 1.057994 0.031840
v 0.308075 1.058236 0.033279
v 0.317391 1.061286 0.041032
v 0.292662 1.011857 0.055187
v 0.303959 1.011748 0.056215
v 0.312841 1.014803 0.062826
v 0.319312 1.129291 0.059230
v 0.310858 1.136453 0.080977
v 0.298471 1.142919 0.100879
v 0.320283 1.074471 0.071992
v 0.313444 1.082765 0.091478
v 0.302853 1.090296 0.109704
v 0.316914 1.029126 0.089937
v 0.311459 1.038183 0.107695
v 0.302307 1.046164 0.125291
v 0.254162 0.911351 0.186078
v 0.256194 0.905696 0.180817
v 0.259401 0.902839 0.173877
v 0.257532 0.910672 0.188269
v 0.259684 0.904778 0.182977
v 0.262875 0.901899 0.175754
v 0.262032 0.912495 0.188301
v 0.264213 0.906875 0.183206
v 0.267126 0.903983 0.176253
v 0.289623 0.933132 0.156328
v 0.286964 0.940434 0.166388
v 0.282105 0.947920 0.176420
v 0.283623 0.923546 0.163686
v 0.281175 0.929548 0.172288
v 0.276995 0.935701 0.180376
v 0.277556 0.915149 0.170210
v 0.275244 0.919714 0.177540
v 0.271926 0.925024 0.183912
v 0.267487 0.955552 0.188722
v 0.259748 0.955140 0.188976
v 0.253434 0.953618 0.185748
v 0.264887 0.942404 0.189893
v 0.258443 0.942261 0.190069
v 0.253278 0.940783 0.187230
v 0.262441 0.930392 0.191143
v 0.257156 0.929968 0.191318
v 0.253065 0.929066 0.188838
v 0.250661 0.943484 0.168782
v 0.254361 0.935757 0.157759
v 0.259882 0.928805 0.147892
v 0.250726 0.931966 0.173723
v 0.253582 0.925571 0.164809
v 0.258249 0.919843 0.156390
v 0.251049 0.922027 0.178365
v 0.253288 0.916525 0.171372
v 0.257154 0.912156 0.164199
v 0.300232 1.352709 0.021008
v 0.285964 1.357440 0.050216
v 0.267058 1.361041 0.076188
v 0.302270 1.300693 0.026653
v 0.289325 1.305777 0.054467
v 0.271792 1.309924 0.079323
v 0.306893 1.246300 0.037691
v 0.295287 1.251667 0.063855
v 0.279269 1.256186 0.087414
v 0.275040 1.347090 -0.061300
v 0.293343 1.344776 -0.049163
v 0.304571 1.345268 -0.030833
v 0.279056 1.291540 -0.043910
v 0.294860 1.291280 -0.036990
v 0.305297 1.292754 -0.021782
v 0.283944 1.234438 -0.023503
v 0.298512 1.235125 -0.019405
v 0.308553 1.237431 -0.006730
v 0.199174 1.354759 0.029256
v 0.213491 1.346527 -0.005793
v 0.231783 1.345877 -0.038862
v 0.214172 1.303292 0.038044
v 0.226049 1.297180 0.007744
v 0.242332 1.293959 -0.020073
v 0.224565 1.247991 0.051534
v 0.235163 1.242495 0.024523
v 0.250105 1.238170 0.000006
v 0.230047 1.364336 0.101155
v 0.214969 1.365167 0.097240
v 0.201364 1.366637 0.083801
v 0.236306 1.314157 0.103398
v 0.222541 1.314155 0.099650
v 0.212616 1.312965 0.086780
v 0.245354 1.260539 0.110728
v 0.231936 1.259865 0.107549
v 0.222945 1.257442 0.095792
v 0.104114 -0.039481 -0.081944
v 0.124821 -0.040749 -0.086089
v 0.146104 -0.038116 -0.086718
v 0.106045 -0.045603 -0.050548
v 0.130039 -0.046502 -0.055868
v 0.154312 -0.042908 -0.059617
v 0.111472 -0.051993 -0.012208
v 0.137652 -0.052109 -0.019712
v 0.163982 -0.047651 -0.026354
v 0.179326 0.007339 -0.086191
v 0.194030 0.006992 -0.060394
v 0.205710 0.004370 -0.029942
v 0.178322 -0.007919 -0.087679
v 0.193222 -0.008749 -0.062317
v 0.206071 -0.011678 -0.032206
v 0.173632 -0.021393 -0.087034
v 0.187273 -0.023248 -0.062771
v 0.199881 -0.026585 -0.032835
v 0.099465 0.007823 -0.123540
v 0.119509 0.007652 -0.127609
v 0.141005 0.007097 -0.121315
v 0.099601 -0.007554 -0.123538
v 0.119381 -0.007823 -0.127803
v 0.140608 -0.008117 -0.121843
v 0.101443 -0.021365 -0.117642
v 0.120017 -0.021921 -0.122052
v 0.139915 -0.021522 -0.117258
v 0.221010 -0.041117 0.037246
v 0.226199 -0.028218 0.037466
v 0.222722 -0.015211 0.040937
v 0.227007 -0.050674 0.072182
v 0.231584 -0.039977 0.072638
v 0.227556 -0.029451 0.075712
v 0.227794 -0.059485 0.102741
v 0.231760 -0.051191 0.104102
v 0.227872 -0.042380 0.105757
v 0.208124 -0.057635 0.149072
v 0.188506 -0.060027 0.161850
v 0.166382 -0.060139 0.166674
v 0.210338 -0.066266 0.151363
v 0.189924 -0.068968 0.164863
v 0.166743 -0.068715 0.169757
v 0.208165 -0.072134 0.146561
v 0.188575 -0.074954 0.159269
v 0.166422 -0.074639 0.164164
v 0.131294 -0.066400 0.068745
v 0.158013 -0.065521 0.058158
v 0.184789 -0.060670 0.048188
v 0.143205 -0.072352 0.103767
v 0.168373 -0.071692 0.093675
v 0.193328 -0.067426 0.083376
v 0.154836 -0.076263 0.131262
v 0.177445 -0.076037 0.123109
v 0.199207 -0.072459 0.112753
v 0.093772 -0.029091 0.090644
v 0.090409 -0.042605 0.089674
v 0.095480 -0.054423 0.085488
v 0.109174 -0.040916 0.123858
v 0.105413 -0.052059 0.123949
v 0.109701 -0.061974 0.119901
v 0.126199 -0.050721 0.148141
v 0.123151 -0.059945 0.149409
v 0.126262 -0.067817 0.145105
v 0.187561 -0.002303 0.062528
v 0.159702 -0.004076 0.075885
v 0.130911 -0.008664 0.084656
v 0.194244 -0.018807 0.093077
v 0.168913 -0.019975 0.104737
v 0.143053 -0.023915 0.113923
v 0.199311 -0.033880 0.119706
v 0.177489 -0.035026 0.130569
v 0.154803 -0.037698 0.138246
v 0.087639 0.367224 0.007879
v 0.079080 0.368344 -0.032822
v 0.078302 0.369547 -0.074396
v 0.093256 0.273082 0.000547
v 0.086521 0.273996 -0.034983
v 0.086724 0.274875 -0.071351
v 0.093218 0.189904 -0.006108
v 0.088044 0.190550 -0.037588
v 0.089342 0.191175 -0.069844
v 0.170088 0.367566 0.037521
v 0.148120 0.366848 0.051340
v 0.124514 0.366424 0.052826
v 0.167559 0.272994 0.025266
v 0.147328 0.272571 0.037667
v 0.125735 0.272317 0.039345
v 0.163307 0.190707 0.015273
v 0.143686 0.190181 0.026415
v 0.122939 0.189702 0.028073
v 0.102333 0.371024 -0.126136
v 0.124066 0.371103 -0.129700
v 0.147431 0.370879 -0.120934
v 0.108541 0.275384 -0.116645
v 0.127357 0.274952 -0.119793
v 0.147524 0.274356 -0.112223
v 0.110269 0.191243 -0.110026
v 0.127213 0.190686 -0.112827
v 0.145271 0.190100 -0.106151
v 0.184279 0.370066 -0.075987
v 0.193068 0.369599 -0.045539
v 0.194090 0.369043 -0.014220
v 0.179961 0.273627 -0.073425
v 0.188104 0.273583 -0.047145
v 0.189330 0.273551 -0.020031
v 0.174938 0.189971 -0.071971
v 0.182778 0.190425 -0.048828
v 0.184173 0.190860 -0.024915
v 0.024990 1.686616 0.063134
v 0.046939 1.686111 0.059569
v 0.066020 1.685561 0.053261
v 0.025299 1.705161 0.066161
v 0.047766 1.705142 0.062513
v 0.067670 1.705519 0.056057
v 0.026062 1.724555 0.073198
v 0.049765 1.725460 0.069342
v 0.071788 1.728028 0.062445
v 0.161110 1.606858 -0.082628
v 0.114215 1.612511 -0.100641
v 0.060925 1.615843 -0.111616
v 0.142458 1.622074 -0.074411
v 0.101883 1.627157 -0.091982
v 0.054638 1.630327 -0.102691
v 0.124892 1.631878 -0.066708
v 0.089630 1.636095 -0.083305
v 0.048213 1.638805 -0.093506
v 0.055793 1.586770 0.122807
v 0.107474 1.590279 0.115165
v 0.153277 1.591661 0.102670
v 0.050243 1.605834 0.113845
v 0.096358 1.608055 0.106994
v 0.136468 1.608847 0.094876
v 0.044427 1.620165 0.104150
v 0.085005 1.621313 0.098070
v 0.120104 1.621522 0.086835
v 0.306503 0.973974 0.125251
v 0.302863 0.983343 0.140297
v 0.296227 0.991849 0.156633
v 0.302747 0.960098 0.135459
v 0.299575 0.969259 0.149219
v 0.293888 0.978273 0.163897
v 0.299137 0.950644 0.142740
v 0.296185 0.959517 0.155359
v 0.290855 0.968771 0.168701
v 0.066624 1.688348 -0.025032
v 0.047571 1.690081 -0.035032
v 0.025502 1.691484 -0.041638
v 0.067695 1.708189 -0.024433
v 0.048285 1.709816 -0.034656
v 0.025825 1.711183 -0.041438
v 0.070853 1.731305 -0.026826
v 0.050465 1.732807 -0.037547
v 0.026902 1.734131 -0.044618
v 0.089700 1.684896 0.031489
v 0.092777 1.685033 0.017079
v 0.089946 1.685631 0.002030
v 0.091959 1.705688 0.033369
v 0.094681 1.705510 0.018385
v 0.091560 1.705834 0.003020
v 0.098096 1.730564 0.036009
v 0.099906 1.729581 0.018953
v 0.096112 1.729421 0.002231
v 0.092027 1.915229 -0.063574
v 0.065082 1.916018 -0.076860
v 0.034315 1.916826 -0.084738
v 0.088546 1.947264 -0.061787
v 0.062824 1.949244 -0.073914
v 0.033215 1.950834 -0.080938
v 0.083732 1.974322 -0.054726
v 0.059951 1.978333 -0.064682
v 0.031889 1.981073 -0.070354
v 0.081150 1.785564 -0.039369
v 0.057615 1.786499 -0.051487
v 0.030523 1.787446 -0.059224
v 0.086655 1.815924 -0.047508
v 0.061439 1.816474 -0.060378
v 0.032478 1.817115 -0.068451
v 0.090968 1.847874 -0.055180
v 0.064417 1.848155 -0.068630
v 0.033996 1.848581 -0.076922
v 0.119131 1.789328 0.035534
v 0.116964 1.786223 0.015325
v 0.110968 1.785076 -0.004891
v 0.129625 1.820375 0.032953
v 0.126097 1.817534 0.012011
v 0.118983 1.816174 -0.009897
v 0.137458 1.852169 0.031272
v 0.133278 1.850013 0.008915
v 0.125368 1.848661 -0.014785
v 0.081079 2.006660 -0.019615
v 0.057737 2.015402 -0.022285
v 0.030664 2.020123 -0.023791
v 0.083996 2.012574 0.008349
v 0.058901 2.022364 0.009021
v 0.030991 2.027468 0.009779
v 0.087118 2.013096 0.039710
v 0.060382 2.023107 0.042708
v 0.031533 2.028178 0.045209
v 0.140989 1.916475 0.029529
v 0.136171 1.916246 0.004812
v 0.127561 1.915483 -0.021096
v 0.135734 1.946975 0.030037
v 0.130593 1.947488 0.004568
v 0.122237 1.946612 -0.021248
v 0.125665 1.974316 0.032501
v 0.120293 1.974938 0.005765
v 0.112954 1.972929 -0.019358
v 0.138555 1.843758 0.067446
v 0.127557 1.814770 0.064844
v 0.135774 1.834916 0.061579
v 0.142358 1.859391 0.061376
v 0.143244 1.862031 0.068779
v 0.141083 1.860607 0.074709
v 0.134869 1.836189 0.071400
v 0.135803 1.915918 0.097100
v 0.132300 1.943202 0.096558
v 0.124142 1.967931 0.094988
v 0.128281 1.915182 0.112622
v 0.125317 1.941082 0.112718
v 0.117822 1.963767 0.112899
v 0.117470 1.913696 0.128968
v 0.115358 1.937561 0.128954
v 0.109361 1.957768 0.128915
v 0.112713 1.802796 0.090348
v 0.123860 1.829797 0.093473
v 0.131342 1.858275 0.095601
v 0.107022 1.809565 0.109361
v 0.117224 1.833094 0.110575
v 0.123967 1.859675 0.111649
v 0.099669 1.816828 0.126745
v 0.108013 1.837407 0.127864
v 0.113527 1.861754 0.128563
v 0.144765 1.928711 0.070159
v 0.146146 1.912879 0.062600
v 0.142846 1.936454 0.064095
v 0.137117 1.954815 0.068765
v 0.142190 1.936019 0.074742
v 0.145039 1.912809 0.076566
v 0.146889 1.911066 0.070428
v 0.251616 0.974930 0.192502
v 0.258731 0.975492 0.194752
v 0.266533 0.976916 0.195036
v 0.249887 0.981270 0.200013
v 0.256303 0.981628 0.201450
v 0.262932 0.982975 0.201932
v 0.248234 0.985580 0.206875
v 0.253640 0.985934 0.208084
v 0.259224 0.987002 0.208369
v 0.028139 1.823779 0.163997
v 0.052581 1.823728 0.159348
v 0.073267 1.823720 0.151670
v 0.028776 1.844155 0.168701
v 0.054240 1.843819 0.163699
v 0.076653 1.843041 0.155263
v 0.029417 1.865795 0.170220
v 0.055724 1.865562 0.165038
v 0.079319 1.864952 0.156344
v 0.030378 1.909871 0.169955
v 0.057597 1.910269 0.164725
v 0.082011 1.910981 0.156073
v 0.030649 1.931176 0.168637
v 0.057841 1.931604 0.163511
v 0.081726 1.932427 0.155120
v 0.030832 1.951499 0.165006
v 0.057656 1.951491 0.160087
v 0.080181 1.951414 0.152344
v 0.027240 1.759257 0.101412
v 0.052223 1.761243 0.097827
v 0.075963 1.767103 0.092626
v 0.027379 1.774070 0.120574
v 0.051898 1.775772 0.117254
v 0.074090 1.780817 0.112904
v 0.027453 1.789003 0.139270
v 0.051383 1.790154 0.135683
v 0.071862 1.793796 0.130793
v 0.087817 2.002632 0.097469
v 0.061169 2.010921 0.102443
v 0.032032 2.014845 0.106660
v 0.084986 1.993195 0.119078
v 0.060136 1.999748 0.124580
v 0.031805 2.002701 0.129031
v 0.081570 1.981383 0.135405
v 0.058754 1.985858 0.141411
v 0.031423 1.987723 0.145980
v 0.125792 1.638453 0.037233
v 0.130411 1.638782 0.014332
v 0.127179 1.639989 -0.009510
v 0.111356 1.646561 0.034255
v 0.115357 1.646762 0.014515
v 0.112323 1.647714 -0.006081
v 0.099744 1.655994 0.031935
v 0.103282 1.656197 0.014867
v 0.100392 1.657023 -0.002969
v 0.095435 1.644858 -0.050211
v 0.068391 1.647573 -0.064029
v 0.036786 1.649435 -0.072732
v 0.083971 1.651723 -0.041712
v 0.060102 1.654028 -0.054069
v 0.032306 1.655673 -0.061947
v 0.074752 1.660469 -0.034240
v 0.053450 1.662501 -0.045321
v 0.028712 1.664021 -0.052472
v 0.034342 1.640382 0.084259
v 0.065398 1.640212 0.079517
v 0.092370 1.639590 0.070592
v 0.030606 1.649028 0.075334
v 0.058018 1.648586 0.071095
v 0.081841 1.647798 0.063214
v 0.027601 1.658521 0.068180
v 0.052082 1.657919 0.064311
v 0.073349 1.657088 0.057251
v 0.283893 0.957080 0.097646
v 0.293642 0.956772 0.098233
v 0.301583 0.959677 0.103397
v 0.281542 0.944185 0.110037
v 0.290647 0.943904 0.110529
v 0.298061 0.946634 0.115286
v 0.279471 0.935732 0.119344
v 0.287935 0.935460 0.119749
v 0.294807 0.938008 0.124123
v 0.253702 0.998376 0.216193
v 0.248207 0.998040 0.216362
v 0.243772 0.997017 0.214164
v 0.253874 0.995991 0.217501
v 0.248246 0.995575 0.217862
v 0.243650 0.994624 0.215709
v 0.254647 0.993074 0.216484
v 0.249317 0.992575 0.216847
v 0.244819 0.991782 0.214973
v 0.242843 0.992977 0.178286
v 0.241955 0.985217 0.181865
v 0.243012 0.979488 0.185363
v 0.240682 0.993442 0.192315
v 0.239914 0.988770 0.194190
v 0.241249 0.984855 0.196131
v 0.239971 0.994365 0.202646
v 0.239374 0.991310 0.203922
v 0.240742 0.988378 0.204711
v 0.269072 1.011298 0.182671
v 0.260352 1.012226 0.180302
v 0.252280 1.008842 0.177512
v 0.262859 1.003770 0.196682
v 0.255747 1.003830 0.194752
v 0.248996 1.001751 0.192661
v 0.257911 1.001010 0.206381
v 0.251985 1.000780 0.205204
v 0.246561 0.999378 0.203332
v 0.277896 0.984276 0.192629
v 0.279789 0.990525 0.190871
v 0.279532 0.998227 0.188148
v 0.271760 0.988972 0.201831
v 0.272883 0.993327 0.201361
v 0.272010 0.997874 0.200116
v 0.265878 0.991726 0.208999
v 0.266344 0.994984 0.209285
v 0.265467 0.997923 0.208489
v 0.174204 1.273429 -0.068796
v 0.179102 1.266663 -0.011679
v 0.173142 1.259669 0.043731
v 0.170535 1.230204 -0.066258
v 0.176734 1.223211 -0.007841
v 0.172136 1.215301 0.048759
v 0.172952 1.182111 -0.062283
v 0.180588 1.175332 -0.003054
v 0.177171 1.166906 0.054281
v 0.129168 1.241365 0.121199
v 0.092916 1.229219 0.140197
v 0.049410 1.216529 0.150846
v 0.129009 1.195237 0.126776
v 0.092368 1.183253 0.144764
v 0.048896 1.171628 0.153921
v 0.133258 1.146034 0.132459
v 0.094886 1.134709 0.149509
v 0.049958 1.124534 0.157272
v 0.054787 1.266750 -0.180603
v 0.099594 1.274540 -0.172216
v 0.135222 1.278890 -0.152427
v 0.051249 1.222012 -0.182033
v 0.094302 1.229489 -0.172723
v 0.129456 1.234340 -0.152019
v 0.049392 1.172966 -0.183212
v 0.092217 1.179826 -0.172417
v 0.128228 1.184857 -0.150242
v -0.206012 1.594802 0.045332
v -0.182521 1.609860 0.042430
v -0.160365 1.621572 0.039520
v -0.211907 1.597590 0.008638
v -0.188194 1.611498 0.009337
v -0.165542 1.622559 0.009864
v -0.207718 1.599667 -0.029144
v -0.183402 1.613949 -0.024619
v -0.160859 1.624712 -0.020574
v -0.158517 1.498270 0.086943
v -0.115871 1.502027 0.104106
v -0.063829 1.485644 0.126062
v -0.171361 1.522609 0.099873
v -0.124352 1.523938 0.113563
v -0.067364 1.512193 0.130183
v -0.174949 1.546705 0.105144
v -0.124675 1.546555 0.117947
v -0.066264 1.538485 0.130888
v -0.048917 1.069763 -0.187752
v -0.052884 1.017829 -0.190575
v -0.058677 0.965815 -0.191648
v -0.095601 1.075968 -0.174620
v -0.102446 1.026382 -0.176737
v -0.110992 0.980467 -0.177572
v -0.136890 1.080577 -0.151054
v -0.146436 1.031346 -0.153460
v -0.156750 0.986576 -0.155180
v -0.236686 1.484750 0.090755
v -0.238395 1.521809 0.089688
v -0.248535 1.497082 0.088122
v -0.246387 1.461271 0.088464
v -0.229182 1.456880 0.089449
v -0.214352 1.463784 0.084298
v -0.227696 1.496736 0.090793
v -0.084556 1.503792 -0.162136
v -0.159074 1.508916 -0.154229
v -0.217616 1.496367 -0.135297
v -0.080084 1.534614 -0.147446
v -0.153120 1.536027 -0.138818
v -0.212725 1.526062 -0.122742
v -0.071213 1.566092 -0.134247
v -0.139039 1.564919 -0.125255
v -0.197109 1.556809 -0.110105
v -0.282628 0.979669 0.113251
v -0.283316 0.964517 0.118179
v -0.284403 0.954146 0.121968
v -0.285636 0.976039 0.093858
v -0.286547 0.960037 0.100297
v -0.287363 0.949078 0.105168
v -0.290721 0.971550 0.076840
v -0.291499 0.955446 0.084418
v -0.292022 0.944463 0.090265
v -0.154887 1.047905 0.136334
v -0.169349 1.002527 0.134641
v -0.184469 0.961729 0.132544
v -0.108454 1.038016 0.154313
v -0.118788 0.992591 0.153855
v -0.130801 0.950874 0.152844
v -0.054987 1.029074 0.161325
v -0.060147 0.981431 0.160852
v -0.067144 0.933814 0.158931
v -0.193986 1.079227 -0.062793
v -0.209038 1.029325 -0.066956
v -0.223262 0.983229 -0.071328
v -0.205686 1.073928 -0.003304
v -0.222517 1.024737 -0.007768
v -0.238327 0.979337 -0.012631
v -0.204729 1.066372 0.054786
v -0.222313 1.018143 0.050487
v -0.238948 0.973843 0.045709
v -0.189467 0.757695 0.110693
v -0.178920 0.671880 0.099613
v -0.174583 0.574176 0.086404
v -0.149258 0.756944 0.131162
v -0.147316 0.669897 0.117787
v -0.148713 0.571908 0.103113
v -0.099652 0.755958 0.133219
v -0.111278 0.667349 0.117541
v -0.120150 0.569520 0.103191
v -0.239198 0.923236 -0.077172
v -0.240239 0.904173 -0.077958
v -0.237337 0.877622 -0.077746
v -0.255178 0.919992 -0.019533
v -0.256061 0.900886 -0.021010
v -0.253522 0.874308 -0.022007
v -0.257736 0.915810 0.038458
v -0.259273 0.896807 0.036388
v -0.256720 0.870334 0.034334
v -0.155655 0.909657 -0.170041
v -0.107128 0.899855 -0.182830
v -0.143811 0.890259 -0.172145
v -0.178265 0.885328 -0.154069
v -0.181690 0.909838 -0.155858
v -0.177029 0.928559 -0.156360
v -0.141039 0.922415 -0.174497
v -0.188925 0.887597 0.141919
v -0.212397 0.908785 0.126932
v -0.219954 0.890928 0.123419
v -0.215292 0.866588 0.122116
v -0.173751 0.867699 0.144591
v -0.127743 0.874645 0.154021
v -0.169572 0.898714 0.148024
v -0.184344 0.081322 -0.055227
v -0.187318 0.052317 -0.056584
v -0.191161 0.033470 -0.057277
v -0.193113 0.083497 -0.034693
v -0.196892 0.055582 -0.034801
v -0.201960 0.037913 -0.033124
v -0.195280 0.085695 -0.013289
v -0.199658 0.059170 -0.011721
v -0.206202 0.043177 -0.006390
v -0.032712 0.734269 0.051138
v -0.058547 0.659365 0.046257
v -0.074056 0.566989 0.042279
v -0.026493 0.729626 -0.021037
v -0.048625 0.659339 -0.014692
v -0.062680 0.568350 -0.010253
v -0.028368 0.743859 -0.092663
v -0.049394 0.666138 -0.075541
v -0.061614 0.571646 -0.063299
v -0.210176 0.767030 -0.072038
v -0.195379 0.680588 -0.067272
v -0.188022 0.581632 -0.062597
v -0.225588 0.764471 -0.021960
v -0.209298 0.678721 -0.021752
v -0.200288 0.580386 -0.022257
v -0.227804 0.761168 0.029009
v -0.211189 0.676015 0.024745
v -0.202070 0.578373 0.019133
v -0.079785 0.775084 -0.163036
v -0.085129 0.681482 -0.143690
v -0.089723 0.579462 -0.127645
v -0.119279 0.774901 -0.158381
v -0.114555 0.683666 -0.145065
v -0.114613 0.581760 -0.131609
v -0.154209 0.772764 -0.141989
v -0.144518 0.683637 -0.131754
v -0.141773 0.582647 -0.120539
v -0.081201 0.012831 0.030588
v -0.080928 -0.002728 0.033793
v -0.086967 -0.016647 0.035343
v -0.082450 0.005080 -0.014071
v -0.083158 -0.010451 -0.011452
v -0.088968 -0.024230 -0.009034
v -0.089104 0.000042 -0.053360
v -0.090017 -0.015206 -0.050753
v -0.094919 -0.028123 -0.046293
v -0.120732 0.078605 -0.088161
v -0.120222 0.048205 -0.091260
v -0.119397 0.028013 -0.094791
v -0.137033 0.078493 -0.091055
v -0.137441 0.048009 -0.094161
v -0.137844 0.027706 -0.097753
v -0.154382 0.078789 -0.085339
v -0.155657 0.048546 -0.088133
v -0.157276 0.028476 -0.091254
v -0.173414 0.087358 0.023459
v -0.175793 0.063522 0.027551
v -0.180485 0.051656 0.039340
v -0.152201 0.086298 0.034110
v -0.152070 0.063025 0.038716
v -0.153366 0.052166 0.051541
v -0.129980 0.084549 0.036174
v -0.127383 0.061030 0.040979
v -0.125235 0.049836 0.054539
v -0.100240 0.080669 0.006009
v -0.095913 0.054265 0.008222
v -0.090855 0.038824 0.015488
v -0.096421 0.079432 -0.022319
v -0.092852 0.051310 -0.022384
v -0.088745 0.033729 -0.020150
v -0.099091 0.078891 -0.051433
v -0.096552 0.049529 -0.053135
v -0.093505 0.030502 -0.054114
v -0.057068 1.352759 -0.183281
v -0.108761 1.364720 -0.178818
v -0.146940 1.369131 -0.161960
v -0.065109 1.394573 -0.183955
v -0.121979 1.408224 -0.179977
v -0.162490 1.410068 -0.162627
v -0.074355 1.435503 -0.182321
v -0.138098 1.448527 -0.177711
v -0.183689 1.443485 -0.158331
v -0.178790 1.360031 -0.085830
v -0.177873 1.355211 -0.034527
v -0.165787 1.353653 0.014903
v -0.187610 1.392869 -0.088285
v -0.181224 1.388709 -0.040623
v -0.164686 1.391697 0.004702
v -0.203479 1.407552 -0.083293
v -0.191341 1.402708 -0.039003
v -0.172631 1.410078 0.003538
v -0.120284 1.346537 0.091265
v -0.088399 1.333090 0.117634
v -0.047714 1.313356 0.138060
v -0.117324 1.399204 0.076191
v -0.087398 1.387929 0.104839
v -0.048369 1.364494 0.130321
v -0.122827 1.442014 0.068145
v -0.091146 1.437757 0.095758
v -0.051085 1.413551 0.123951
v -0.297557 1.479409 -0.078996
v -0.284754 1.456102 -0.092428
v -0.301790 1.448994 -0.076052
v -0.311508 1.454841 -0.059116
v -0.300343 1.493871 -0.068180
v -0.278913 1.521734 -0.078976
v -0.283278 1.492573 -0.089742
v -0.287402 1.153833 0.106873
v -0.299943 1.100813 0.114953
v -0.307447 1.053537 0.126017
v -0.274421 1.152562 0.105324
v -0.287745 1.100412 0.114371
v -0.295902 1.054268 0.126074
v -0.264838 1.149706 0.096354
v -0.278077 1.097716 0.107046
v -0.286136 1.051106 0.120419
v -0.270732 1.553136 -0.025710
v -0.295278 1.516126 -0.016572
v -0.307557 1.469623 -0.006731
v -0.266428 1.553906 0.012253
v -0.286402 1.518060 0.018146
v -0.295341 1.472235 0.025703
v -0.258020 1.550738 0.048157
v -0.274471 1.516268 0.050610
v -0.279517 1.471885 0.055478
v -0.303891 0.919983 0.086899
v -0.302021 0.909684 0.094959
v -0.300159 0.900960 0.103112
v -0.310738 0.919941 0.085933
v -0.307879 0.909516 0.094216
v -0.304925 0.900480 0.102789
v -0.316848 0.921276 0.088898
v -0.313159 0.910792 0.096694
v -0.309414 0.901877 0.104576
v -0.262852 1.141006 0.060077
v -0.273412 1.088966 0.074282
v -0.279408 1.041910 0.089864
v -0.270688 1.136299 0.037396
v -0.278943 1.084263 0.053000
v -0.283149 1.037849 0.069085
v -0.282410 1.132264 0.016553
v -0.288097 1.079822 0.033322
v -0.290132 1.033336 0.050216
v -0.310985 1.129126 -0.005508
v -0.312465 1.075276 0.011474
v -0.310785 1.027789 0.028717
v -0.324207 1.130456 -0.003928
v -0.324647 1.075959 0.011908
v -0.322025 1.028024 0.028240
v -0.334040 1.133298 0.005093
v -0.334343 1.078335 0.019251
v -0.331560 1.030097 0.034163
v -0.336074 1.141999 0.041325
v -0.339219 1.086987 0.051587
v -0.338823 1.038770 0.062991
v -0.328008 1.146721 0.063934
v -0.333755 1.091964 0.072658
v -0.335602 1.043733 0.082852
v -0.316025 1.150698 0.084768
v -0.324522 1.096170 0.092680
v -0.328750 1.047486 0.102808
v -0.293000 0.897276 0.134022
v -0.296698 0.896188 0.135349
v -0.301144 0.898123 0.135095
v -0.294050 0.893279 0.127187
v -0.297858 0.891973 0.128401
v -0.302370 0.894122 0.128402
v -0.295978 0.892467 0.119299
v -0.299722 0.891213 0.120241
v -0.304006 0.893267 0.120542
v -0.322829 0.927505 0.105500
v -0.318157 0.916093 0.110974
v -0.313278 0.906042 0.115980
v -0.322012 0.931812 0.117432
v -0.317284 0.919535 0.121142
v -0.312309 0.908436 0.124539
v -0.319023 0.936214 0.129760
v -0.314617 0.923186 0.131157
v -0.310187 0.911758 0.132555
v -0.306824 0.939763 0.145943
v -0.304397 0.926670 0.144023
v -0.302142 0.914658 0.142452
v -0.299246 0.938982 0.147391
v -0.298082 0.926222 0.145248
v -0.296966 0.913987 0.143405
v -0.292457 0.938097 0.144999
v -0.292492 0.925326 0.143042
v -0.292500 0.913597 0.141509
v -0.286704 0.932639 0.126687
v -0.287570 0.920243 0.128323
v -0.288645 0.909459 0.130049
v -0.288376 0.928216 0.113552
v -0.288787 0.916520 0.117685
v -0.289596 0.906070 0.121576
v -0.292048 0.924313 0.101407
v -0.291878 0.913385 0.107386
v -0.292124 0.903888 0.112954
v -0.308380 1.362453 0.004086
v -0.312881 1.310381 0.008513
v -0.320086 1.255926 0.018248
v -0.294239 1.365712 0.033575
v -0.299717 1.314005 0.036480
v -0.307954 1.259864 0.044449
v -0.275472 1.367704 0.059844
v -0.282006 1.316546 0.061456
v -0.291484 1.262803 0.067967
v -0.281958 1.357031 -0.078063
v -0.289693 1.301475 -0.062416
v -0.298179 1.244404 -0.043674
v -0.300713 1.355523 -0.066230
v -0.305645 1.302012 -0.055487
v -0.312727 1.245849 -0.039363
v -0.312309 1.356335 -0.048019
v -0.316144 1.303784 -0.040206
v -0.322581 1.248410 -0.026470
v -0.206820 1.358604 0.013591
v -0.224334 1.307524 0.019868
v -0.237414 1.252435 0.031076
v -0.221005 1.351930 -0.021823
v -0.236422 1.302850 -0.010601
v -0.248528 1.248324 0.004022
v -0.238856 1.352980 -0.055104
v -0.252784 1.301213 -0.038508
v -0.263898 1.245531 -0.020456
v -0.238545 1.368334 0.085274
v -0.246292 1.318116 0.085598
v -0.257111 1.264535 0.090986
v -0.223309 1.368356 0.081552
v -0.232468 1.317368 0.081811
v -0.243737 1.263154 0.087593
v -0.209369 1.369357 0.068340
v -0.222514 1.315896 0.068882
v -0.234951 1.260529 0.075625
v -0.121996 -0.043475 -0.044914
v -0.121649 -0.041134 -0.009945
v -0.123026 -0.033809 0.031726
v -0.142959 -0.045141 -0.047343
v -0.146017 -0.042790 -0.013034
v -0.149858 -0.035583 0.026903
v -0.164223 -0.042189 -0.047262
v -0.170503 -0.039697 -0.015868
v -0.176739 -0.032732 0.021402
v -0.196686 0.003136 -0.056325
v -0.196018 -0.012142 -0.054069
v -0.191502 -0.025275 -0.050241
v -0.209817 0.008968 -0.028356
v -0.209290 -0.006668 -0.025777
v -0.203500 -0.020839 -0.022353
v -0.218728 0.016078 0.004322
v -0.219291 0.000341 0.007377
v -0.213162 -0.013990 0.011222
v -0.118061 -0.003977 -0.098419
v -0.118559 -0.019280 -0.095411
v -0.120449 -0.031866 -0.086745
v -0.138304 -0.004463 -0.101524
v -0.138558 -0.019930 -0.098642
v -0.139260 -0.032872 -0.090054
v -0.159547 -0.003388 -0.094344
v -0.159535 -0.018651 -0.091794
v -0.158942 -0.031147 -0.084480
v -0.225840 -0.000205 0.087061
v -0.227722 0.004184 0.123868
v -0.224773 0.007867 0.155785
v -0.231176 0.011662 0.082981
v -0.232406 0.014091 0.120762
v -0.228686 0.015985 0.154364
v -0.227540 0.024472 0.081121
v -0.228245 0.024464 0.119322
v -0.224760 0.024402 0.152230
v -0.199637 0.026799 0.196120
v -0.201542 0.019701 0.201655
v -0.199901 0.012402 0.199154
v -0.178691 0.028521 0.206712
v -0.179723 0.021369 0.212943
v -0.178990 0.013703 0.209842
v -0.156163 0.029349 0.208852
v -0.156139 0.022522 0.214899
v -0.156427 0.014953 0.211885
v -0.132541 -0.014263 0.116809
v -0.140359 -0.006403 0.152683
v -0.148723 0.000678 0.180815
v -0.160417 -0.016653 0.109343
v -0.166619 -0.008828 0.145670
v -0.172174 -0.001420 0.175551
v -0.188280 -0.015077 0.100961
v -0.192694 -0.007951 0.137093
v -0.195040 -0.001223 0.166915
v -0.093395 0.025812 0.119505
v -0.104786 0.027888 0.156134
v -0.118686 0.028947 0.183964
v -0.089920 0.013270 0.123127
v -0.100835 0.017844 0.159877
v -0.115385 0.020967 0.188199
v -0.095179 0.001482 0.124124
v -0.105343 0.007754 0.160237
v -0.118831 0.012448 0.187460
v -0.190361 0.042658 0.093284
v -0.193315 0.039224 0.128301
v -0.194882 0.036224 0.159103
v -0.161097 0.045022 0.103615
v -0.166744 0.041662 0.137008
v -0.171915 0.038455 0.167330
v -0.131369 0.043176 0.110500
v -0.139898 0.040647 0.144307
v -0.148432 0.038097 0.173051
v -0.094784 0.367312 0.030583
v -0.102836 0.273425 0.022474
v -0.104946 0.190330 0.015335
v -0.085115 0.368376 -0.009809
v -0.095138 0.274291 -0.012774
v -0.098931 0.190939 -0.015908
v -0.083188 0.369759 -0.051280
v -0.094344 0.275345 -0.049042
v -0.099350 0.191744 -0.048094
v -0.177923 0.369934 0.057608
v -0.177688 0.275493 0.044628
v -0.175448 0.193250 0.034300
v -0.156365 0.368522 0.072116
v -0.157818 0.274427 0.057715
v -0.156159 0.192103 0.046097
v -0.132837 0.367394 0.074345
v -0.136310 0.273504 0.060131
v -0.135509 0.190961 0.048459
v -0.105754 0.372180 -0.103562
v -0.114898 0.276708 -0.094799
v -0.119167 0.192618 -0.088724
v -0.127359 0.372884 -0.107697
v -0.133617 0.276820 -0.098439
v -0.136033 0.192552 -0.091972
v -0.150937 0.373269 -0.099555
v -0.153978 0.276751 -0.091405
v -0.154266 0.192440 -0.085777
v -0.189008 0.373248 -0.055796
v -0.187477 0.276703 -0.053742
v -0.184858 0.192925 -0.052636
v -0.198634 0.372891 -0.025775
v -0.196330 0.276777 -0.027939
v -0.193302 0.193507 -0.029941
v -0.200508 0.372253 0.005325
v -0.198268 0.276721 -0.001118
v -0.195297 0.193964 -0.006308
v -0.021771 1.686616 0.063048
v -0.022036 1.705161 0.066103
v -0.022754 1.724555 0.073170
v -0.043725 1.686111 0.059377
v -0.044504 1.705142 0.062388
v -0.046453 1.725460 0.069285
v -0.062794 1.685561 0.052954
v -0.064399 1.705520 0.055860
v -0.068468 1.728028 0.062362
v -0.154190 1.607875 -0.087908
v -0.135999 1.622869 -0.078715
v -0.118880 1.632456 -0.070177
v -0.106750 1.613220 -0.104183
v -0.094961 1.627714 -0.094906
v -0.083234 1.636500 -0.085676
v -0.053246 1.616205 -0.113366
v -0.047533 1.630612 -0.104147
v -0.041665 1.639012 -0.094693
v -0.055567 1.586854 0.120979
v -0.049530 1.605925 0.112327
v -0.043266 1.620245 0.102913
v -0.106933 1.590503 0.111556
v -0.095365 1.608273 0.104010
v -0.083614 1.621495 0.095641
v -0.152382 1.592111 0.097401
v -0.135114 1.609251 0.090557
v -0.118383 1.621841 0.083330
v -0.334236 0.975700 0.083916
v -0.332248 0.959498 0.090580
v -0.329916 0.948332 0.095608
v -0.333335 0.980659 0.101295
v -0.331582 0.964611 0.106603
v -0.329265 0.953474 0.110435
v -0.329706 0.984326 0.120179
v -0.328599 0.969240 0.123887
v -0.326401 0.958697 0.126452
v -0.062949 1.688348 -0.025443
v -0.064137 1.708189 -0.024696
v -0.067408 1.731305 -0.026936
v -0.043821 1.690081 -0.035332
v -0.044678 1.709816 -0.034849
v -0.046997 1.732807 -0.037630
v -0.021697 1.691484 -0.041798
v -0.022180 1.711182 -0.041541
v -0.023415 1.734131 -0.044664
v -0.086376 1.684896 0.031005
v -0.088624 1.705688 0.033062
v -0.094746 1.730564 0.035887
v -0.089372 1.685033 0.016559
v -0.091294 1.705510 0.018057
v -0.096534 1.729581 0.018822
v -0.086451 1.685631 0.001508
v -0.088116 1.705834 0.002690
v -0.092717 1.729421 0.002098
v -0.088738 1.915229 -0.063494
v -0.085256 1.947264 -0.061709
v -0.080435 1.974322 -0.054653
v -0.061806 1.916018 -0.076804
v -0.059544 1.949244 -0.073860
v -0.056663 1.978334 -0.064630
v -0.031045 1.916826 -0.084709
v -0.029942 1.950834 -0.080910
v -0.028606 1.981073 -0.070327
v -0.077837 1.785564 -0.039302
v -0.083350 1.815924 -0.047434
v -0.087671 1.847875 -0.055102
v -0.054309 1.786499 -0.051443
v -0.058143 1.816474 -0.060329
v -0.061130 1.848155 -0.068576
v -0.027220 1.787446 -0.059203
v -0.029186 1.817115 -0.068426
v -0.030715 1.848581 -0.076895
v -0.115754 1.789328 0.035638
v -0.126251 1.820375 0.033067
v -0.134085 1.852169 0.031393
v -0.113605 1.786223 0.015427
v -0.122741 1.817534 0.012121
v -0.129925 1.850013 0.009032
v -0.107627 1.785076 -0.004794
v -0.115646 1.816174 -0.009793
v -0.122036 1.848661 -0.014675
v -0.077751 2.006661 -0.019544
v -0.080643 2.012574 0.008422
v -0.083737 2.013096 0.039786
v -0.054411 2.015402 -0.022235
v -0.055548 2.022364 0.009072
v -0.056999 2.023107 0.042760
v -0.027340 2.020123 -0.023765
v -0.027637 2.027468 0.009805
v -0.028148 2.028178 0.045236
v -0.137617 1.916475 0.029653
v -0.132362 1.946975 0.030156
v -0.122291 1.974316 0.032611
v -0.132822 1.916246 0.004931
v -0.127244 1.947488 0.004683
v -0.116942 1.974938 0.005870
v -0.124234 1.915483 -0.020984
v -0.118910 1.946612 -0.021141
v -0.109625 1.972929 -0.019259
v -0.135149 1.843758 0.067568
v -0.124154 1.814770 0.064956
v -0.131461 1.836189 0.071519
v -0.137671 1.860607 0.074833
v -0.139838 1.862031 0.068905
v -0.138958 1.859391 0.061501
v -0.132374 1.834916 0.061698
v -0.132371 1.915918 0.097219
v -0.124835 1.915182 0.112735
v -0.114010 1.913696 0.129071
v -0.128869 1.943202 0.096674
v -0.121872 1.941082 0.112828
v -0.111898 1.937561 0.129055
v -0.120713 1.967931 0.095097
v -0.114376 1.963767 0.113002
v -0.105902 1.957767 0.129011
v -0.109287 1.802796 0.090447
v -0.103580 1.809565 0.109455
v -0.096211 1.816827 0.126832
v -0.120432 1.829797 0.093582
v -0.113780 1.833094 0.110678
v -0.104554 1.837407 0.127959
v -0.127912 1.858276 0.095716
v -0.120522 1.859675 0.111758
v -0.110067 1.861754 0.128662
v -0.141357 1.928711 0.070286
v -0.142745 1.912879 0.062728
v -0.143481 1.911066 0.070557
v -0.141626 1.912809 0.076693
v -0.138778 1.936019 0.074867
v -0.133711 1.954815 0.068886
v -0.139444 1.936454 0.064221
v -0.291965 0.956815 0.157351
v -0.291611 0.960898 0.166450
v -0.291207 0.963195 0.174385
v -0.299367 0.957061 0.158425
v -0.298182 0.961131 0.166818
v -0.296743 0.963443 0.174707
v -0.307106 0.958680 0.157744
v -0.304800 0.962575 0.166503
v -0.302297 0.964627 0.174309
v -0.024648 1.823779 0.164020
v -0.025281 1.844154 0.168725
v -0.025921 1.865795 0.170244
v -0.049094 1.823728 0.159393
v -0.050750 1.843819 0.163746
v -0.052232 1.865562 0.165086
v -0.069786 1.823720 0.151734
v -0.073169 1.843041 0.155330
v -0.075834 1.864952 0.156413
v -0.026881 1.909871 0.169980
v -0.027153 1.931176 0.168663
v -0.027340 1.951499 0.165032
v -0.054105 1.910269 0.164775
v -0.054351 1.931604 0.163560
v -0.054168 1.951491 0.160137
v -0.078527 1.910981 0.156144
v -0.078243 1.932427 0.155191
v -0.076701 1.951414 0.152414
v -0.023852 1.759257 0.101420
v -0.023966 1.774070 0.120586
v -0.024008 1.789003 0.139287
v -0.048821 1.761243 0.097852
v -0.048474 1.775772 0.117285
v -0.047933 1.790154 0.135720
v -0.072550 1.767103 0.092677
v -0.070656 1.780817 0.112959
v -0.068407 1.793796 0.130851
v -0.084385 2.002632 0.097546
v -0.081534 1.993195 0.119152
v -0.078104 1.981383 0.135476
v -0.057733 2.010921 0.102496
v -0.056680 1.999748 0.124632
v -0.055283 1.985858 0.141462
v -0.028592 2.014844 0.106687
v -0.028345 2.002701 0.129058
v -0.027948 1.987723 0.146007
v -0.122635 1.638724 0.034417
v -0.108103 1.646747 0.032301
v -0.096443 1.656090 0.030679
v -0.126760 1.639077 0.011424
v -0.111770 1.646961 0.012488
v -0.099771 1.656299 0.013551
v -0.123008 1.640307 -0.012329
v -0.108380 1.647925 -0.008057
v -0.096654 1.657128 -0.004263
v -0.090412 1.645125 -0.052245
v -0.079428 1.651898 -0.043154
v -0.070611 1.660555 -0.035204
v -0.063130 1.647759 -0.065430
v -0.055380 1.654149 -0.055070
v -0.049173 1.662560 -0.046000
v -0.031418 1.649530 -0.073438
v -0.027493 1.655735 -0.062456
v -0.024355 1.664051 -0.052822
v -0.032208 1.640429 0.083558
v -0.028021 1.649063 0.074868
v -0.024682 1.658540 0.067903
v -0.063146 1.640313 0.078129
v -0.055363 1.648659 0.070158
v -0.049135 1.657959 0.063740
v -0.089923 1.639755 0.068572
v -0.079061 1.647917 0.061835
v -0.070335 1.657152 0.056391
v -0.307055 0.965685 0.057093
v -0.306837 0.949918 0.065849
v -0.306379 0.939250 0.072804
v -0.316754 0.965635 0.055909
v -0.315886 0.949891 0.064693
v -0.314782 0.939230 0.071676
v -0.325492 0.967414 0.060229
v -0.324032 0.951587 0.068669
v -0.322327 0.940827 0.075333
v -0.298291 0.973328 0.185681
v -0.298676 0.970694 0.186263
v -0.299243 0.968177 0.184396
v -0.292909 0.972734 0.186688
v -0.293195 0.969967 0.187454
v -0.294056 0.967382 0.185516
v -0.288152 0.972140 0.185085
v -0.288289 0.969423 0.185941
v -0.289296 0.966923 0.184292
v -0.280939 0.977571 0.150115
v -0.281268 0.974269 0.163924
v -0.282380 0.972433 0.174097
v -0.280649 0.969117 0.151614
v -0.280815 0.969242 0.164600
v -0.281999 0.969128 0.174603
v -0.282270 0.962721 0.153242
v -0.282448 0.965014 0.165182
v -0.283468 0.966151 0.174344
v -0.307631 0.995172 0.154657
v -0.303923 0.983999 0.167025
v -0.300733 0.978602 0.176346
v -0.298636 0.996328 0.154136
v -0.296584 0.984270 0.166419
v -0.294691 0.978445 0.176176
v -0.290182 0.993462 0.151966
v -0.289560 0.982533 0.165034
v -0.289016 0.977359 0.174951
v -0.317912 0.966873 0.155470
v -0.313506 0.968749 0.166490
v -0.308984 0.969292 0.175023
v -0.319503 0.973437 0.155130
v -0.314554 0.973117 0.167004
v -0.309510 0.972379 0.176076
v -0.318816 0.981565 0.154623
v -0.313502 0.977792 0.167171
v -0.308524 0.975385 0.176246
v -0.170424 1.273879 -0.074453
v -0.166975 1.230455 -0.070564
v -0.169641 1.182269 -0.065260
v -0.176643 1.266799 -0.017290
v -0.174330 1.223347 -0.012135
v -0.178251 1.175574 -0.006067
v -0.171857 1.259553 0.038480
v -0.170771 1.215369 0.044730
v -0.175723 1.167266 0.051442
v -0.128657 1.241042 0.118236
v -0.128301 1.195242 0.124601
v -0.132344 1.146439 0.131068
v -0.091889 1.228945 0.138656
v -0.091145 1.183233 0.143720
v -0.093464 1.134984 0.148967
v -0.047714 1.216372 0.150331
v -0.047006 1.171607 0.153632
v -0.047878 1.124670 0.157218
v -0.047047 1.267016 -0.182097
v -0.044768 1.222130 -0.183054
v -0.044195 1.172957 -0.183769
v -0.092335 1.275064 -0.175171
v -0.088075 1.229731 -0.174813
v -0.087051 1.179828 -0.173655
v -0.128855 1.279606 -0.156711
v -0.123821 1.234685 -0.155150
v -0.123360 1.184898 -0.152230
vn 0.5538 0.7010 -0.4492
vn 0.8958 -0.1543 -0.4168
vn 0.4756 0.5480 0.6881
vn 0.8305 0.1785 0.5277
vn 0.0169 0.3545 -0.9349
vn 0.0165 0.0250 -0.9996
vn -0.0174 0.2362 0.9715
vn -0.0061 0.0711 0.9975
vn 0.7715 0.2778 -0.5724
vn 0.8217 0.2170 0.5270
vn -0.0394 -0.2606 -0.9646
vn 0.0284 -0.3637 0.9311
vn 0.7729 -0.1815 -0.6081
vn 0.8596 -0.2685 0.4348
vn 0.8941 -0.4417 0.0735
vn -0.6672 -0.4719 -0.5763
vn 0.7730 -0.0489 -0.6325
vn 0.9048 -0.0636 0.4210
vn -0.8839 -0.0978 -0.4573
vn -0.7560 -0.1178 0.6439
vn -0.8169 0.2714 -0.5089
vn -0.6071 0.6093 0.5101
vn 0.6524 0.2645 -0.7102
vn 0.7033 0.6777 0.2148
vn 0.2737 -0.5069 -0.8174
vn -0.0230 -0.0102 0.9997
vn -0.4982 -0.4969 0.7106
vn 0.0216 0.2340 -0.9720
vn 0.9941 -0.0409 0.1003
vn 0.5552 -0.0419 0.8306
vn -0.6532 -0.4131 -0.6346
vn -0.9803 0.1976 -0.0005
vn 0.9652 -0.2518 -0.0705
vn 0.7124 0.3869 0.5856
vn -0.6641 -0.6229 -0.4134
vn -0.9557 -0.1215 0.2682
vn 0.7633 -0.5979 0.2448
vn 0.5319 -0.1500 0.8334
vn -0.9789 -0.1858 0.0853
vn 0.5466 0.1891 0.8158
vn -0.5585 -0.2931 -0.7760
vn 0.9961 0.0804 -0.0354
vn -0.5212 -0.7732 -0.3614
vn -0.4126 -0.9075 -0.0793
vn 0.4542 -0.7322 -0.5076
vn 0.4431 -0.8482 -0.2902
vn -0.1143 0.7505 0.6509
vn 0.4655 0.7422 0.4822
vn -0.2235 -0.9627 0.1524
vn 0.3800 -0.9210 -0.0859
vn 0.8749 -0.0419 0.4824
vn 0.7361 -0.0336 -0.6760
vn -0.8523 0.0163 -0.5228
vn -0.7208 0.0127 0.6930
vn 0.3381 0.8813 0.3303
vn -0.0089 0.6923 0.7216
vn 0.3386 0.9305 -0.1394
vn 0.0070 0.8964 -0.4432
vn 0.7707 -0.4895 0.4080
vn -0.0001 -0.6324 0.7746
vn 0.7246 -0.2866 -0.6267
vn -0.0002 -0.2667 -0.9638
vn 0.9878 -0.0621 -0.1430
vn 0.5228 -0.5038 0.6876
vn 0.7644 -0.0916 -0.6382
vn -0.0004 -0.1130 -0.9936
vn 0.7244 0.6811 0.1063
vn 0.0001 0.9752 0.2215
vn 0.6374 0.5848 -0.5017
vn -0.0003 0.7656 -0.6433
vn -0.4231 -0.7858 0.4511
vn -0.9444 -0.2566 0.2057
vn 0.9045 -0.0816 0.4186
vn 0.6422 -0.2342 0.7298
vn 0.0004 -0.5739 0.8189
vn 0.6195 -0.0430 0.7838
vn 0.0004 0.0049 1.0000
vn 0.0004 0.4588 0.8885
vn 0.5181 0.4087 0.7514
vn 0.6600 0.3027 0.6876
vn -0.0028 0.1967 0.9804
vn 0.0044 0.3864 -0.9223
vn 0.7172 0.4168 -0.5584
vn 0.3796 -0.6207 0.6860
vn -0.6189 0.7848 0.0316
vn 0.2586 0.8905 0.3744
vn 0.8568 0.1623 -0.4894
vn -0.0005 0.0623 -0.9981
vn 0.0031 0.0267 0.9996
vn 0.7950 0.2241 0.5637
vn -0.5142 0.7250 -0.4582
vn -0.8742 -0.1713 -0.4544
vn -0.4930 0.5457 0.6776
vn -0.8424 0.1795 0.5081
vn -0.7504 0.2486 -0.6125
vn -0.8286 0.2590 0.4963
vn -0.7450 -0.2168 -0.6309
vn -0.8780 -0.2489 0.4087
vn -0.8908 -0.4085 -0.1990
vn 0.7603 -0.3320 -0.5583
vn -0.7571 -0.0282 -0.6527
vn -0.9164 -0.0414 0.3981
vn 0.8919 -0.1233 -0.4352
vn 0.7363 -0.1352 0.6630
vn 0.8094 0.1198 -0.5749
vn 0.6172 0.7782 0.1160
vn -0.6924 0.1232 -0.7110
vn -0.6420 0.7667 0.0083
vn -0.2766 -0.4581 -0.8448
vn 0.4216 -0.5479 0.7225
vn -0.9971 0.0146 0.0750
vn -0.5738 -0.0441 0.8178
vn 0.7523 -0.2622 -0.6044
vn 0.9659 0.1418 0.2164
vn -0.9403 -0.1944 -0.2793
vn -0.8018 0.2671 0.5346
vn 0.7296 -0.5201 -0.4441
vn 0.8947 -0.2264 0.3851
vn -0.7911 -0.6092 -0.0554
vn -0.6687 -0.3404 0.6611
vn 0.9708 -0.2332 0.0569
vn -0.5304 0.2481 0.8106
vn 0.5263 -0.3336 -0.7821
vn -0.9936 0.1103 -0.0230
vn 0.4924 -0.8396 -0.2293
vn 0.3995 -0.8867 0.2328
vn -0.4933 -0.8049 -0.3297
vn -0.4628 -0.8801 0.1058
vn 0.1940 0.9406 0.2786
vn -0.4033 0.8966 0.1829
vn 0.2415 -0.8463 0.4748
vn -0.3824 -0.8664 0.3211
vn -0.8813 -0.0446 0.4705
vn -0.7180 0.0094 -0.6959
vn 0.8655 0.0023 -0.5009
vn 0.6957 -0.0390 0.7173
vn -0.3457 0.8809 0.3233
vn -0.3281 0.9336 -0.1440
vn -0.7701 -0.4900 0.4084
vn -0.7254 -0.2855 -0.6263
vn -0.9879 -0.0621 -0.1421
vn -0.5222 -0.5038 0.6881
vn -0.7650 -0.0916 -0.6375
vn -0.7243 0.6811 0.1070
vn -0.6379 0.5848 -0.5011
vn 0.3420 -0.8930 0.2927
vn 0.8952 -0.3399 0.2882
vn -0.9041 -0.0816 0.4194
vn -0.7587 -0.3901 0.5217
vn -0.6188 -0.0430 0.7844
vn -0.5174 0.4087 0.7518
vn -0.6673 0.2931 0.6847
vn -0.7113 0.4220 -0.5621
vn -0.4903 -0.7622 0.4227
vn 0.5995 0.7233 0.3426
vn -0.3249 0.7717 0.5467
vn -0.8504 0.1537 -0.5032
vn -0.7954 0.2427 0.5554
vn -0.5900 -0.3396 0.7325
vn -0.1381 -0.3137 0.9394
vn 0.2647 -0.3002 0.9164
vn 0.6668 -0.1513 -0.7298
vn 0.3292 -0.0786 -0.9410
vn 0.0606 -0.0057 -0.9981
vn 0.5781 -0.6079 -0.5443
vn 0.8136 -0.4277 -0.3939
vn 0.8946 -0.2205 -0.3887
vn -0.0209 -0.1335 0.9908
vn -0.0202 0.0056 0.9998
vn -0.0187 0.1163 0.9930
vn 0.3858 -0.4945 0.7789
vn 0.8130 0.0470 0.5804
vn 0.7977 0.2941 0.5265
vn 0.0205 0.1017 -0.9946
vn 0.0196 0.0475 -0.9987
vn 0.0186 0.0039 -0.9998
vn 0.2890 0.3538 0.8895
vn 0.1771 0.2456 0.9531
vn 0.0918 0.2336 0.9680
vn 0.6171 0.7785 -0.1149
vn 0.6289 0.7706 0.1029
vn 0.6073 0.7280 0.3181
vn 0.2077 0.1052 0.9725
vn 0.3554 0.1622 0.9205
vn 0.6108 0.1905 0.7685
vn 0.5084 0.7832 -0.3579
vn 0.4452 0.8617 -0.2433
vn 0.3726 0.9134 -0.1637
vn 0.1117 0.3924 -0.9130
vn 0.2532 0.4888 -0.8348
vn 0.4005 0.6024 -0.6904
vn 0.9513 0.1071 0.2890
vn 0.9983 0.0042 0.0587
vn 0.9826 -0.0920 -0.1613
vn -0.0205 -0.8292 -0.5586
vn 0.0118 -0.9978 -0.0659
vn 0.0337 -0.9019 0.4307
vn 0.5306 0.2434 -0.8119
vn 0.2854 0.1350 -0.9489
vn 0.0955 -0.0242 -0.9951
vn 0.0231 -0.1236 0.9921
vn 0.2242 0.0249 0.9742
vn 0.5274 0.1449 0.8372
vn 0.9509 0.2459 0.1878
vn 0.9634 0.2585 -0.0714
vn 0.9121 0.2704 -0.3081
vn 0.8201 0.2395 -0.5198
vn 0.7945 0.2595 -0.5490
vn 0.7734 0.2784 -0.5695
vn 0.0054 0.0363 -0.9993
vn 0.0099 0.0389 -0.9992
vn 0.0138 0.0463 -0.9988
vn 0.0076 -0.0115 0.9999
vn 0.0130 -0.0467 0.9988
vn 0.0176 -0.1350 0.9907
vn 0.8178 0.2012 0.5392
vn 0.8468 0.1082 0.5207
vn 0.8573 0.0197 0.5144
vn -0.9819 0.0309 -0.1870
vn -0.9746 -0.1112 -0.1945
vn -0.9684 -0.2370 -0.0775
vn -0.8574 -0.2791 -0.4324
vn -0.9348 -0.1775 -0.3076
vn -0.9768 -0.1485 -0.1541
vn 0.9631 -0.2390 0.1238
vn 0.9689 -0.2099 -0.1314
vn 0.9098 -0.1951 -0.3663
vn 0.8625 0.2060 0.4623
vn 0.8831 0.0287 0.4683
vn 0.8109 -0.1546 0.5644
vn -0.5807 -0.3737 -0.7233
vn -0.8068 -0.1993 -0.5562
vn -0.8735 -0.0774 -0.4806
vn 0.8619 0.1297 0.4903
vn 0.8904 -0.0523 0.4523
vn 0.8778 -0.1799 0.4441
vn 0.7902 -0.1201 -0.6009
vn 0.8123 0.0076 -0.5832
vn 0.7961 0.1937 -0.5734
vn -0.9904 -0.0850 -0.1086
vn -0.9899 -0.0846 0.1138
vn -0.9395 -0.0926 0.3297
vn 0.5188 -0.0756 -0.8515
vn 0.0968 -0.1048 -0.9898
vn -0.4869 -0.1149 -0.8659
vn -0.2896 -0.1477 0.9457
vn 0.2889 -0.1409 0.9469
vn 0.6878 -0.1035 0.7185
vn 0.9917 -0.0394 0.1223
vn 0.9888 -0.0314 -0.1458
vn 0.9192 -0.0341 -0.3922
vn 0.5543 -0.1518 -0.8184
vn 0.2946 -0.1301 -0.9467
vn 0.0505 -0.1534 -0.9869
vn 0.9049 -0.1035 0.4128
vn 0.8931 -0.1704 0.4164
vn 0.8613 -0.2775 0.4256
vn -0.6631 -0.5483 -0.5096
vn -0.6678 -0.4863 -0.5635
vn -0.6683 -0.4619 -0.5831
vn 0.7809 -0.0736 -0.6203
vn 0.7804 -0.1148 -0.6147
vn 0.7646 -0.1839 -0.6178
vn -0.9540 0.2239 -0.1993
vn -0.9754 0.2178 0.0329
vn -0.9071 0.3218 0.2715
vn 0.4243 0.2892 -0.8581
vn 0.0463 0.3205 -0.9461
vn -0.4519 0.3207 -0.8325
vn -0.1417 0.7945 0.5905
vn 0.1148 0.8152 0.5677
vn 0.3371 0.8089 0.4817
vn 0.8904 0.4420 -0.1089
vn 0.8832 0.3041 -0.3571
vn 0.7956 0.2635 -0.5456
vn 0.8690 0.0768 0.4889
vn 0.8397 0.3044 0.4498
vn 0.7539 0.5580 0.3467
vn 0.7501 -0.0598 -0.6586
vn 0.7609 -0.0641 -0.6457
vn 0.7678 -0.0501 -0.6387
vn -0.8674 -0.0316 -0.4965
vn -0.8770 -0.0822 -0.4735
vn -0.8744 -0.1432 -0.4636
vn -0.6994 0.1076 0.7066
vn -0.6754 0.2793 0.6825
vn -0.6394 0.4656 0.6119
vn 0.5635 0.5185 -0.6431
vn 0.5998 0.2773 -0.7506
vn 0.5910 -0.0461 -0.8053
vn -0.0097 0.1056 0.9944
vn -0.0143 0.0842 0.9963
vn -0.0188 0.0669 0.9976
vn 0.2666 0.1515 0.9518
vn -0.0127 -0.1768 0.9842
vn -0.2634 -0.2657 0.9274
vn 0.0185 0.3248 -0.9456
vn 0.0202 0.3225 -0.9464
vn 0.0221 0.3577 -0.9336
vn -0.0180 0.3007 -0.9536
vn 0.2973 0.2831 -0.9118
vn 0.5573 -0.0478 -0.8289
vn -0.5539 -0.6571 -0.5114
vn -0.7676 -0.5664 -0.3001
vn -0.8052 -0.5921 -0.0330
vn 0.1740 -0.4893 0.8546
vn 0.5003 -0.4460 0.7422
vn 0.5111 -0.1553 0.8453
vn 0.9381 -0.0130 0.3462
vn 0.8609 -0.0125 0.5087
vn 0.7572 -0.0292 0.6526
vn 0.6773 -0.0019 0.7357
vn 0.7299 0.1788 0.6597
vn 0.6342 0.4354 0.6389
vn 0.7337 0.6123 -0.2945
vn 0.9245 0.3689 -0.0964
vn 0.9941 0.1006 0.0414
vn -0.8535 -0.2588 -0.4523
vn -0.9349 -0.1577 -0.3181
vn -0.9780 -0.0556 -0.2010
vn 0.9818 -0.0748 0.1748
vn 0.9466 0.0429 0.3194
vn 0.8869 0.1599 0.4334
vn -0.7692 0.4936 0.4059
vn -0.3216 0.6429 0.6951
vn 0.2366 0.6152 0.7520
vn 0.7760 -0.4738 -0.4163
vn 0.3285 -0.6194 -0.7131
vn -0.2349 -0.5802 -0.7799
vn -0.9743 -0.1918 0.1177
vn -0.9901 -0.0673 0.1230
vn -0.9939 0.0643 0.0894
vn -0.5659 -0.2641 -0.7810
vn -0.5926 -0.3131 -0.7421
vn -0.6231 -0.3666 -0.6910
vn 0.9960 0.0277 -0.0845
vn 0.9927 -0.0787 -0.0919
vn 0.9797 -0.1819 -0.0846
vn -0.7980 -0.5342 -0.2789
vn -0.9088 -0.4025 -0.1102
vn -0.9605 -0.2634 0.0895
vn 0.7526 -0.5111 0.4152
vn 0.7129 -0.3954 0.5791
vn 0.6320 -0.2748 0.7246
vn -0.7451 -0.1615 0.6471
vn -0.2509 -0.1808 0.9510
vn 0.2527 -0.1629 0.9537
vn 0.5802 -0.8085 0.0983
vn 0.1677 -0.9770 -0.1313
vn -0.3441 -0.8767 -0.3360
vn 0.8789 -0.4663 0.1007
vn 0.8569 -0.4977 0.1342
vn 0.8183 -0.5453 0.1816
vn -0.6636 -0.4857 -0.5690
vn -0.6624 -0.4730 -0.5810
vn -0.6628 -0.4471 -0.6007
vn 0.6130 -0.0948 0.7844
vn 0.5910 -0.0513 0.8051
vn 0.5651 -0.0746 0.8216
vn -0.9795 -0.0383 0.1977
vn -0.9795 0.0147 0.2007
vn -0.9732 -0.0180 0.2294
vn -0.9241 -0.3303 0.1924
vn -0.9738 -0.2215 0.0512
vn -0.9876 -0.1548 0.0247
vn 0.6613 0.3168 0.6799
vn 0.6121 0.2291 0.7569
vn 0.5814 0.1537 0.7989
vn -0.2930 -0.4000 -0.8684
vn -0.4621 -0.3592 -0.8108
vn -0.5207 -0.3469 -0.7801
vn 0.7728 0.2023 0.6015
vn 0.8834 0.1849 0.4306
vn 0.9576 0.1493 0.2465
vn 0.8927 -0.0442 -0.4486
vn 0.5021 -0.1990 -0.8416
vn -0.0899 -0.2939 -0.9516
vn -0.7886 -0.2613 -0.5566
vn -0.8936 -0.2374 -0.3810
vn -0.9568 -0.2165 -0.1939
vn -0.8638 -0.1204 0.4892
vn -0.4761 -0.0035 0.8794
vn 0.0982 0.1196 0.9880
vn -0.5315 -0.8158 -0.2278
vn -0.5008 -0.8541 -0.1403
vn -0.4586 -0.8828 -0.1018
vn 0.2563 -0.8141 -0.5211
vn -0.0068 -0.8659 -0.5001
vn -0.2876 -0.8466 -0.4478
vn -0.1371 -0.9801 -0.1438
vn 0.0370 -0.9826 -0.1818
vn 0.2024 -0.9529 -0.2257
vn 0.4673 -0.8351 -0.2903
vn 0.4846 -0.8174 -0.3115
vn 0.4868 -0.7814 -0.3905
vn -0.8371 0.0959 -0.5386
vn -0.8182 -0.1835 -0.5449
vn -0.7057 -0.5191 -0.4823
vn -0.7673 -0.6398 0.0432
vn -0.9663 -0.1628 0.1993
vn -0.8853 0.3129 0.3440
vn 0.9148 0.3950 -0.0842
vn 0.9565 -0.0798 -0.2804
vn 0.7557 -0.5601 -0.3394
vn 0.5912 -0.4558 -0.6654
vn 0.6612 -0.1372 -0.7375
vn 0.6680 0.1080 -0.7362
vn 0.0431 0.7763 0.6289
vn 0.1926 0.7842 0.5898
vn 0.3369 0.7679 0.5448
vn -0.0657 -0.9922 0.1055
vn 0.0881 -0.9953 0.0404
vn 0.2417 -0.9702 -0.0172
vn -0.3598 -0.7925 0.4924
vn -0.4246 -0.1751 0.8883
vn -0.2652 0.5029 0.8227
vn 0.7015 0.5125 0.4952
vn 0.9106 -0.1062 0.3994
vn 0.6879 -0.7172 0.1109
vn 0.5392 0.7936 0.2819
vn 0.4833 0.8058 0.3423
vn 0.4696 0.7824 0.4091
vn 0.3872 -0.9023 -0.1894
vn 0.3923 -0.8839 -0.2548
vn 0.4154 -0.8650 -0.2815
vn -0.2946 -0.9537 0.0613
vn -0.3392 -0.9407 -0.0109
vn -0.3751 -0.9256 -0.0509
vn -0.2035 0.7832 0.5875
vn -0.2975 0.7929 0.5318
vn -0.4168 0.7595 0.4994
vn 0.9022 -0.0649 0.4265
vn 0.8958 -0.0878 0.4357
vn 0.8841 -0.0896 0.4587
vn 0.6588 0.2896 -0.6943
vn 0.6912 0.1773 -0.7005
vn 0.7188 0.0435 -0.6938
vn -0.8070 0.3086 -0.5034
vn -0.8257 0.2105 -0.5234
vn -0.8417 0.0926 -0.5320
vn -0.7372 -0.1346 0.6621
vn -0.7359 -0.0891 0.6712
vn -0.7288 -0.0471 0.6831
vn -0.9800 0.0374 -0.1953
vn -0.9982 0.0497 0.0348
vn -0.9532 0.0467 0.2988
vn -0.2091 -0.0416 0.9770
vn 0.2798 -0.0683 0.9576
vn 0.6198 -0.0623 0.7823
vn 0.4942 -0.0357 -0.8686
vn 0.0918 -0.0297 -0.9953
vn -0.4581 -0.0104 -0.8889
vn 0.9939 -0.0246 0.1072
vn 0.9767 -0.0215 -0.2137
vn 0.8865 -0.0273 -0.4619
vn 0.2455 0.8250 0.5091
vn 0.1440 0.7626 0.6306
vn 0.0500 0.7135 0.6989
vn 0.3790 0.9246 -0.0390
vn 0.3961 0.9166 0.0540
vn 0.3895 0.9063 0.1640
vn 0.6849 -0.0538 0.7267
vn 0.6819 -0.2324 0.6936
vn 0.7065 -0.3674 0.6049
vn 0.0968 0.9054 -0.4133
vn 0.1975 0.9207 -0.3367
vn 0.2765 0.9296 -0.2437
vn 0.3585 0.8571 0.3699
vn 0.4114 0.7894 0.4556
vn 0.4501 0.6955 0.5601
vn 0.0151 0.4537 -0.8910
vn 0.0128 0.6435 -0.7653
vn 0.0094 0.8238 -0.5668
vn -0.0109 0.6077 0.7941
vn -0.0131 0.4867 0.8735
vn -0.0153 0.3623 0.9319
vn 0.4614 -0.5724 0.6778
vn 0.2478 -0.6116 0.7514
vn 0.1040 -0.6279 0.7713
vn 0.8819 -0.2879 -0.3733
vn 0.9483 -0.3024 -0.0967
vn 0.9188 -0.3553 0.1718
vn 0.9073 -0.4021 0.1227
vn 0.9498 -0.3114 -0.0304
vn 0.9742 -0.1968 -0.1103
vn 0.1733 -0.2700 -0.9471
vn 0.3465 -0.2769 -0.8962
vn 0.5287 -0.2833 -0.8001
vn -0.0044 0.4857 0.8741
vn -0.0057 0.6601 0.7511
vn -0.0070 0.7172 0.6968
vn 0.0033 0.1257 -0.9921
vn 0.0021 -0.0681 -0.9977
vn 0.0008 -0.1907 -0.9817
vn 0.5818 0.7134 -0.3907
vn 0.4428 0.8610 -0.2503
vn 0.3646 0.9151 -0.1719
vn 0.9910 -0.0665 -0.1165
vn 0.9907 -0.0756 0.1131
vn 0.9258 -0.0812 0.3691
vn 0.9062 -0.0698 -0.4170
vn 0.9670 -0.0584 -0.2480
vn 0.9861 -0.0581 -0.1556
vn 0.1669 -0.1147 -0.9793
vn 0.3509 -0.1160 -0.9292
vn 0.5560 -0.1098 -0.8239
vn 0.8144 -0.1586 0.5582
vn 0.8827 -0.1822 0.4332
vn 0.9167 -0.2703 0.2941
vn -0.0004 -0.2972 -0.9548
vn -0.0004 -0.2812 -0.9597
vn -0.0004 -0.2222 -0.9750
vn 0.7503 -0.2058 -0.6282
vn 0.7340 -0.2764 -0.6204
vn 0.7238 -0.3040 -0.6195
vn 0.4682 0.8701 0.1542
vn 0.2627 0.9455 0.1925
vn 0.1140 0.9701 0.2142
vn 0.6790 0.6543 -0.3330
vn 0.6960 0.6949 -0.1808
vn 0.7010 0.7116 -0.0469
vn -0.0000 0.9981 0.0610
vn -0.0001 0.9933 -0.1153
vn -0.0002 0.9373 -0.3486
vn 0.1269 0.7570 -0.6410
vn 0.2867 0.7263 -0.6247
vn 0.4710 0.6668 -0.5776
vn -0.0004 0.0368 -0.9993
vn -0.0004 0.2281 -0.9736
vn -0.0004 0.4865 -0.8737
vn 0.7095 0.4034 -0.5779
vn 0.7516 0.2156 -0.6234
vn 0.7669 0.0513 -0.6397
vn 0.8849 0.4647 -0.0301
vn 0.9582 0.2598 -0.1199
vn 0.9849 0.0881 -0.1491
vn 0.4253 0.6385 0.6415
vn 0.5298 0.1272 0.8385
vn 0.4812 -0.3591 0.7997
vn -0.8401 0.5094 0.1865
vn -0.9150 -0.0521 0.4001
vn -0.6799 -0.5657 0.4665
vn -0.2122 -0.8033 0.5566
vn 0.0124 -0.7774 0.6289
vn 0.2150 -0.7057 0.6751
vn 0.9054 -0.0797 0.4171
vn 0.8672 -0.0747 0.4923
vn 0.7764 -0.0630 0.6271
vn 0.7098 -0.6616 -0.2417
vn 0.2835 -0.7908 -0.5425
vn -0.2620 -0.7026 -0.6616
vn -0.5421 -0.4555 0.7062
vn -0.7227 -0.2620 0.6396
vn -0.7599 -0.1348 0.6360
vn 0.0002 -0.7313 0.6820
vn 0.0001 -0.7856 0.6188
vn 0.0001 -0.7561 0.6544
vn 0.6693 0.6810 0.2970
vn 0.6354 0.6136 0.4688
vn 0.5852 0.5149 0.6264
vn 0.3753 -0.5406 0.7530
vn 0.2242 -0.5630 0.7954
vn 0.0995 -0.5720 0.8142
vn 0.5896 -0.3547 0.7256
vn 0.6234 -0.2091 0.7534
vn 0.6268 -0.1025 0.7724
vn 0.4316 -0.0211 0.9018
vn 0.2663 -0.0054 0.9639
vn 0.1271 0.0026 0.9919
vn 0.0004 0.2643 0.9644
vn 0.0004 0.1185 0.9929
vn 0.0004 0.0359 0.9994
vn 0.0004 -0.0364 0.9993
vn 0.0004 -0.1501 0.9887
vn 0.0004 -0.3459 0.9383
vn 0.3791 0.4403 0.8139
vn 0.2376 0.4563 0.8575
vn 0.1123 0.4594 0.8811
vn 0.5760 0.2585 0.7755
vn 0.6061 0.1161 0.7868
vn 0.6148 0.0142 0.7885
vn -0.0130 -0.2528 0.9674
vn 0.2790 -0.2338 0.9314
vn 0.6131 -0.2587 0.7464
vn 0.9559 -0.2886 -0.0541
vn 0.9412 -0.3371 -0.0212
vn 0.9167 -0.3983 0.0305
vn 0.0002 0.9188 0.3947
vn 0.0003 0.8147 0.5799
vn 0.0003 0.6567 0.7542
vn 0.3657 0.8650 0.3436
vn 0.4260 0.8113 0.4005
vn 0.5398 0.6536 0.5305
vn -0.0005 -0.4440 0.8960
vn -0.0012 -0.2561 0.9667
vn -0.0018 -0.0678 0.9977
vn 0.0060 0.8873 -0.4612
vn 0.0057 0.8221 -0.5693
vn 0.0054 0.6507 -0.7594
vn 0.7369 -0.2203 -0.6391
vn 0.7551 -0.1006 -0.6479
vn 0.7669 0.0959 -0.6346
vn 0.8670 0.3983 -0.2994
vn 0.9288 0.3699 0.0243
vn 0.8610 0.3413 0.3771
vn 0.1901 0.3923 -0.9000
vn 0.3651 0.4054 -0.8380
vn 0.5386 0.4160 -0.7327
vn 0.4208 0.2569 0.8700
vn 0.2359 0.2246 0.9455
vn 0.1028 0.2050 0.9733
vn 0.8639 0.4615 0.2019
vn 0.9131 0.2467 0.3245
vn 0.9140 0.0652 0.4004
vn 0.8428 -0.4513 0.2932
vn 0.8774 -0.3405 0.3379
vn 0.8940 -0.2133 0.3941
vn 0.5695 -0.5815 0.5809
vn 0.6067 -0.6209 0.4964
vn 0.6504 -0.6063 0.4576
vn -0.4250 0.8965 0.1254
vn -0.1855 0.9584 0.2168
vn 0.0546 0.9483 0.3126
vn 0.5242 -0.4501 0.7229
vn 0.4563 -0.5809 0.6741
vn 0.4216 -0.6252 0.6568
vn -0.4622 -0.7991 0.3845
vn -0.5480 -0.7488 0.3728
vn -0.7303 -0.5835 0.3553
vn -0.6650 0.7465 -0.0215
vn -0.7692 0.6389 -0.0088
vn -0.9010 0.4339 0.0047
vn 0.3311 0.8647 0.3777
vn 0.4365 0.7721 0.4619
vn 0.5894 0.5861 0.5559
vn 0.8798 -0.1482 -0.4515
vn 0.8866 -0.0640 -0.4580
vn 0.8797 0.0384 -0.4740
vn -0.0272 -0.0290 -0.9992
vn -0.0183 0.0585 -0.9981
vn -0.0086 0.0802 -0.9967
vn -0.0040 0.0475 0.9989
vn -0.0019 0.0548 0.9985
vn 0.0003 0.0556 0.9985
vn 0.7981 0.2269 0.5581
vn 0.7952 0.2145 0.5672
vn 0.7981 0.2092 0.5650
vn 0.9393 0.2618 0.2219
vn 0.9674 0.2528 -0.0142
vn 0.9487 0.2202 -0.2267
vn 0.0812 0.0372 0.9960
vn 0.2375 0.0736 0.9686
vn 0.5035 0.1411 0.8524
vn 0.6479 0.0969 -0.7556
vn 0.3875 0.0599 -0.9199
vn 0.1505 0.0580 -0.9869
vn -0.6282 -0.1243 0.7681
vn -0.3910 -0.0329 0.9198
vn 0.1116 -0.0323 0.9932
vn 0.5440 0.2342 0.8057
vn 0.5384 0.1518 0.8289
vn 0.5326 0.0318 0.8458
vn 0.9596 -0.0916 -0.2659
vn 0.7623 -0.1490 -0.6298
vn 0.4834 -0.2379 -0.8425
vn 0.9977 -0.0165 0.0658
vn 0.9983 0.0495 0.0308
vn 0.9974 0.0714 -0.0057
vn 0.4546 -0.5430 0.7060
vn -0.0267 -0.5534 0.8325
vn -0.4193 -0.5179 0.7456
vn -0.6266 -0.1616 -0.7624
vn -0.2872 -0.0853 -0.9541
vn -0.0234 -0.0109 -0.9997
vn -0.5508 -0.5881 -0.5922
vn -0.7790 -0.4379 -0.4488
vn -0.8651 -0.2480 -0.4361
vn -0.4488 -0.4778 0.7552
vn -0.8227 0.0453 0.5667
vn -0.8083 0.2905 0.5122
vn -0.3221 0.3434 0.8822
vn -0.2133 0.2373 0.9477
vn -0.1273 0.2295 0.9650
vn -0.5874 0.7983 -0.1329
vn -0.6095 0.7882 0.0851
vn -0.6014 0.7397 0.3019
vn -0.2249 0.1097 0.9682
vn -0.3775 0.1706 0.9102
vn -0.6296 0.1975 0.7514
vn -0.4867 0.7907 -0.3714
vn -0.4284 0.8675 -0.2526
vn -0.3590 0.9179 -0.1691
vn -0.0767 0.3975 -0.9144
vn -0.2162 0.4999 -0.8386
vn -0.3631 0.6202 -0.6954
vn -0.9580 0.1016 0.2682
vn -0.9994 -0.0092 0.0338
vn -0.9756 -0.1095 -0.1904
vn -0.5261 0.2048 -0.8254
vn -0.3110 0.1022 -0.9449
vn -0.1498 -0.0359 -0.9881
vn 0.0102 -0.1080 0.9941
vn -0.2092 0.0605 0.9760
vn -0.5253 0.1894 0.8296
vn -0.9522 0.2725 0.1380
vn -0.9559 0.2662 -0.1241
vn -0.8954 0.2596 -0.3618
vn -0.8114 0.2256 -0.5392
vn -0.7820 0.2395 -0.5754
vn -0.7567 0.2513 -0.6035
vn -0.8235 0.2102 0.5269
vn -0.8550 0.1157 0.5055
vn -0.8680 0.0260 0.4959
vn 0.9993 0.0383 -0.0023
vn 0.9942 -0.0964 -0.0482
vn 0.9683 -0.2481 0.0285
vn 0.9213 -0.1915 -0.3383
vn 0.9752 -0.1293 -0.1799
vn 0.9895 -0.1430 -0.0193
vn -0.9687 -0.2370 0.0739
vn -0.9582 -0.2217 -0.1809
vn -0.8852 -0.2185 -0.4107
vn -0.9312 0.1134 0.3466
vn -0.9516 -0.0583 0.3019
vn -0.8963 -0.2632 0.3570
vn 0.5395 -0.4132 -0.7337
vn 0.7966 -0.2267 -0.5604
vn 0.8757 -0.1051 -0.4712
vn -0.8737 0.1627 0.4584
vn -0.9066 -0.0226 0.4213
vn -0.8952 -0.1570 0.4171
vn -0.7642 -0.1402 -0.6296
vn -0.7851 -0.0185 -0.6191
vn -0.7716 0.1642 -0.6146
vn 0.9902 -0.1109 -0.0846
vn 0.9844 -0.1103 0.1373
vn 0.9285 -0.1170 0.3524
vn -0.5021 -0.0641 -0.8624
vn -0.0804 -0.1085 -0.9908
vn 0.5023 -0.1344 -0.8542
vn 0.2642 -0.1496 0.9528
vn -0.3115 -0.1290 0.9414
vn -0.7055 -0.0852 0.7036
vn -0.9954 -0.0140 0.0947
vn -0.9847 -0.0049 -0.1740
vn -0.9081 -0.0090 -0.4187
vn -0.5477 -0.1950 -0.8136
vn -0.3212 -0.1758 -0.9305
vn -0.1073 -0.1924 -0.9754
vn -0.9166 -0.0815 0.3914
vn -0.9053 -0.1516 0.3967
vn -0.8751 -0.2605 0.4078
vn 0.7450 -0.4229 -0.5158
vn 0.7587 -0.3493 -0.5499
vn 0.7625 -0.3207 -0.5619
vn -0.7661 -0.0671 -0.6392
vn -0.7638 -0.1293 -0.6324
vn -0.7407 -0.2227 -0.6338
vn 0.9509 0.1378 -0.2772
vn 0.9709 0.2166 -0.1021
vn 0.9012 0.4328 0.0227
vn -0.4597 0.1157 -0.8805
vn -0.0849 0.1144 -0.9898
vn 0.4220 0.1176 -0.8989
vn 0.1815 0.9740 0.1357
vn -0.0290 0.9908 0.1322
vn -0.2373 0.9644 0.1165
vn -0.8878 0.4306 -0.1626
vn -0.9126 0.2162 -0.3469
vn -0.8373 0.1423 -0.5278
vn -0.8722 0.0832 0.4820
vn -0.8255 0.3991 0.3992
vn -0.6940 0.6972 0.1797
vn -0.7314 -0.0350 -0.6810
vn -0.7429 -0.0393 -0.6682
vn -0.7504 -0.0252 -0.6605
vn 0.8791 -0.0536 -0.4736
vn 0.8866 -0.1045 -0.4506
vn 0.8822 -0.1654 -0.4410
vn 0.7132 0.1059 0.6929
vn 0.7093 0.4498 0.5427
vn 0.6241 0.7360 0.2624
vn -0.5126 0.5639 -0.6475
vn -0.5520 0.3384 -0.7621
vn -0.5619 0.0238 -0.8269
vn -0.3005 0.1325 0.9445
vn -0.0314 -0.2166 0.9757
vn 0.2184 -0.3227 0.9210
vn 0.0696 0.3079 -0.9489
vn -0.2345 0.3142 -0.9199
vn -0.5118 0.0114 -0.8590
vn 0.5020 -0.6944 -0.5155
vn 0.7182 -0.6355 -0.2836
vn 0.7531 -0.6579 -0.0070
vn -0.2254 -0.5045 0.8335
vn -0.5306 -0.4379 0.7257
vn -0.5448 -0.1561 0.8239
vn -0.9450 0.0295 0.3259
vn -0.8709 0.0171 0.4912
vn -0.7707 -0.0131 0.6371
vn -0.6941 0.0135 0.7198
vn -0.7392 0.1983 0.6437
vn -0.6387 0.4484 0.6253
vn -0.6850 0.6585 -0.3118
vn -0.8940 0.4302 -0.1251
vn -0.9865 0.1634 0.0102
vn 0.9175 -0.1685 -0.3602
vn 0.9745 -0.1143 -0.1929
vn 0.9973 -0.0552 -0.0477
vn -0.9971 -0.0756 -0.0065
vn -0.9864 0.0112 0.1637
vn -0.9452 0.1026 0.3101
vn 0.6888 0.3328 0.6440
vn 0.1983 0.4350 0.8783
vn -0.3643 0.4286 0.8268
vn -0.6966 -0.3344 -0.6347
vn -0.2036 -0.4162 -0.8862
vn 0.3655 -0.3760 -0.8515
vn 0.9611 -0.2433 0.1307
vn 0.9721 -0.1342 0.1926
vn 0.9711 -0.0178 0.2381
vn 0.5771 -0.2973 -0.7607
vn 0.6458 -0.2691 -0.7145
vn 0.7069 -0.2489 -0.6620
vn -0.9950 0.0407 -0.0908
vn -0.9858 -0.0486 -0.1605
vn -0.9645 -0.1366 -0.2262
vn 0.8374 -0.4752 -0.2701
vn 0.9162 -0.3967 -0.0564
vn 0.9315 -0.3168 0.1788
vn -0.8108 -0.5704 0.1311
vn -0.8010 -0.5033 0.3240
vn -0.7475 -0.4283 0.5078
vn 0.6213 -0.3553 0.6984
vn 0.0817 -0.4329 0.8977
vn -0.4147 -0.3957 0.8194
vn -0.5840 -0.7817 -0.2190
vn -0.1368 -0.9012 -0.4113
vn 0.4024 -0.7720 -0.4921
vn -0.8804 -0.4400 -0.1771
vn -0.8644 -0.4799 -0.1499
vn -0.8345 -0.5398 -0.1109
vn 0.7556 -0.3471 -0.5556
vn 0.7564 -0.3317 -0.5638
vn 0.7601 -0.3016 -0.5756
vn -0.7402 -0.2711 0.6153
vn -0.7224 -0.2354 0.6502
vn -0.6997 -0.2632 0.6642
vn 0.9300 -0.1287 0.3442
vn 0.9292 -0.0784 0.3610
vn 0.9181 -0.1172 0.3786
vn 0.9055 -0.3754 0.1979
vn 0.9633 -0.2643 0.0477
vn 0.9795 -0.2013 0.0103
vn -0.7360 0.2502 0.6291
vn -0.6622 0.2339 0.7118
vn -0.5926 0.2363 0.7701
vn 0.2846 -0.3870 -0.8771
vn 0.4426 -0.3609 -0.8209
vn 0.4918 -0.3552 -0.7950
vn -0.7564 0.2566 0.6017
vn -0.8693 0.2312 0.4368
vn -0.9481 0.1877 0.2568
vn -0.9004 -0.0262 -0.4343
vn -0.5244 -0.1994 -0.8278
vn 0.0558 -0.3172 -0.9467
vn 0.7629 -0.3104 -0.5671
vn 0.8714 -0.2915 -0.3946
vn 0.9386 -0.2716 -0.2130
vn 0.8759 -0.1479 0.4593
vn 0.5025 0.0035 0.8646
vn -0.0776 0.1645 0.9833
vn 0.5019 -0.8628 -0.0613
vn 0.4764 -0.8753 0.0828
vn 0.4343 -0.8811 0.1872
vn -0.2935 -0.8919 -0.3440
vn -0.0297 -0.9446 -0.3269
vn 0.2536 -0.9222 -0.2920
vn 0.1268 -0.9643 0.2323
vn -0.0519 -0.9754 0.2143
vn -0.2208 -0.9589 0.1780
vn -0.4942 -0.8656 0.0805
vn -0.5117 -0.8590 -0.0150
vn -0.5165 -0.8407 -0.1627
vn 0.8181 -0.0333 -0.5741
vn 0.7915 -0.3082 -0.5277
vn 0.6743 -0.6210 -0.3995
vn 0.7657 -0.6114 0.1999
vn 0.9850 -0.1081 0.1347
vn 0.9145 0.3932 0.0951
vn -0.9187 0.3764 -0.1195
vn -0.9826 -0.1442 -0.1175
vn -0.7808 -0.6247 -0.0122
vn -0.6353 -0.5652 -0.5263
vn -0.7070 -0.2666 -0.6550
vn -0.7106 -0.0240 -0.7032
vn 0.0276 0.9615 0.2734
vn -0.1223 0.9601 0.2516
vn -0.2670 0.9360 0.2295
vn 0.0821 -0.8835 0.4612
vn -0.0795 -0.9037 0.4207
vn -0.2409 -0.8940 0.3777
vn 0.4149 -0.5697 0.7094
vn 0.5269 0.1518 0.8363
vn 0.3636 0.7640 0.5330
vn -0.6444 0.6894 0.3309
vn -0.8570 0.0867 0.5079
vn -0.6617 -0.5981 0.4522
vn -0.5027 0.8641 0.0249
vn -0.4390 0.8968 0.0546
vn -0.4193 0.9021 0.1021
vn -0.3951 -0.8915 0.2217
vn -0.4030 -0.9038 0.1439
vn -0.4271 -0.8979 0.1063
vn 0.3002 -0.8751 0.3796
vn 0.3359 -0.8923 0.3016
vn 0.3674 -0.8946 0.2543
vn 0.2695 0.9433 0.1936
vn 0.3425 0.9283 0.1446
vn 0.4517 0.8828 0.1291
vn -0.9147 -0.0436 0.4017
vn -0.9090 -0.0654 0.4116
vn -0.8976 -0.0665 0.4357
vn -0.6800 0.1753 -0.7119
vn -0.6873 0.1413 -0.7125
vn -0.7018 0.0752 -0.7084
vn 0.8095 0.1636 -0.5639
vn 0.8250 0.1282 -0.5504
vn 0.8446 0.0636 -0.5317
vn 0.7135 -0.1601 0.6821
vn 0.7124 -0.1138 0.6924
vn 0.7061 -0.0709 0.7046
vn 0.9849 0.0131 -0.1726
vn 0.9981 0.0225 0.0573
vn 0.9463 0.0136 0.3231
vn 0.1741 -0.1009 0.9795
vn -0.3065 -0.1147 0.9449
vn -0.6360 -0.0887 0.7666
vn -0.4747 0.0051 -0.8801
vn -0.0685 0.0011 -0.9976
vn 0.4810 -0.0018 -0.8767
vn -0.9955 -0.0049 0.0943
vn -0.9720 0.0128 -0.2348
vn -0.8734 0.0138 -0.4868
vn -0.2595 0.8217 0.5074
vn -0.1611 0.7581 0.6319
vn -0.0678 0.7102 0.7007
vn -0.3716 0.9273 -0.0457
vn -0.3920 0.9188 0.0450
vn -0.3901 0.9078 0.1541
vn -0.6891 -0.0582 0.7224
vn -0.6839 -0.2359 0.6904
vn -0.7068 -0.3695 0.6033
vn -0.0828 0.9072 -0.4124
vn -0.1840 0.9234 -0.3370
vn -0.2637 0.9327 -0.2462
vn -0.3658 0.8574 0.3620
vn -0.4234 0.7878 0.4474
vn -0.4677 0.6911 0.5510
vn -0.4610 -0.5734 0.6773
vn -0.2475 -0.6124 0.7508
vn -0.1040 -0.6283 0.7710
vn -0.8824 -0.2872 -0.3727
vn -0.9483 -0.3024 -0.0960
vn -0.9185 -0.3557 0.1725
vn -0.9072 -0.4021 0.1235
vn -0.9498 -0.3114 -0.0295
vn -0.9743 -0.1968 -0.1094
vn -0.1737 -0.2694 -0.9472
vn -0.3471 -0.2759 -0.8963
vn -0.5295 -0.2820 -0.8001
vn -0.5727 0.7185 -0.3948
vn -0.4338 0.8642 -0.2548
vn -0.3562 0.9175 -0.1772
vn -0.9911 -0.0665 -0.1156
vn -0.9906 -0.0756 0.1140
vn -0.9255 -0.0812 0.3700
vn -0.9066 -0.0698 -0.4162
vn -0.9672 -0.0584 -0.2472
vn -0.9862 -0.0581 -0.1548
vn -0.1677 -0.1147 -0.9791
vn -0.3517 -0.1160 -0.9289
vn -0.5568 -0.1098 -0.8234
vn -0.8986 -0.2653 0.3495
vn -0.9439 -0.2526 0.2130
vn -0.9526 -0.2999 0.0519
vn -0.7509 -0.2058 -0.6276
vn -0.7345 -0.2764 -0.6197
vn -0.7243 -0.3040 -0.6188
vn -0.4680 0.8701 0.1546
vn -0.2625 0.9455 0.1927
vn -0.1138 0.9701 0.2143
vn -0.6793 0.6543 -0.3324
vn -0.6961 0.6949 -0.1802
vn -0.7010 0.7116 -0.0463
vn -0.1275 0.7570 -0.6409
vn -0.2873 0.7263 -0.6244
vn -0.4715 0.6668 -0.5772
vn -0.7100 0.4034 -0.5772
vn -0.7522 0.2156 -0.6227
vn -0.7675 0.0513 -0.6390
vn -0.8850 0.4647 -0.0293
vn -0.9583 0.2598 -0.1191
vn -0.9850 0.0881 -0.1482
vn -0.5344 0.4658 0.7053
vn -0.6690 -0.0745 0.7395
vn -0.6117 -0.5354 0.5825
vn 0.7917 0.4081 0.4546
vn 0.8312 -0.1922 0.5218
vn 0.5909 -0.6953 0.4091
vn 0.1159 -0.9287 0.3522
vn -0.1180 -0.9134 0.3895
vn -0.3259 -0.8480 0.4179
vn -0.9050 -0.0797 0.4179
vn -0.8668 -0.0747 0.4930
vn -0.7758 -0.0630 0.6278
vn -0.6530 -0.5459 -0.5250
vn -0.1799 -0.6094 -0.7722
vn 0.3775 -0.5157 -0.7691
vn 0.5787 -0.4117 0.7039
vn 0.7292 -0.2422 0.6400
vn 0.7524 -0.1341 0.6449
vn -0.6691 0.6810 0.2976
vn -0.6350 0.6136 0.4694
vn -0.5846 0.5149 0.6270
vn -0.3746 -0.5406 0.7533
vn -0.2235 -0.5630 0.7956
vn -0.0988 -0.5721 0.8142
vn -0.5889 -0.3547 0.7262
vn -0.6228 -0.2091 0.7539
vn -0.6261 -0.1025 0.7730
vn -0.4308 -0.0211 0.9022
vn -0.2654 -0.0054 0.9641
vn -0.1262 0.0026 0.9920
vn -0.3784 0.4403 0.8142
vn -0.2368 0.4563 0.8577
vn -0.1115 0.4594 0.8812
vn -0.5753 0.2585 0.7760
vn -0.6054 0.1161 0.7874
vn -0.6141 0.0142 0.7891
vn 0.0447 -0.2080 0.9771
vn -0.2696 -0.1866 0.9447
vn -0.6223 -0.2219 0.7507
vn -0.9301 -0.2250 -0.2902
vn -0.9212 -0.2809 -0.2693
vn -0.9057 -0.3545 -0.2323
vn -0.3753 0.8622 0.3403
vn -0.4360 0.8072 0.3979
vn -0.5511 0.6451 0.5293
vn -0.7366 -0.2179 -0.6403
vn -0.7531 -0.0980 -0.6506
vn -0.7631 0.0988 -0.6386
vn -0.8637 0.4010 -0.3054
vn -0.9293 0.3688 0.0174
vn -0.8655 0.3358 0.3716
vn -0.1816 0.3947 -0.9007
vn -0.3572 0.4099 -0.8393
vn -0.5312 0.4217 -0.7348
vn -0.4288 0.2465 0.8691
vn -0.2431 0.2163 0.9456
vn -0.1090 0.2006 0.9736
vn -0.8637 0.4615 0.2027
vn -0.9129 0.2467 0.3253
vn -0.9136 0.0652 0.4012
vn -0.8426 -0.4513 0.2939
vn -0.8771 -0.3405 0.3387
vn -0.8936 -0.2133 0.3949
vn -0.5690 -0.5815 0.5814
vn -0.6063 -0.6209 0.4969
vn -0.6500 -0.6063 0.4581
vn 0.3916 0.8144 0.4282
vn 0.1395 0.8602 0.4906
vn -0.1137 0.8352 0.5380
vn -0.6401 -0.6013 0.4781
vn -0.5640 -0.7175 0.4088
vn -0.5266 -0.7571 0.3866
vn 0.3922 -0.8900 0.2326
vn 0.4784 -0.8420 0.2493
vn 0.6600 -0.6855 0.3073
vn 0.6544 0.6983 0.2900
vn 0.7554 0.5870 0.2913
vn 0.8839 0.3802 0.2724
vn -0.3968 0.7490 0.5307
vn -0.5148 0.6420 0.5682
vn -0.6808 0.4443 0.5824
vn -0.8635 -0.1511 -0.4812
vn -0.8738 -0.0687 -0.4813
vn -0.8704 0.0320 -0.4913
vn -0.8000 0.2753 0.5331
vn -0.7972 0.2533 0.5479
vn -0.7990 0.2406 0.5512
vn -0.9384 0.2755 0.2085
vn -0.9654 0.2591 -0.0295
vn -0.9451 0.2186 -0.2430
vn -0.0783 0.0445 0.9959
vn -0.2393 0.0869 0.9670
vn -0.5059 0.1585 0.8479
vn -0.6403 0.0848 -0.7634
vn -0.3827 0.0485 -0.9226
vn -0.1495 0.0505 -0.9875
vn 0.5982 -0.1825 0.7803
vn 0.3618 -0.0828 0.9286
vn -0.1381 -0.0608 0.9886
vn -0.5227 0.2252 0.8222
vn -0.5297 0.1407 0.8364
vn -0.5394 0.0191 0.8418
vn -0.9553 -0.0265 -0.2946
vn -0.7508 -0.0836 -0.6552
vn -0.4713 -0.1808 -0.8633
vn -0.9981 0.0350 0.0511
vn -0.9944 0.1012 0.0296
vn -0.9920 0.1260 0.0058
vn 0.5344 0.7976 0.2798
vn 0.5441 0.8348 0.0840
vn 0.5446 0.8323 -0.1039
vn 0.4769 0.8495 0.2257
vn 0.4844 0.8717 0.0740
vn 0.4762 0.8769 -0.0651
vn 0.4121 0.8927 0.1823
vn 0.4184 0.9061 0.0636
vn 0.4057 0.9131 -0.0405
vn 0.0142 -0.5072 0.8617
vn 0.1254 -0.3021 0.9450
vn 0.2352 0.0458 0.9709
vn 0.3011 -0.5689 0.7653
vn 0.2440 -0.2830 0.9276
vn 0.2045 0.0009 0.9789
vn 0.4237 -0.3219 0.8467
vn 0.2509 -0.1038 0.9624
vn 0.1491 0.0704 0.9863
vn 0.1536 0.0883 -0.9842
vn 0.3686 0.1140 -0.9226
vn 0.6085 0.1709 -0.7749
vn 0.1480 0.0743 -0.9862
vn 0.3441 0.1150 -0.9319
vn 0.5750 0.1853 -0.7969
vn 0.1272 0.0242 -0.9916
vn 0.3146 0.1133 -0.9424
vn 0.5455 0.2032 -0.8131
vn -0.0329 0.0128 0.9994
vn 0.3445 0.1639 0.9244
vn -0.0657 -0.0296 0.9974
vn -0.3856 -0.0359 0.9220
vn -0.2071 0.0389 0.9776
vn 0.3020 -0.0053 0.9533
vn 0.3920 0.0652 0.9176
vn -0.0019 0.4358 -0.9001
vn 0.0543 0.3839 -0.9218
vn 0.0916 0.3873 -0.9174
vn 0.2894 0.4581 -0.8405
vn 0.2604 0.4516 -0.8534
vn 0.2525 0.4860 -0.8366
vn 0.5449 0.1969 -0.8151
vn 0.4647 0.3993 -0.7903
vn 0.4179 0.5345 -0.7346
vn -0.9674 -0.0752 -0.2419
vn -0.9323 -0.1698 -0.3194
vn -0.8573 -0.2782 -0.4332
vn -0.9596 -0.1397 -0.2442
vn -0.9283 -0.1965 -0.3157
vn -0.8553 -0.2979 -0.4239
vn -0.9638 -0.1827 -0.1943
vn -0.9299 -0.2048 -0.3054
vn -0.8556 -0.3012 -0.4209
vn 0.5045 0.0975 0.8579
vn 0.2381 0.0240 0.9709
vn 0.0773 -0.0067 0.9970
vn 0.5018 0.0963 0.8596
vn 0.2345 0.0107 0.9721
vn 0.0729 -0.0350 0.9967
vn 0.5057 0.1108 0.8556
vn 0.2259 0.0063 0.9741
vn 0.0524 -0.0889 0.9947
vn 0.9260 0.2840 -0.2485
vn 0.9539 0.2988 -0.0277
vn 0.9349 0.2821 0.2152
vn 0.9134 0.3034 -0.2715
vn 0.9482 0.3151 -0.0394
vn 0.9318 0.2931 0.2142
vn 0.9033 0.3147 -0.2915
vn 0.9455 0.3213 -0.0522
vn 0.9313 0.2989 0.2082
vn 0.6255 -0.2653 0.7337
vn 0.2588 -0.2432 0.9348
vn -0.1349 -0.3005 0.9442
vn 0.6755 -0.1834 0.7142
vn 0.2720 -0.1955 0.9422
vn -0.2588 -0.2319 0.9377
vn 0.6960 -0.1382 0.7046
vn 0.2856 -0.1677 0.9436
vn -0.2961 -0.1709 0.9398
vn 0.9341 0.1546 -0.3218
vn 0.9871 0.1306 -0.0922
vn 0.9790 0.1258 0.1603
vn 0.9422 -0.0030 -0.3349
vn 0.9937 -0.0124 -0.1109
vn 0.9908 -0.0280 0.1323
vn 0.9295 -0.1091 -0.3524
vn 0.9865 -0.1075 -0.1232
vn 0.9830 -0.1347 0.1246
vn 0.4028 0.0219 -0.9150
vn 0.1495 -0.0314 -0.9883
vn 0.3082 0.1241 -0.9432
vn 0.5611 0.2229 -0.7972
vn 0.5997 0.0262 -0.7998
vn 0.5680 -0.1264 -0.8133
vn 0.3193 -0.0933 -0.9431
vn 0.4122 -0.0758 0.9079
vn 0.5885 0.1244 0.7989
vn 0.2824 0.0124 0.9592
vn 0.0969 -0.1185 0.9882
vn 0.3085 -0.1747 0.9351
vn 0.6250 -0.2081 0.7523
vn 0.6556 -0.0634 0.7525
vn 0.8703 0.0502 -0.4899
vn 0.9673 0.0636 -0.2456
vn 0.9932 0.0766 0.0880
vn 0.8402 0.1802 -0.5114
vn 0.9375 0.2038 -0.2822
vn 0.9667 0.2529 0.0403
vn 0.8027 0.2897 -0.5213
vn 0.8928 0.3253 -0.3115
vn 0.9055 0.4238 -0.0217
vn -0.8065 -0.5133 0.2933
vn -0.8715 -0.4904 0.0105
vn -0.8448 -0.4574 -0.2777
vn -0.9231 -0.2475 0.2943
vn -0.9734 -0.2207 0.0615
vn -0.9603 -0.2100 -0.1838
vn -0.9421 -0.0973 0.3208
vn -0.9923 -0.0757 0.0985
vn -0.9887 -0.0666 -0.1345
vn 0.8984 -0.2155 -0.3827
vn 0.9609 -0.2398 -0.1386
vn 0.9555 -0.2667 0.1265
vn 0.9137 -0.1254 -0.3866
vn 0.9811 -0.1384 -0.1353
vn 0.9781 -0.1565 0.1371
vn 0.9189 -0.0669 -0.3887
vn 0.9879 -0.0704 -0.1382
vn 0.9877 -0.0822 0.1329
vn -0.1247 -0.1974 -0.9724
vn 0.2333 -0.1256 -0.9643
vn 0.5398 -0.1464 -0.8290
vn -0.3515 -0.1565 -0.9230
vn 0.1754 -0.1122 -0.9781
vn 0.5491 -0.1076 -0.8288
vn -0.4612 -0.1021 -0.8814
vn 0.1277 -0.1030 -0.9864
vn 0.5409 -0.0893 -0.8363
vn -0.9654 0.1759 0.1925
vn -0.9963 0.0858 -0.0012
vn -0.9719 0.0759 -0.2226
vn -0.9793 -0.1828 0.0871
vn -0.9811 -0.1864 -0.0518
vn -0.9530 -0.1767 -0.2461
vn -0.8003 -0.5993 -0.0181
vn -0.8228 -0.5589 -0.1032
vn -0.8220 -0.5151 -0.2430
vn -0.4549 0.0801 -0.8869
vn 0.0836 0.0598 -0.9947
vn 0.4800 0.0457 -0.8761
vn -0.4475 0.2306 -0.8640
vn 0.0737 0.2162 -0.9736
vn 0.4592 0.1897 -0.8678
vn -0.4376 0.3568 -0.8253
vn 0.0619 0.3482 -0.9354
vn 0.4345 0.3118 -0.8450
vn 0.6023 0.0646 0.7956
vn 0.2739 0.0622 0.9598
vn -0.1869 0.0829 0.9789
vn 0.5637 0.3145 0.7637
vn 0.2513 0.3144 0.9154
vn -0.1745 0.3213 0.9308
vn 0.4618 0.6168 0.6374
vn 0.1863 0.6217 0.7607
vn -0.1634 0.6012 0.7823
vn -0.9469 0.1098 0.3022
vn -0.9941 0.1058 0.0255
vn -0.9726 0.0996 -0.2102
vn -0.9315 0.2063 0.2996
vn -0.9829 0.1822 0.0270
vn -0.9598 0.1877 -0.2089
vn -0.9101 0.2926 0.2933
vn -0.9705 0.2384 0.0355
vn -0.9460 0.2568 -0.1978
vn 0.0345 -0.0272 -0.9990
vn 0.0044 0.0245 -0.9997
vn -0.0101 0.0880 -0.9961
vn 0.3045 -0.1079 -0.9464
vn 0.2877 -0.0655 -0.9555
vn 0.2835 -0.0048 -0.9590
vn 0.6512 -0.1981 -0.7326
vn 0.6249 -0.2444 -0.7415
vn 0.5597 -0.2564 -0.7881
vn 0.9891 -0.1092 -0.0987
vn 0.8823 -0.4654 -0.0710
vn 0.3122 -0.9089 -0.2765
vn 0.9868 0.0659 0.1481
vn 0.9193 -0.3149 0.2362
vn 0.0674 -0.9977 0.0027
vn 0.8991 0.2309 0.3719
vn 0.8652 -0.0748 0.4959
vn 0.0797 -0.8621 0.5004
vn 0.6397 0.2884 0.7125
vn 0.7333 0.1146 0.6702
vn 0.5465 -0.1703 0.8199
vn 0.4185 0.2316 0.8782
vn 0.5328 0.1387 0.8348
vn 0.5662 0.0284 0.8238
vn 0.2896 0.1479 0.9457
vn 0.3969 0.1071 0.9116
vn 0.4561 0.0649 0.8876
vn 0.8082 0.0702 -0.5847
vn 0.6103 -0.1162 -0.7836
vn 0.7002 0.1725 -0.6928
vn 0.7370 0.4295 -0.5219
vn 0.8988 0.2434 -0.3646
vn 0.9622 0.0020 -0.2723
vn 0.7954 -0.0993 -0.5979
vn 0.1406 0.0883 0.9861
vn -0.4255 -0.0316 0.9044
vn -0.8333 -0.1354 0.5359
vn 0.1661 0.2495 0.9540
vn -0.4100 0.1789 0.8944
vn -0.8375 0.0550 0.5437
vn 0.2107 0.4459 0.8699
vn -0.3752 0.4281 0.8222
vn -0.8217 0.2804 0.4962
vn 0.7698 0.6379 -0.0201
vn 0.7807 0.5994 0.1768
vn 0.7525 0.5504 0.3617
vn 0.9172 0.3748 0.1350
vn 0.8966 0.3294 0.2960
vn 0.8589 0.2624 0.4398
vn 0.9555 0.1226 0.2684
vn 0.9021 0.0960 0.4208
vn 0.8312 0.0441 0.5542
vn -0.2665 -0.7035 -0.6589
vn 0.2765 -0.8046 -0.5256
vn 0.6983 -0.6828 -0.2149
vn -0.2700 -0.7346 -0.6225
vn 0.2641 -0.8386 -0.4764
vn 0.6781 -0.7150 -0.1700
vn -0.2759 -0.8014 -0.5307
vn 0.2355 -0.9017 -0.3626
vn 0.6363 -0.7664 -0.0884
vn -0.9602 -0.2151 -0.1779
vn -0.9005 -0.2262 -0.3715
vn -0.7969 -0.2405 -0.5542
vn -0.9746 -0.1475 -0.1688
vn -0.9158 -0.1935 -0.3519
vn -0.8160 -0.2405 -0.5256
vn -0.9802 -0.0909 -0.1760
vn -0.9279 -0.1694 -0.3322
vn -0.8361 -0.2469 -0.4899
vn -0.1155 -0.2678 -0.9565
vn 0.4513 -0.2042 -0.8687
vn 0.8600 -0.0844 -0.5032
vn -0.1532 -0.3800 -0.9122
vn 0.4133 -0.3590 -0.8368
vn 0.8384 -0.2322 -0.4930
vn -0.1945 -0.4923 -0.8484
vn 0.3694 -0.5089 -0.7775
vn 0.8063 -0.3744 -0.4579
vn 0.9720 0.0974 0.2138
vn 0.9049 0.1360 0.4032
vn 0.8014 0.1582 0.5768
vn 0.9803 0.0335 0.1947
vn 0.9211 0.1056 0.3747
vn 0.8260 0.1670 0.5383
vn 0.9830 -0.0295 0.1814
vn 0.9361 0.0743 0.3438
vn 0.8575 0.1738 0.4842
vn -0.7494 -0.4628 0.4735
vn -0.6782 -0.7055 0.2057
vn -0.5200 -0.8509 -0.0739
vn -0.1962 -0.5346 0.8220
vn -0.0890 -0.8304 0.5500
vn 0.0483 -0.9780 0.2030
vn 0.3572 -0.4103 0.8391
vn 0.4673 -0.6166 0.6336
vn 0.5362 -0.7573 0.3728
vn 0.9007 -0.2939 0.3199
vn 0.8651 -0.1957 0.4619
vn 0.7908 -0.1392 0.5960
vn 0.8801 -0.3240 0.3471
vn 0.8444 -0.2179 0.4894
vn 0.7672 -0.1378 0.6264
vn 0.8429 -0.3761 0.3848
vn 0.8063 -0.2723 0.5251
vn 0.7340 -0.1764 0.6559
vn 0.2584 -0.0426 0.9651
vn -0.2129 -0.0012 0.9771
vn -0.7113 -0.0031 0.7029
vn 0.2458 0.0451 0.9683
vn -0.2467 0.1108 0.9627
vn -0.7400 0.0978 0.6655
vn 0.2301 0.0124 0.9731
vn -0.2610 0.0575 0.9636
vn -0.7427 0.0525 0.6676
vn -0.9855 -0.0859 -0.1462
vn -0.9379 -0.1513 -0.3121
vn -0.8577 -0.2632 -0.4418
vn -0.9893 -0.0756 -0.1247
vn -0.9409 -0.1626 -0.2972
vn -0.8578 -0.2823 -0.4294
vn -0.9891 -0.1230 -0.0805
vn -0.9416 -0.2276 -0.2482
vn -0.8564 -0.3444 -0.3846
vn 0.9433 0.0146 0.3317
vn 0.8593 0.0344 0.5103
vn 0.7453 0.0413 0.6655
vn 0.9501 0.1042 0.2940
vn 0.8682 0.1361 0.4771
vn 0.7538 0.1536 0.6390
vn 0.9528 0.1522 0.2626
vn 0.8739 0.1973 0.4443
vn 0.7616 0.2262 0.6073
vn 0.2905 -0.2665 -0.9190
vn 0.6991 -0.1453 -0.7001
vn 0.9450 -0.0685 -0.3197
vn 0.0902 -0.3122 -0.9457
vn 0.6296 -0.1844 -0.7547
vn 0.9332 -0.0490 -0.3559
vn -0.0205 -0.3516 -0.9359
vn 0.5603 -0.2416 -0.7922
vn 0.9145 -0.0699 -0.3986
vn -0.9134 -0.3740 -0.1606
vn -0.8484 -0.3846 -0.3637
vn -0.7212 -0.4024 -0.5638
vn -0.9428 -0.2654 -0.2018
vn -0.8759 -0.2950 -0.3818
vn -0.7587 -0.3292 -0.5622
vn -0.9535 -0.2067 -0.2194
vn -0.8851 -0.2489 -0.3933
vn -0.7721 -0.2942 -0.5633
vn 0.0636 -0.0136 0.9979
vn -0.4990 -0.0850 0.8624
vn -0.8004 -0.1969 0.5662
vn 0.0651 0.0988 0.9930
vn -0.5428 -0.0145 0.8397
vn -0.8930 -0.1367 0.4287
vn 0.0816 0.1874 0.9789
vn -0.5367 0.0636 0.8414
vn -0.9095 -0.0697 0.4098
vn -0.2243 -0.9463 -0.2327
vn 0.0031 -0.9658 -0.2592
vn 0.2214 -0.9294 -0.2954
vn -0.1944 -0.9681 -0.1582
vn 0.0212 -0.9838 -0.1780
vn 0.2241 -0.9490 -0.2217
vn -0.1633 -0.9758 -0.1452
vn 0.0323 -0.9844 -0.1729
vn 0.2159 -0.9525 -0.2149
vn 0.8129 0.1048 -0.5729
vn 0.9011 0.1332 -0.4127
vn 0.9380 0.2467 -0.2434
vn 0.8042 -0.1449 -0.5764
vn 0.8819 -0.1518 -0.4463
vn 0.9257 -0.1260 -0.3566
vn 0.7121 -0.4781 -0.5141
vn 0.7478 -0.5209 -0.4118
vn 0.7560 -0.5433 -0.3651
vn -0.4695 0.1235 -0.8743
vn 0.0394 0.1315 -0.9905
vn 0.4314 0.1219 -0.8939
vn -0.4650 -0.1929 -0.8640
vn 0.0217 -0.1812 -0.9832
vn 0.4146 -0.1512 -0.8973
vn -0.3972 -0.5703 -0.7190
vn 0.0014 -0.5766 -0.8170
vn 0.3453 -0.5147 -0.7848
vn 0.7536 -0.5825 -0.3047
vn 0.9802 -0.0385 -0.1943
vn 0.8645 0.5006 0.0447
vn 0.7527 -0.6122 -0.2422
vn 0.9965 -0.0224 -0.0808
vn 0.8184 0.5502 0.1658
vn 0.7539 -0.6472 -0.1127
vn 0.9934 -0.0430 0.1065
vn 0.7836 0.5416 0.3044
vn 0.5186 0.5261 0.6740
vn 0.2970 0.5388 0.7883
vn 0.0382 0.5240 0.8509
vn 0.6934 -0.1683 0.7006
vn 0.3813 -0.2052 0.9014
vn -0.0063 -0.2067 0.9784
vn 0.4899 -0.8131 0.3144
vn 0.2387 -0.8650 0.4414
vn -0.0462 -0.8533 0.5193
vn -0.1219 -0.9835 -0.1335
vn 0.0333 -0.9830 -0.1806
vn 0.1834 -0.9565 -0.2267
vn -0.1123 -0.9871 -0.1140
vn 0.0276 -0.9854 -0.1681
vn 0.1664 -0.9627 -0.2135
vn -0.0929 -0.9938 -0.0608
vn 0.0358 -0.9926 -0.1156
vn 0.1623 -0.9729 -0.1647
vn -0.7789 0.4322 0.4545
vn -0.9394 -0.1318 0.3166
vn -0.7323 -0.6720 0.1099
vn -0.6550 0.5021 0.5647
vn -0.8763 -0.1172 0.4672
vn -0.6794 -0.7055 0.2017
vn -0.5072 0.5124 0.6929
vn -0.7304 -0.1319 0.6702
vn -0.5815 -0.7386 0.3411
vn 0.2597 0.8719 0.4152
vn 0.0842 0.8795 0.4683
vn -0.1049 0.8651 0.4905
vn 0.2487 0.8703 0.4251
vn 0.0993 0.8808 0.4629
vn -0.0538 0.8696 0.4908
vn 0.2659 0.8442 0.4654
vn 0.1342 0.8556 0.5000
vn -0.0006 0.8488 0.5288
vn -0.9372 -0.1182 0.3281
vn -0.9870 -0.1189 0.1080
vn -0.9855 -0.1288 -0.1100
vn -0.9461 -0.0553 0.3191
vn -0.9947 -0.0514 0.0888
vn -0.9896 -0.0622 -0.1299
vn -0.9512 -0.0029 0.3085
vn -0.9981 0.0029 0.0617
vn -0.9868 -0.0093 -0.1618
vn 0.6814 -0.0971 0.7254
vn 0.3065 -0.1294 0.9430
vn -0.2485 -0.1473 0.9574
vn 0.6693 -0.1174 0.7336
vn 0.3069 -0.1384 0.9416
vn -0.2341 -0.1316 0.9633
vn 0.6443 -0.1170 0.7558
vn 0.2943 -0.1300 0.9468
vn -0.2203 -0.1076 0.9695
vn -0.4674 -0.1390 -0.8731
vn 0.1027 -0.1038 -0.9893
vn 0.5145 -0.0709 -0.8545
vn -0.4747 -0.0977 -0.8747
vn 0.0977 -0.0903 -0.9911
vn 0.5115 -0.0755 -0.8560
vn -0.4692 -0.0564 -0.8813
vn 0.0949 -0.0664 -0.9933
vn 0.5048 -0.0645 -0.8608
vn 0.9159 -0.0379 -0.3996
vn 0.9870 -0.0344 -0.1568
vn 0.9927 -0.0422 0.1132
vn 0.9083 -0.0563 -0.4146
vn 0.9836 -0.0545 -0.1717
vn 0.9920 -0.0638 0.1091
vn 0.8985 -0.0548 -0.4355
vn 0.9804 -0.0540 -0.1894
vn 0.9918 -0.0646 0.1104
vn 0.1027 -0.0664 0.9925
vn 0.2360 -0.0641 0.9696
vn 0.4261 -0.0621 0.9026
vn 0.1014 -0.2527 0.9622
vn 0.2334 -0.2455 0.9409
vn 0.4207 -0.2404 0.8748
vn 0.1038 -0.4382 0.8928
vn 0.2415 -0.4221 0.8738
vn 0.4367 -0.3978 0.8068
vn 0.4088 0.6867 -0.6011
vn 0.2772 0.5740 -0.7705
vn 0.1341 0.4877 -0.8627
vn 0.3709 0.8150 -0.4452
vn 0.2627 0.7443 -0.6140
vn 0.1302 0.6757 -0.7256
vn 0.3098 0.9011 -0.3033
vn 0.2221 0.8746 -0.4309
vn 0.1095 0.8416 -0.5288
vn 0.0678 0.3791 0.9229
vn 0.1679 0.4300 0.8871
vn 0.2976 0.5443 0.7843
vn 0.0557 0.5115 0.8575
vn 0.1593 0.5745 0.8028
vn 0.2830 0.6782 0.6783
vn 0.0495 0.6357 0.7704
vn 0.1477 0.6989 0.6998
vn 0.2556 0.7817 0.5688
vn 0.9780 -0.1075 0.1789
vn 0.9502 0.0035 0.3115
vn 0.9119 0.0986 0.3983
vn 0.9657 -0.1582 0.2059
vn 0.9404 -0.0599 0.3348
vn 0.9103 -0.0054 0.4140
vn 0.9410 -0.2243 0.2532
vn 0.9118 -0.1377 0.3870
vn 0.8647 -0.1182 0.4881
vn 0.5689 0.1181 -0.8139
vn 0.3822 0.1264 -0.9154
vn 0.1993 0.1268 -0.9717
vn 0.5578 -0.0836 -0.8257
vn 0.3732 -0.0740 -0.9248
vn 0.1940 -0.0693 -0.9786
vn 0.5411 -0.2102 -0.8143
vn 0.3589 -0.2011 -0.9114
vn 0.1838 -0.1938 -0.9637
vn 0.9149 -0.0271 0.4029
vn 0.9998 0.0143 0.0122
vn 0.9342 0.0584 -0.3521
vn 0.9092 -0.2007 0.3648
vn 0.9873 -0.1581 -0.0140
vn 0.9216 -0.1250 -0.3676
vn 0.9103 -0.3046 0.2803
vn 0.9660 -0.2535 -0.0501
vn 0.8996 -0.2314 -0.3704
vn 0.5563 0.0327 -0.8303
vn 0.3465 0.0290 -0.9376
vn 0.1625 0.0336 -0.9861
vn 0.5430 0.2047 -0.8144
vn 0.3332 0.2115 -0.9188
vn 0.1536 0.2228 -0.9627
vn 0.5086 0.4206 -0.7513
vn 0.3116 0.4565 -0.8334
vn 0.1413 0.4787 -0.8665
vn 0.5266 -0.3068 -0.7928
vn 0.3412 -0.3043 -0.8894
vn 0.1673 -0.2997 -0.9393
vn 0.5340 -0.2849 -0.7961
vn 0.3429 -0.2859 -0.8948
vn 0.1659 -0.2831 -0.9446
vn 0.5460 -0.2201 -0.8083
vn 0.3478 -0.2246 -0.9102
vn 0.1668 -0.2236 -0.9603
vn 0.9358 -0.3498 0.0434
vn 0.9393 -0.3086 -0.1501
vn 0.8746 -0.2988 -0.3818
vn 0.9554 -0.2862 -0.0724
vn 0.9432 -0.2666 -0.1982
vn 0.8800 -0.2648 -0.3944
vn 0.9738 -0.1875 -0.1288
vn 0.9561 -0.1814 -0.2302
vn 0.8938 -0.1880 -0.4071
vn 0.4652 0.8191 -0.3358
vn 0.2699 0.8974 -0.3491
vn 0.1152 0.9296 -0.3500
vn 0.4716 0.8697 -0.1458
vn 0.2655 0.9557 -0.1270
vn 0.1117 0.9867 -0.1182
vn 0.4720 0.8815 0.0099
vn 0.2649 0.9634 0.0407
vn 0.1127 0.9920 0.0562
vn 0.9820 0.0923 -0.1649
vn 0.9632 0.0897 -0.2534
vn 0.9055 0.0752 -0.4176
vn 0.9517 0.2643 -0.1562
vn 0.9342 0.2591 -0.2453
vn 0.8829 0.2401 -0.4036
vn 0.8708 0.4779 -0.1158
vn 0.8575 0.4651 -0.2201
vn 0.8230 0.4328 -0.3680
vn 0.9514 -0.2803 0.1272
vn 0.9056 -0.3937 0.1577
vn 0.9481 -0.3176 0.0133
vn 0.9762 -0.1957 -0.0930
vn 0.9735 -0.1928 0.1228
vn 0.9095 -0.2092 0.3594
vn 0.9059 -0.3303 0.2652
vn 0.9113 0.0530 0.4084
vn 0.8998 0.2242 0.3743
vn 0.8324 0.4486 0.3255
vn 0.8706 0.0365 0.4906
vn 0.8592 0.1897 0.4752
vn 0.7941 0.3949 0.4620
vn 0.7757 0.0210 0.6307
vn 0.7660 0.1486 0.6254
vn 0.7184 0.3228 0.6162
vn 0.7946 -0.4675 0.3874
vn 0.8665 -0.3288 0.3756
vn 0.8944 -0.2005 0.3999
vn 0.7634 -0.4581 0.4553
vn 0.8371 -0.3050 0.4541
vn 0.8614 -0.1788 0.4755
vn 0.7100 -0.4140 0.5697
vn 0.7648 -0.2626 0.5883
vn 0.7782 -0.1450 0.6110
vn 0.9824 0.1632 0.0914
vn 0.9892 0.0734 -0.1266
vn 0.9703 0.2359 -0.0535
vn 0.9248 0.3710 0.0840
vn 0.9427 0.2314 0.2404
vn 0.9322 0.0602 0.3568
vn 0.9934 0.0515 0.1028
vn -0.3677 -0.6665 0.6485
vn -0.0476 -0.6338 0.7720
vn 0.2327 -0.5750 0.7844
vn -0.2246 -0.8158 0.5329
vn 0.0114 -0.7918 0.6106
vn 0.2186 -0.7240 0.6542
vn -0.1716 -0.8583 0.4836
vn 0.0325 -0.8359 0.5479
vn 0.2151 -0.7722 0.5978
vn 0.1144 -0.3437 0.9321
vn 0.2493 -0.3388 0.9072
vn 0.4115 -0.3333 0.8483
vn 0.1240 -0.1496 0.9809
vn 0.2654 -0.1524 0.9520
vn 0.4369 -0.1689 0.8835
vn 0.1273 -0.0378 0.9911
vn 0.2688 -0.0451 0.9621
vn 0.4382 -0.0656 0.8965
vn 0.1250 0.0333 0.9916
vn 0.2618 0.0262 0.9648
vn 0.4258 0.0178 0.9047
vn 0.1212 0.1158 0.9858
vn 0.2553 0.1092 0.9607
vn 0.4177 0.1050 0.9025
vn 0.1163 0.2626 0.9579
vn 0.2453 0.2570 0.9348
vn 0.3969 0.2463 0.8842
vn 0.0962 -0.7542 0.6495
vn 0.2337 -0.7437 0.6263
vn 0.4357 -0.7063 0.5580
vn 0.0885 -0.7846 0.6136
vn 0.2152 -0.7750 0.5942
vn 0.3967 -0.7324 0.5534
vn 0.0884 -0.7303 0.6774
vn 0.2093 -0.7207 0.6609
vn 0.3730 -0.6863 0.6243
vn 0.4497 0.8344 0.3186
vn 0.2569 0.8977 0.3578
vn 0.1142 0.9159 0.3848
vn 0.4257 0.7540 0.5002
vn 0.2482 0.8046 0.5395
vn 0.1128 0.8147 0.5688
vn 0.3964 0.6263 0.6713
vn 0.2395 0.6548 0.7168
vn 0.1114 0.6584 0.7444
vn 0.4270 0.8876 0.1729
vn 0.4364 0.8986 0.0460
vn 0.4147 0.9079 -0.0620
vn 0.5118 0.8342 0.2053
vn 0.5344 0.8443 0.0400
vn 0.5091 0.8539 -0.1079
vn 0.6715 0.6854 0.2817
vn 0.7154 0.6978 0.0370
vn 0.6797 0.7088 -0.1887
vn 0.2945 0.9142 -0.2783
vn 0.2105 0.9067 -0.3654
vn 0.1057 0.8946 -0.4342
vn 0.3531 0.8562 -0.3772
vn 0.2507 0.8448 -0.4727
vn 0.1291 0.8299 -0.5427
vn 0.4533 0.7003 -0.5515
vn 0.3160 0.6802 -0.6614
vn 0.1648 0.6595 -0.7334
vn 0.0590 0.7339 0.6766
vn 0.1553 0.7714 0.6171
vn 0.2619 0.8191 0.5105
vn 0.0731 0.6759 0.7333
vn 0.1780 0.7132 0.6780
vn 0.2994 0.7620 0.5742
vn 0.0919 0.5008 0.8606
vn 0.2128 0.5383 0.8154
vn 0.3655 0.5928 0.7176
vn -0.2484 -0.6304 -0.7354
vn 0.3137 -0.6751 -0.6677
vn 0.7622 -0.5216 -0.3834
vn -0.2509 -0.6673 -0.7013
vn 0.3045 -0.7196 -0.6241
vn 0.7473 -0.5694 -0.3425
vn -0.2552 -0.6981 -0.6690
vn 0.2931 -0.7662 -0.5719
vn 0.7266 -0.6253 -0.2847
vn 0.1292 0.7210 0.6808
vn -0.2387 0.7409 0.6278
vn -0.6049 0.6556 0.4520
vn 0.2187 0.1239 0.9679
vn -0.2065 0.0930 0.9740
vn -0.6419 0.0242 0.7664
vn 0.2401 -0.4438 0.8634
vn -0.0664 -0.5292 0.8459
vn -0.4078 -0.5678 0.7150
vn -0.9747 0.1633 -0.1524
vn -0.9844 -0.1009 -0.1441
vn -0.9324 -0.3601 0.0307
vn -0.9469 0.3008 -0.1136
vn -0.9928 -0.1011 -0.0647
vn -0.8608 -0.4924 0.1292
vn -0.9169 0.3982 -0.0276
vn -0.9914 -0.0934 0.0917
vn -0.7984 -0.5510 0.2428
vn 0.1830 0.7761 0.6035
vn -0.2804 0.8049 0.5230
vn -0.6676 0.6879 0.2847
vn 0.0898 0.9120 0.4002
vn -0.2261 0.9248 0.3060
vn -0.5101 0.8447 0.1623
vn 0.0473 0.9700 0.2386
vn -0.1808 0.9728 0.1449
vn -0.4015 0.9141 0.0564
vn 0.7568 -0.2275 0.6128
vn 0.8522 0.0571 0.5201
vn 0.7989 0.3363 0.4987
vn 0.6966 -0.3003 0.6515
vn 0.8041 0.0851 0.5884
vn 0.7125 0.4736 0.5176
vn 0.6262 -0.3302 0.7063
vn 0.7142 0.1117 0.6910
vn 0.6062 0.5688 0.5559
vn 0.9670 -0.1451 -0.2096
vn 0.9937 -0.1117 -0.0027
vn 0.9724 -0.0507 0.2279
vn 0.9764 -0.0310 -0.2137
vn 0.9999 0.0120 -0.0106
vn 0.9742 0.0636 0.2165
vn 0.9703 0.0983 -0.2212
vn 0.9890 0.1475 -0.0147
vn 0.9585 0.1869 0.2153
vn 0.6045 0.0693 0.7936
vn 0.3288 0.0778 0.9412
vn 0.1683 0.0590 0.9840
vn 0.5729 0.1192 0.8109
vn 0.2942 0.0988 0.9506
vn 0.1356 0.0691 0.9884
vn 0.5289 0.1659 0.8323
vn 0.2561 0.1142 0.9599
vn 0.1017 0.0726 0.9922
vn 0.0750 0.0298 -0.9967
vn 0.3395 -0.0259 -0.9402
vn 0.6602 -0.0998 -0.7445
vn 0.0990 0.0218 -0.9948
vn 0.3622 -0.0226 -0.9318
vn 0.6684 -0.0601 -0.7414
vn 0.1294 0.0220 -0.9913
vn 0.3831 -0.0042 -0.9237
vn 0.6664 -0.0022 -0.7456
vn -0.5394 0.7989 0.2660
vn -0.4788 0.8516 0.2134
vn -0.4114 0.8952 0.1713
vn -0.5396 0.8391 0.0690
vn -0.4793 0.8755 0.0617
vn -0.4123 0.9094 0.0537
vn -0.5322 0.8382 -0.1186
vn -0.4656 0.8817 -0.0759
vn -0.3959 0.9170 -0.0480
vn -0.0643 -0.5408 0.8387
vn -0.3402 -0.5746 0.7444
vn -0.4567 -0.3206 0.8298
vn -0.1724 -0.3284 0.9287
vn -0.2862 -0.2939 0.9120
vn -0.2903 -0.1088 0.9507
vn -0.2753 0.0297 0.9609
vn -0.2445 -0.0092 0.9696
vn -0.1873 0.0658 0.9801
vn -0.1660 0.0775 -0.9831
vn -0.1758 0.0609 -0.9825
vn -0.1703 0.0105 -0.9853
vn -0.3717 0.0963 -0.9233
vn -0.3551 0.0912 -0.9304
vn -0.3339 0.0842 -0.9388
vn -0.6032 0.1515 -0.7830
vn -0.5704 0.1583 -0.8060
vn -0.5413 0.1676 -0.8240
vn -0.0026 -0.0256 0.9997
vn -0.3704 0.1514 0.9165
vn -0.4176 0.0566 0.9069
vn -0.3277 -0.0192 0.9446
vn 0.1760 -0.0077 0.9844
vn 0.3536 -0.0951 0.9305
vn 0.0293 -0.0716 0.9970
vn 0.0523 0.4483 -0.8924
vn -0.2284 0.5008 -0.8349
vn -0.4971 0.2640 -0.8266
vn -0.0104 0.3931 -0.9194
vn -0.2098 0.4770 -0.8535
vn -0.4126 0.4460 -0.7943
vn -0.0527 0.3950 -0.9172
vn -0.2098 0.5057 -0.8368
vn -0.3724 0.5685 -0.7336
vn 0.9952 -0.0491 -0.0849
vn 0.9883 -0.1104 -0.1055
vn 0.9839 -0.1650 -0.0687
vn 0.9747 -0.1187 -0.1895
vn 0.9703 -0.1452 -0.1937
vn 0.9701 -0.1559 -0.1858
vn 0.9213 -0.1904 -0.3390
vn 0.9179 -0.2117 -0.3357
vn 0.9177 -0.2157 -0.3336
vn -0.5064 0.1244 0.8533
vn -0.5025 0.1314 0.8545
vn -0.5040 0.1557 0.8495
vn -0.2363 0.0438 0.9707
vn -0.2283 0.0367 0.9729
vn -0.2143 0.0388 0.9760
vn -0.0672 0.0042 0.9977
vn -0.0542 -0.0212 0.9983
vn -0.0253 -0.0739 0.9969
vn -0.9195 0.2827 -0.2731
vn -0.9035 0.2994 -0.3068
vn -0.8895 0.3079 -0.3375
vn -0.9489 0.3115 -0.0507
vn -0.9417 0.3284 -0.0730
vn -0.9369 0.3362 -0.0964
vn -0.9316 0.3073 0.1942
vn -0.9287 0.3223 0.1832
vn -0.9276 0.3342 0.1668
vn -0.6303 -0.2205 0.7444
vn -0.6785 -0.1508 0.7189
vn -0.7049 -0.1113 0.7005
vn -0.2477 -0.1801 0.9519
vn -0.2635 -0.1533 0.9524
vn -0.2899 -0.1383 0.9470
vn 0.1610 -0.2381 0.9578
vn 0.2716 -0.1933 0.9428
vn 0.2909 -0.1506 0.9448
vn -0.9156 0.1401 -0.3768
vn -0.9222 -0.0168 -0.3863
vn -0.9082 -0.1205 -0.4008
vn -0.9805 0.1299 -0.1473
vn -0.9864 -0.0132 -0.1640
vn -0.9787 -0.1076 -0.1749
vn -0.9841 0.1411 0.1077
vn -0.9966 -0.0138 0.0811
vn -0.9897 -0.1224 0.0743
vn -0.4043 -0.0124 -0.9145
vn -0.1924 -0.0509 -0.9800
vn -0.3388 -0.1144 -0.9339
vn -0.5590 -0.1484 -0.8158
vn -0.5826 -0.0076 -0.8127
vn -0.5510 0.1834 -0.8141
vn -0.3246 0.0889 -0.9417
vn -0.4161 -0.0384 0.9085
vn -0.5900 0.1655 0.7903
vn -0.6677 -0.0259 0.7440
vn -0.6338 -0.1808 0.7521
vn -0.3029 -0.1464 0.9417
vn -0.0755 -0.0943 0.9927
vn -0.2747 0.0481 0.9603
vn -0.8563 0.0810 -0.5102
vn -0.8376 0.1537 -0.5242
vn -0.8256 0.1937 -0.5300
vn -0.9608 0.0898 -0.2624
vn -0.9362 0.1907 -0.2954
vn -0.9087 0.2588 -0.3277
vn -0.9924 0.0957 0.0775
vn -0.9608 0.2769 0.0141
vn -0.8981 0.4316 -0.0843
vn 0.8263 -0.4890 0.2793
vn 0.9244 -0.2451 0.2922
vn 0.9368 -0.1099 0.3320
vn 0.8774 -0.4797 0.0022
vn 0.9726 -0.2244 0.0602
vn 0.9896 -0.0922 0.1106
vn 0.8371 -0.4656 -0.2872
vn 0.9579 -0.2201 -0.1843
vn 0.9888 -0.0862 -0.1218
vn -0.8747 -0.2430 -0.4194
vn -0.8971 -0.1320 -0.4216
vn -0.9063 -0.0544 -0.4191
vn -0.9497 -0.2560 -0.1805
vn -0.9751 -0.1374 -0.1742
vn -0.9837 -0.0540 -0.1713
vn -0.9595 -0.2690 0.0842
vn -0.9842 -0.1471 0.0980
vn -0.9930 -0.0627 0.0997
vn 0.0726 -0.2586 -0.9632
vn 0.3221 -0.1992 -0.9255
vn 0.4596 -0.1349 -0.8778
vn -0.2591 -0.1898 -0.9470
vn -0.1953 -0.1506 -0.9691
vn -0.1301 -0.1244 -0.9837
vn -0.5360 -0.2001 -0.8202
vn -0.5481 -0.1341 -0.8256
vn -0.5337 -0.0945 -0.8404
vn 0.9813 0.1924 0.0062
vn 0.9822 -0.1830 0.0416
vn 0.7851 -0.6071 0.1225
vn 0.9933 0.0528 -0.1031
vn 0.9716 -0.2260 -0.0703
vn 0.8034 -0.5955 0.0051
vn 0.9619 -0.0033 -0.2732
vn 0.9360 -0.2569 -0.2408
vn 0.7966 -0.5838 -0.1568
vn 0.4609 0.0706 -0.8846
vn 0.4426 0.1389 -0.8859
vn 0.4266 0.1720 -0.8879
vn -0.0710 0.0746 -0.9947
vn -0.0745 0.1414 -0.9871
vn -0.0786 0.1722 -0.9819
vn -0.4650 0.0740 -0.8822
vn -0.4564 0.1390 -0.8789
vn -0.4513 0.1704 -0.8759
vn -0.6082 0.0547 0.7919
vn -0.5330 0.4791 0.6974
vn -0.3489 0.8698 0.3490
vn -0.2800 0.0376 0.9593
vn -0.2089 0.5147 0.8315
vn -0.0776 0.9212 0.3813
vn 0.1889 0.0611 0.9801
vn 0.2209 0.5398 0.8123
vn 0.2096 0.9100 0.3576
vn 0.9529 0.1084 0.2834
vn 0.9386 0.2806 0.2005
vn 0.8952 0.4359 0.0922
vn 0.9960 0.0877 0.0149
vn 0.9830 0.1809 -0.0312
vn 0.9645 0.2528 -0.0763
vn 0.9745 0.0692 -0.2135
vn 0.9601 0.1363 -0.2440
vn 0.9475 0.1775 -0.2661
vn 0.0058 -0.0305 -0.9995
vn -0.2574 -0.1141 -0.9596
vn -0.6024 -0.2113 -0.7697
vn 0.0392 0.0223 -0.9990
vn -0.2337 -0.0668 -0.9700
vn -0.5696 -0.2440 -0.7849
vn 0.0567 0.0874 -0.9946
vn -0.2242 0.0007 -0.9745
vn -0.5054 -0.2387 -0.8292
vn -0.9803 -0.1452 -0.1337
vn -0.9918 0.0345 0.1228
vn -0.9096 0.2145 0.3559
vn -0.8682 -0.4838 -0.1105
vn -0.9195 -0.3348 0.2059
vn -0.8743 -0.0869 0.4775
vn -0.3315 -0.8938 -0.3021
vn -0.1312 -0.9913 -0.0055
vn -0.1794 -0.8556 0.4856
vn -0.6556 0.2932 0.6959
vn -0.4420 0.2399 0.8643
vn -0.3124 0.1525 0.9376
vn -0.7450 0.1189 0.6564
vn -0.5562 0.1455 0.8182
vn -0.4252 0.1099 0.8984
vn -0.5944 -0.1550 0.7891
vn -0.5927 0.0357 0.8046
vn -0.4893 0.0664 0.8696
vn -0.7757 0.1427 -0.6147
vn -0.5866 -0.0521 -0.8082
vn -0.7773 -0.0303 -0.6284
vn -0.9494 0.0715 -0.3058
vn -0.8644 0.3129 -0.3936
vn -0.6864 0.4884 -0.5388
vn -0.6582 0.2391 -0.7139
vn -0.1592 0.1712 0.9723
vn -0.2361 0.2265 0.9449
vn -0.3153 0.3164 0.8947
vn 0.4153 0.0134 0.9096
vn 0.3466 0.1233 0.9299
vn 0.2719 0.2656 0.9250
vn 0.8261 -0.1498 0.5432
vn 0.7963 -0.0213 0.6046
vn 0.7496 0.1352 0.6479
vn -0.7317 0.6802 -0.0426
vn -0.8970 0.4287 0.1074
vn -0.9542 0.1756 0.2422
vn -0.7544 0.6375 0.1566
vn -0.8857 0.3750 0.2737
vn -0.9064 0.1387 0.3991
vn -0.7391 0.5793 0.3439
vn -0.8564 0.2984 0.4213
vn -0.8411 0.0759 0.5355
vn 0.3815 -0.5174 -0.7660
vn 0.3788 -0.5570 -0.7391
vn 0.3688 -0.6457 -0.6686
vn -0.1759 -0.6274 -0.7586
vn -0.1721 -0.6736 -0.7188
vn -0.1635 -0.7654 -0.6225
vn -0.6462 -0.5738 -0.5032
vn -0.6340 -0.6174 -0.4656
vn -0.6068 -0.6899 -0.3946
vn 0.9483 -0.2750 -0.1587
vn 0.9763 -0.1899 -0.1035
vn 0.9916 -0.1148 -0.0593
vn 0.8942 -0.2793 -0.3497
vn 0.9328 -0.2092 -0.2936
vn 0.9604 -0.1488 -0.2356
vn 0.7984 -0.2826 -0.5318
vn 0.8490 -0.2273 -0.4771
vn 0.8909 -0.1805 -0.4167
vn 0.1304 -0.2934 -0.9471
vn 0.2183 -0.3120 -0.9247
vn 0.2989 -0.3359 -0.8932
vn -0.4452 -0.2176 -0.8686
vn -0.3611 -0.2867 -0.8874
vn -0.2777 -0.3559 -0.8923
vn -0.8594 -0.0840 -0.5043
vn -0.8101 -0.1776 -0.5588
vn -0.7515 -0.2694 -0.6023
vn -0.9720 0.1258 0.1987
vn -0.9907 0.0511 0.1261
vn -0.9984 -0.0223 0.0527
vn -0.9062 0.1833 0.3810
vn -0.9431 0.1235 0.3086
vn -0.9709 0.0665 0.2299
vn -0.8050 0.2250 0.5489
vn -0.8584 0.1852 0.4783
vn -0.9074 0.1516 0.3920
vn 0.6576 -0.6007 0.4547
vn 0.0523 -0.7382 0.6725
vn -0.4962 -0.6001 0.6274
vn 0.6356 -0.7619 0.1243
vn -0.0041 -0.9481 0.3179
vn -0.5676 -0.7409 0.3591
vn 0.5296 -0.8227 -0.2065
vn -0.0778 -0.9942 -0.0739
vn -0.5890 -0.8057 0.0626
vn -0.9412 -0.3300 0.0728
vn -0.9254 -0.3670 0.0942
vn -0.8951 -0.4286 0.1225
vn -0.9314 -0.2738 0.2397
vn -0.9158 -0.3033 0.2633
vn -0.8843 -0.3666 0.2893
vn -0.8821 -0.2574 0.3945
vn -0.8642 -0.2650 0.4278
vn -0.8364 -0.3113 0.4512
vn -0.4230 -0.2824 0.8610
vn -0.4116 -0.1992 0.8893
vn -0.3968 -0.2326 0.8879
vn 0.0388 -0.2650 0.9635
vn 0.0739 -0.1546 0.9852
vn 0.0881 -0.2068 0.9744
vn 0.5774 -0.2157 0.7875
vn 0.6116 -0.1098 0.7835
vn 0.6141 -0.1541 0.7740
vn 0.9964 -0.0851 0.0061
vn 0.9963 -0.0810 0.0300
vn 0.9886 -0.1381 0.0594
vn 0.9789 -0.1029 -0.1767
vn 0.9792 -0.1179 -0.1650
vn 0.9717 -0.1933 -0.1355
vn 0.9231 -0.1737 -0.3430
vn 0.9213 -0.1954 -0.3363
vn 0.9124 -0.2669 -0.3105
vn -0.9454 0.0513 0.3218
vn -0.9442 0.1420 0.2973
vn -0.9411 0.1926 0.2779
vn -0.8627 0.0561 0.5026
vn -0.8614 0.1594 0.4822
vn -0.8588 0.2234 0.4611
vn -0.7504 0.0476 0.6593
vn -0.7467 0.1617 0.6452
vn -0.7440 0.2371 0.6247
vn -0.2894 -0.2186 -0.9319
vn -0.1059 -0.2779 -0.9547
vn -0.0098 -0.3251 -0.9456
vn -0.6932 -0.0828 -0.7160
vn -0.6352 -0.1260 -0.7620
vn -0.5795 -0.1852 -0.7937
vn -0.9411 -0.0056 -0.3381
vn -0.9322 0.0128 -0.3618
vn -0.9195 -0.0059 -0.3931
vn 0.8986 -0.4088 -0.1595
vn 0.9302 -0.3021 -0.2087
vn 0.9399 -0.2470 -0.2357
vn 0.8343 -0.4145 -0.3635
vn 0.8612 -0.3272 -0.3890
vn 0.8670 -0.2840 -0.4093
vn 0.7077 -0.4234 -0.5656
vn 0.7417 -0.3536 -0.5700
vn 0.7495 -0.3216 -0.5787
vn -0.0765 -0.0495 0.9958
vn -0.0586 0.0627 0.9963
vn -0.0594 0.1516 0.9867
vn 0.4791 -0.1352 0.8673
vn 0.5388 -0.0662 0.8398
vn 0.5478 0.0087 0.8366
vn 0.7783 -0.2488 0.5765
vn 0.8836 -0.1871 0.4292
vn 0.9085 -0.1242 0.3990
vn 0.1992 -0.9795 -0.0299
vn 0.1722 -0.9779 0.1181
vn 0.1417 -0.9678 0.2079
vn -0.0289 -0.9987 -0.0422
vn -0.0424 -0.9924 0.1158
vn -0.0547 -0.9784 0.1994
vn -0.2485 -0.9661 -0.0701
vn -0.2465 -0.9658 0.0801
vn -0.2402 -0.9567 0.1642
vn -0.8580 -0.0087 -0.5136
vn -0.8515 -0.2567 -0.4573
vn -0.7534 -0.5703 -0.3273
vn -0.9366 0.0422 -0.3480
vn -0.9228 -0.2472 -0.2954
vn -0.7839 -0.5979 -0.1673
vn -0.9593 0.1857 -0.2129
vn -0.9610 -0.2088 -0.1815
vn -0.7892 -0.6114 -0.0580
vn 0.4299 -0.0591 -0.9009
vn 0.4188 -0.3689 -0.8298
vn 0.3516 -0.7083 -0.6121
vn -0.0826 -0.0606 -0.9947
vn -0.0711 -0.3683 -0.9270
vn -0.0497 -0.7236 -0.6884
vn -0.4688 -0.0422 -0.8823
vn -0.4575 -0.3139 -0.8320
vn -0.3893 -0.6499 -0.6527
vn -0.7671 -0.6413 0.0178
vn -0.7591 -0.6441 0.0946
vn -0.7463 -0.6225 0.2358
vn -0.9948 -0.0827 -0.0593
vn -0.9987 -0.0247 0.0448
vn -0.9736 0.0284 0.2264
vn -0.8542 0.5174 -0.0510
vn -0.7931 0.6083 0.0309
vn -0.7470 0.6483 0.1473
vn -0.4413 0.7560 0.4835
vn -0.6091 0.1268 0.7829
vn -0.4479 -0.6219 0.6424
vn -0.2082 0.8013 0.5608
vn -0.2762 0.1545 0.9486
vn -0.1837 -0.6330 0.7520
vn 0.0560 0.8007 0.5965
vn 0.1177 0.1666 0.9790
vn 0.1081 -0.6044 0.7893
vn 0.1201 -0.9661 0.2283
vn 0.1110 -0.9613 0.2520
vn 0.0938 -0.9464 0.3092
vn -0.0410 -0.9787 0.2011
vn -0.0360 -0.9753 0.2180
vn -0.0435 -0.9602 0.2760
vn -0.1957 -0.9667 0.1648
vn -0.1798 -0.9663 0.1845
vn -0.1786 -0.9536 0.2425
vn 0.8136 0.5558 0.1710
vn 0.7043 0.6649 0.2489
vn 0.5862 0.7201 0.3713
vn 0.9705 -0.0336 0.2389
vn 0.9258 0.0377 0.3762
vn 0.8072 0.0996 0.5818
vn 0.7364 -0.6197 0.2714
vn 0.6944 -0.6146 0.3742
vn 0.6145 -0.5882 0.5258
vn -0.2177 0.9723 0.0849
vn -0.2035 0.9760 0.0771
vn -0.2034 0.9738 0.1017
vn -0.0405 0.9932 0.1088
vn -0.0518 0.9945 0.0905
vn -0.0737 0.9903 0.1175
vn 0.1443 0.9830 0.1140
vn 0.0998 0.9896 0.1036
vn 0.0578 0.9897 0.1309
vn 0.9242 -0.1468 0.3526
vn 0.9351 -0.0837 0.3443
vn 0.9421 -0.0311 0.3340
vn 0.9800 -0.1474 0.1337
vn 0.9901 -0.0799 0.1150
vn 0.9958 -0.0255 0.0882
vn 0.9841 -0.1560 -0.0846
vn 0.9905 -0.0895 -0.1040
vn 0.9901 -0.0363 -0.1359
vn -0.7048 -0.0844 0.7044
vn -0.6945 -0.1030 0.7121
vn -0.6701 -0.1016 0.7353
vn -0.3388 -0.1286 0.9320
vn -0.3415 -0.1354 0.9301
vn -0.3290 -0.1255 0.9360
vn 0.2145 -0.1616 0.9633
vn 0.1979 -0.1440 0.9696
vn 0.1844 -0.1182 0.9757
vn 0.4865 -0.1477 -0.8611
vn 0.4949 -0.1066 -0.8624
vn 0.4908 -0.0651 -0.8688
vn -0.0791 -0.0959 -0.9922
vn -0.0740 -0.0824 -0.9938
vn -0.0704 -0.0584 -0.9958
vn -0.4934 -0.0522 -0.8683
vn -0.4906 -0.0567 -0.8695
vn -0.4834 -0.0456 -0.8742
vn -0.9044 -0.0097 -0.4267
vn -0.8961 -0.0284 -0.4430
vn -0.8855 -0.0272 -0.4639
vn -0.9828 -0.0054 -0.1843
vn -0.9795 -0.0257 -0.1997
vn -0.9758 -0.0255 -0.2171
vn -0.9961 -0.0154 0.0872
vn -0.9958 -0.0367 0.0841
vn -0.9956 -0.0373 0.0864
vn -0.1067 -0.0679 0.9920
vn -0.1039 -0.2539 0.9616
vn -0.1049 -0.4392 0.8922
vn -0.2409 -0.0672 0.9682
vn -0.2363 -0.2480 0.9395
vn -0.2425 -0.4240 0.8726
vn -0.4312 -0.0664 0.8998
vn -0.4236 -0.2439 0.8724
vn -0.4376 -0.4004 0.8051
vn -0.3799 0.6947 -0.6108
vn -0.3486 0.8213 -0.4516
vn -0.2930 0.9058 -0.3061
vn -0.2460 0.5809 -0.7759
vn -0.2379 0.7502 -0.6170
vn -0.2039 0.8790 -0.4311
vn -0.1032 0.4917 -0.8647
vn -0.1046 0.6795 -0.7262
vn -0.0908 0.8446 -0.5277
vn -0.0990 0.3747 0.9219
vn -0.0821 0.5078 0.8576
vn -0.0710 0.6332 0.7708
vn -0.1990 0.4217 0.8846
vn -0.1848 0.5684 0.8017
vn -0.1677 0.6953 0.6989
vn -0.3246 0.5352 0.7799
vn -0.3040 0.6723 0.6750
vn -0.2710 0.7791 0.5654
vn -0.9936 -0.1102 -0.0250
vn -0.9859 -0.1667 -0.0107
vn -0.9696 -0.2438 0.0211
vn -0.9901 -0.0389 0.1350
vn -0.9841 -0.1066 0.1420
vn -0.9646 -0.1964 0.1759
vn -0.9681 0.0286 0.2491
vn -0.9686 -0.0759 0.2367
vn -0.9361 -0.2059 0.2851
vn -0.5640 0.1213 -0.8168
vn -0.5551 -0.0807 -0.8279
vn -0.5404 -0.2075 -0.8154
vn -0.3765 0.1290 -0.9174
vn -0.3698 -0.0717 -0.9264
vn -0.3578 -0.1990 -0.9123
vn -0.1929 0.1282 -0.9728
vn -0.1900 -0.0681 -0.9794
vn -0.1823 -0.1926 -0.9642
vn -0.9171 -0.0300 0.3975
vn -0.9101 -0.2028 0.3615
vn -0.9103 -0.3057 0.2792
vn -0.9999 0.0136 0.0065
vn -0.9872 -0.1585 -0.0174
vn -0.9660 -0.2535 -0.0513
vn -0.9321 0.0599 -0.3572
vn -0.9205 -0.1237 -0.3708
vn -0.8994 -0.2301 -0.3716
vn -0.5570 0.0327 -0.8299
vn -0.5438 0.2047 -0.8139
vn -0.5093 0.4206 -0.7508
vn -0.3473 0.0290 -0.9373
vn -0.3340 0.2115 -0.9185
vn -0.3123 0.4565 -0.8331
vn -0.1634 0.0336 -0.9860
vn -0.1545 0.2228 -0.9625
vn -0.1421 0.4787 -0.8664
vn -0.5273 -0.3067 -0.7924
vn -0.5347 -0.2849 -0.7956
vn -0.5468 -0.2201 -0.8078
vn -0.3420 -0.3043 -0.8891
vn -0.3437 -0.2858 -0.8945
vn -0.3486 -0.2246 -0.9099
vn -0.1680 -0.2997 -0.9391
vn -0.1667 -0.2831 -0.9445
vn -0.1676 -0.2236 -0.9602
vn -0.9358 -0.3498 0.0443
vn -0.9555 -0.2862 -0.0716
vn -0.9739 -0.1875 -0.1279
vn -0.9394 -0.3086 -0.1493
vn -0.9434 -0.2666 -0.1973
vn -0.9563 -0.1814 -0.2294
vn -0.8750 -0.2988 -0.3810
vn -0.8803 -0.2648 -0.3936
vn -0.8942 -0.1880 -0.4063
vn -0.4655 0.8191 -0.3353
vn -0.4717 0.8697 -0.1453
vn -0.4720 0.8815 0.0103
vn -0.2702 0.8974 -0.3488
vn -0.2657 0.9557 -0.1268
vn -0.2649 0.9634 0.0410
vn -0.1155 0.9296 -0.3499
vn -0.1118 0.9867 -0.1181
vn -0.1126 0.9920 0.0563
vn -0.9821 0.0923 -0.1640
vn -0.9518 0.2643 -0.1553
vn -0.8709 0.4779 -0.1150
vn -0.9634 0.0897 -0.2526
vn -0.9344 0.2591 -0.2444
vn -0.8577 0.4651 -0.2193
vn -0.9059 0.0752 -0.4168
vn -0.8832 0.2401 -0.4028
vn -0.8233 0.4328 -0.3673
vn -0.9513 -0.2803 0.1281
vn -0.9055 -0.3937 0.1585
vn -0.9056 -0.3303 0.2660
vn -0.9091 -0.2092 0.3602
vn -0.9734 -0.1928 0.1237
vn -0.9763 -0.1957 -0.0921
vn -0.9481 -0.3176 0.0141
vn -0.9109 0.0530 0.4092
vn -0.8702 0.0365 0.4913
vn -0.7752 0.0210 0.6314
vn -0.8995 0.2242 0.3751
vn -0.8588 0.1897 0.4760
vn -0.7654 0.1486 0.6261
vn -0.8321 0.4486 0.3262
vn -0.7937 0.3949 0.4627
vn -0.7179 0.3228 0.6168
vn -0.7942 -0.4675 0.3881
vn -0.7630 -0.4581 0.4560
vn -0.7094 -0.4140 0.5704
vn -0.8662 -0.3288 0.3763
vn -0.8367 -0.3050 0.4548
vn -0.7643 -0.2626 0.5890
vn -0.8940 -0.2005 0.4007
vn -0.8609 -0.1788 0.4763
vn -0.7777 -0.1450 0.6117
vn -0.9823 0.1632 0.0923
vn -0.9893 0.0734 -0.1257
vn -0.9933 0.0515 0.1037
vn -0.9319 0.0602 0.3576
vn -0.9425 0.2314 0.2412
vn -0.9247 0.3710 0.0848
vn -0.9703 0.2359 -0.0527
vn 0.2523 -0.8272 0.5022
vn 0.1324 -0.9352 0.3286
vn 0.0891 -0.9611 0.2615
vn -0.0847 -0.8148 0.5736
vn -0.1137 -0.9226 0.3686
vn -0.1233 -0.9479 0.2937
vn -0.3632 -0.7497 0.5532
vn -0.3257 -0.8601 0.3926
vn -0.3121 -0.8920 0.3269
vn -0.1136 -0.3437 0.9322
vn -0.1231 -0.1496 0.9810
vn -0.1264 -0.0378 0.9913
vn -0.2485 -0.3388 0.9075
vn -0.2646 -0.1524 0.9522
vn -0.2680 -0.0451 0.9624
vn -0.4107 -0.3333 0.8487
vn -0.4361 -0.1689 0.8839
vn -0.4374 -0.0656 0.8969
vn -0.1241 0.0333 0.9917
vn -0.1204 0.1158 0.9860
vn -0.1155 0.2626 0.9580
vn -0.2610 0.0262 0.9650
vn -0.2545 0.1092 0.9609
vn -0.2445 0.2570 0.9350
vn -0.4250 0.0178 0.9050
vn -0.4169 0.1050 0.9028
vn -0.3961 0.2463 0.8846
vn -0.0960 -0.7543 0.6495
vn -0.0882 -0.7846 0.6136
vn -0.0879 -0.7303 0.6774
vn -0.2333 -0.7437 0.6264
vn -0.2148 -0.7751 0.5943
vn -0.2088 -0.7207 0.6610
vn -0.4353 -0.7063 0.5583
vn -0.3963 -0.7324 0.5537
vn -0.3725 -0.6864 0.6246
vn -0.4494 0.8344 0.3190
vn -0.4253 0.7540 0.5006
vn -0.3958 0.6263 0.6716
vn -0.2566 0.8978 0.3581
vn -0.2477 0.8046 0.5397
vn -0.2388 0.6548 0.7170
vn -0.1138 0.9159 0.3849
vn -0.1123 0.8147 0.5689
vn -0.1107 0.6584 0.7445
vn -0.4307 0.8873 0.1649
vn -0.5162 0.8333 0.1977
vn -0.6781 0.6816 0.2749
vn -0.4353 0.8995 0.0375
vn -0.5336 0.8452 0.0313
vn -0.7158 0.6977 0.0282
vn -0.4099 0.9095 -0.0691
vn -0.5037 0.8562 -0.1150
vn -0.6745 0.7118 -0.1961
vn -0.2836 0.9167 -0.2814
vn -0.3420 0.8598 -0.3792
vn -0.4427 0.7061 -0.5528
vn -0.1989 0.9090 -0.3664
vn -0.2393 0.8479 -0.4730
vn -0.3053 0.6850 -0.6615
vn -0.0938 0.8961 -0.4338
vn -0.1178 0.8319 -0.5423
vn -0.1542 0.6623 -0.7332
vn -0.0733 0.7295 0.6800
vn -0.0848 0.6711 0.7365
vn -0.1013 0.4946 0.8632
vn -0.1699 0.7648 0.6215
vn -0.1906 0.7055 0.6825
vn -0.2237 0.5276 0.8195
vn -0.2755 0.8132 0.5127
vn -0.3122 0.7548 0.5769
vn -0.3778 0.5813 0.7207
vn 0.3767 -0.4262 -0.8225
vn 0.3733 -0.4708 -0.7994
vn 0.3721 -0.5091 -0.7761
vn -0.1883 -0.4639 -0.8656
vn -0.1867 -0.5186 -0.8344
vn -0.1843 -0.5777 -0.7952
vn -0.6805 -0.3717 -0.6315
vn -0.6728 -0.4291 -0.6027
vn -0.6622 -0.4989 -0.5591
vn -0.2502 0.5230 0.8148
vn -0.3853 -0.1242 0.9144
vn -0.3850 -0.6436 0.6615
vn 0.1211 0.5409 0.8323
vn 0.0324 -0.1730 0.9844
vn -0.0798 -0.7339 0.6746
vn 0.5129 0.4895 0.7052
vn 0.4978 -0.2030 0.8432
vn 0.2795 -0.7510 0.5982
vn 0.9855 0.1573 0.0643
vn 0.9505 0.2809 0.1327
vn 0.9054 0.3536 0.2350
vn 0.9950 -0.1001 0.0040
vn 0.9893 -0.1213 0.0808
vn 0.9605 -0.1548 0.2311
vn 0.9146 -0.3936 0.0927
vn 0.8276 -0.5439 0.1390
vn 0.7466 -0.6276 0.2208
vn -0.2900 0.5985 0.7468
vn -0.1634 0.7788 0.6056
vn -0.0936 0.8751 0.4748
vn 0.1802 0.6282 0.7569
vn 0.1641 0.8027 0.5733
vn 0.1473 0.8930 0.4253
vn 0.6038 0.5618 0.5656
vn 0.4692 0.7514 0.4641
vn 0.3804 0.8505 0.3633
vn -0.8510 -0.3483 0.3929
vn -0.7982 -0.4312 0.4207
vn -0.7383 -0.4772 0.4767
vn -0.9303 -0.0458 0.3639
vn -0.8951 -0.0386 0.4443
vn -0.8246 -0.0433 0.5640
vn -0.8756 0.2269 0.4264
vn -0.7947 0.3509 0.4953
vn -0.6972 0.4283 0.5749
vn -0.9611 -0.1474 -0.2334
vn -0.9717 -0.0339 -0.2338
vn -0.9666 0.0948 -0.2380
vn -0.9933 -0.1128 -0.0253
vn -0.9995 0.0110 -0.0298
vn -0.9887 0.1468 -0.0309
vn -0.9771 -0.0489 0.2072
vn -0.9778 0.0658 0.1988
vn -0.9611 0.1901 0.2002
vn -0.6213 0.0784 0.7796
vn -0.5854 0.1298 0.8003
vn -0.5368 0.1780 0.8247
vn -0.3469 0.0857 0.9340
vn -0.3071 0.1078 0.9456
vn -0.2635 0.1240 0.9566
vn -0.1806 0.0631 0.9815
vn -0.1433 0.0737 0.9869
vn -0.1044 0.0777 0.9915
vn -0.0453 0.0228 -0.9987
vn -0.0774 0.0154 -0.9969
vn -0.1172 0.0162 -0.9930
vn -0.3067 -0.0329 -0.9512
vn -0.3381 -0.0301 -0.9406
vn -0.3685 -0.0120 -0.9295
vn -0.6300 -0.1042 -0.7696
vn -0.6459 -0.0665 -0.7605
vn -0.6518 -0.0102 -0.7583
vt 0.622059 0.685099
vt 0.624078 0.624264
vt 0.624865 0.624243
vt 0.624658 0.684923
vt 0.624717 0.562408
vt 0.624904 0.562405
vt 0.625205 0.624191
vt 0.625707 0.684765
vt 0.625016 0.562399
vt 0.606837 0.746078
vt 0.618766 0.683442
vt 0.619439 0.744505
vt 0.623236 0.623691
vt 0.624740 0.562336
vt 0.625000 0.500000
vt 0.623094 0.499946
vt 0.624369 0.500000
vt 0.624921 0.500000
vt 0.625000 0.500000
vt 0.625032 0.562398
vt 0.625254 0.624183
vt 0.625857 0.684743
vt 0.626755 0.743502
vt 0.627030 0.743464
vt 0.624823 0.743771
vt 0.496408 0.817979
vt 0.537402 0.818870
vt 0.536825 0.868319
vt 0.496558 0.871435
vt 0.574140 0.813274
vt 0.574559 0.863127
vt 0.538137 0.923184
vt 0.495199 0.929680
vt 0.579700 0.916062
vt 0.443296 0.750000
vt 0.501407 0.776805
vt 0.457624 0.813342
vt 0.542204 0.780826
vt 0.577224 0.772285
vt 0.602374 0.804908
vt 0.603812 0.857010
vt 0.611974 0.906672
vt 0.637183 0.960782
vt 0.588712 0.970587
vt 0.540240 0.980391
vt 0.491768 0.990196
vt 0.457229 0.934672
vt 0.443296 1.000000
vt 0.460125 0.873077
vt 0.375000 0.312500
vt 0.375000 0.375000
vt 0.375000 0.437500
vt 0.375000 0.437500
vt 0.375000 0.250000
vt 0.375000 0.312500
vt 0.375000 0.375000
vt 0.375000 0.437500
vt 0.375000 0.500000
vt 0.375000 0.500000
vt 0.375000 0.500000
vt 0.375000 0.500000
vt 0.375000 0.250000
vt 0.375000 0.250000
vt 0.581196 0.748531
vt 0.552469 0.758807
vt 0.562778 0.749477
vt 0.583918 0.739520
vt 0.521949 0.757814
vt 0.550672 0.749771
vt 0.582320 0.741421
vt 0.550672 0.749771
vt 0.577224 0.772285
vt 0.604343 0.722525
vt 0.605339 0.715773
vt 0.488722 0.750000
vt 0.534148 0.750000
vt 0.542204 0.780826
vt 0.625000 0.750000
vt 0.608662 0.721416
vt 0.579574 0.750000
vt 0.605339 0.715773
vt 0.492528 0.312188
vt 0.533391 0.312066
vt 0.532359 0.371528
vt 0.493512 0.372504
vt 0.573068 0.312649
vt 0.570018 0.372721
vt 0.530365 0.424913
vt 0.490763 0.428236
vt 0.570311 0.428263
vt 0.443296 0.250000
vt 0.488722 0.250000
vt 0.456265 0.312391
vt 0.534148 0.250000
vt 0.579574 0.250000
vt 0.625000 0.250000
vt 0.604114 0.317600
vt 0.599553 0.375868
vt 0.603365 0.435113
vt 0.566519 0.471300
vt 0.525078 0.465278
vt 0.486171 0.471246
vt 0.455788 0.434896
vt 0.443296 0.500000
vt 0.458837 0.374132
vt 0.443296 0.673621
vt 0.443296 0.625899
vt 0.443296 0.625313
vt 0.443296 0.673859
vt 0.443296 0.579241
vt 0.443296 0.577079
vt 0.443296 0.625039
vt 0.443296 0.678579
vt 0.443296 0.571538
vt 0.443296 0.720000
vt 0.443296 0.674832
vt 0.443296 0.713080
vt 0.443296 0.626250
vt 0.443296 0.579583
vt 0.443296 0.541667
vt 0.443296 0.541233
vt 0.443296 0.538195
vt 0.443296 0.529134
vt 0.443297 0.500000
vt 0.443297 0.562500
vt 0.443297 0.625000
vt 0.443297 0.687500
vt 0.443296 0.721022
vt 0.443296 0.750000
vt 0.443296 0.713056
vt 0.375000 0.811095
vt 0.375000 0.864647
vt 0.375000 0.865090
vt 0.375000 0.810375
vt 0.375000 0.902858
vt 0.375000 0.906458
vt 0.375000 0.865171
vt 0.375000 0.808281
vt 0.375000 0.914480
vt 0.375000 0.750000
vt 0.375000 0.811198
vt 0.375000 0.749928
vt 0.375000 0.864583
vt 0.375000 0.902344
vt 0.375000 0.916667
vt 0.375000 0.917462
vt 0.375000 0.923032
vt 0.375000 0.939562
vt 0.375000 1.000000
vt 0.375000 0.915672
vt 0.375000 0.859664
vt 0.375000 0.803494
vt 0.375000 0.748047
vt 0.375000 0.745370
vt 0.375000 0.749421
vt 0.375000 0.562499
vt 0.375000 0.624991
vt 0.375000 0.624928
vt 0.375000 0.562491
vt 0.375000 0.687470
vt 0.375000 0.687256
vt 0.375000 0.624792
vt 0.375000 0.562546
vt 0.375000 0.686681
vt 0.375000 0.562500
vt 0.375000 0.625000
vt 0.375000 0.687500
vt 0.375000 0.685583
vt 0.375000 0.624711
vt 0.375000 0.563223
vt 0.375000 0.500000
vt 0.375000 0.808932
vt 0.375000 0.870379
vt 0.375000 0.873770
vt 0.375000 0.811460
vt 0.375000 0.933785
vt 0.375000 0.936695
vt 0.375000 0.874846
vt 0.375000 0.812370
vt 0.375000 0.937400
vt 0.375000 0.745370
vt 0.375000 0.803711
vt 0.375000 0.861400
vt 0.375000 0.920808
vt 0.375000 1.000000
vt 0.375000 0.937500
vt 0.375000 0.875000
vt 0.375000 0.812500
vt 0.375000 0.749928
vt 0.375000 0.750000
vt 0.375000 0.565162
vt 0.375000 0.624792
vt 0.375000 0.566488
vt 0.375000 0.684065
vt 0.375000 0.683259
vt 0.375000 0.624991
vt 0.375000 0.565878
vt 0.375000 0.684090
vt 0.375000 0.506456
vt 0.375000 0.741609
vt 0.375000 0.739583
vt 0.375000 0.741609
vt 0.375000 0.685619
vt 0.375000 0.625000
vt 0.375000 0.564381
vt 0.375000 0.508319
vt 0.375000 0.504630
vt 0.375000 0.509838
vt 0.375000 0.358599
vt 0.375000 0.400468
vt 0.375000 0.420247
vt 0.375000 0.404225
vt 0.375000 0.450558
vt 0.375000 0.457828
vt 0.375000 0.400468
vt 0.375000 0.453920
vt 0.375000 0.328053
vt 0.375000 0.388310
vt 0.375000 0.506456
vt 0.375000 0.375000
vt 0.375000 0.504630
vt 0.375000 0.446253
vt 0.375000 0.508319
vt 0.375000 0.795824
vt 0.375000 0.844607
vt 0.375000 0.827908
vt 0.375000 0.791027
vt 0.375000 0.887126
vt 0.375000 0.844823
vt 0.375000 0.795852
vt 0.375000 0.844824
vt 0.375000 0.803494
vt 0.375000 0.741609
vt 0.375000 0.920808
vt 0.375000 0.915672
vt 0.375000 0.861401
vt 0.375000 0.803711
vt 0.375000 0.562500
vt 0.375000 0.625000
vt 0.375000 0.562500
vt 0.375000 0.687500
vt 0.375000 0.624892
vt 0.375000 0.562487
vt 0.375000 0.687269
vt 0.375000 0.500000
vt 0.375000 0.750000
vt 0.375000 0.750000
vt 0.375000 0.684950
vt 0.375000 0.624132
vt 0.375000 0.562392
vt 0.000000 0.000000
vt 0.375000 0.563294
vt 0.375000 0.625000
vt 0.375000 0.562735
vt 0.375000 0.686707
vt 0.375000 0.687265
vt 0.375000 0.562530
vt 0.375000 0.687471
vt 0.375000 0.501953
vt 0.375000 0.687500
vt 0.375000 0.500072
vt 0.375000 0.500579
vt 0.375000 0.316138
vt 0.375000 0.379584
vt 0.375000 0.376230
vt 0.375000 0.313305
vt 0.375000 0.441064
vt 0.375000 0.438540
vt 0.375000 0.375154
vt 0.375000 0.312601
vt 0.375000 0.437630
vt 0.375000 0.328053
vt 0.375000 0.388310
vt 0.375000 0.446253
vt 0.375000 0.437500
vt 0.375000 0.375000
vt 0.375000 0.250000
vt 0.375000 0.250000
vt 0.375000 0.812500
vt 0.375000 0.937500
vt 0.375000 0.812500
vt 0.375000 1.000000
vt 0.375000 0.812500
vt 0.375000 0.750000
vt 0.394677 0.312500
vt 0.410883 0.312500
vt 0.411672 0.375000
vt 0.395710 0.375000
vt 0.430398 0.312486
vt 0.432024 0.374892
vt 0.410962 0.437500
vt 0.394746 0.437500
vt 0.430454 0.437269
vt 0.392074 0.250000
vt 0.382826 0.312500
vt 0.409148 0.250000
vt 0.426222 0.250000
vt 0.427420 0.499946
vt 0.409779 0.500000
vt 0.392835 0.500000
vt 0.382840 0.437500
vt 0.384486 0.375000
vt 0.392143 0.562500
vt 0.409227 0.562500
vt 0.409148 0.625000
vt 0.392074 0.625000
vt 0.426331 0.562500
vt 0.426222 0.625000
vt 0.409230 0.687492
vt 0.392144 0.687499
vt 0.426336 0.687482
vt 0.443297 0.562500
vt 0.443296 0.625000
vt 0.443296 0.687500
vt 0.427506 0.749863
vt 0.409800 0.749932
vt 0.392837 0.749992
vt 0.375000 0.625000
vt 0.394754 0.812448
vt 0.411023 0.812304
vt 0.411757 0.874728
vt 0.395720 0.874749
vt 0.430776 0.812054
vt 0.432386 0.874113
vt 0.410941 0.937313
vt 0.394684 0.937016
vt 0.430646 0.936736
vt 0.382841 0.812283
vt 0.426222 1.000000
vt 0.409148 1.000000
vt 0.392074 1.000000
vt 0.382840 0.932292
vt 0.384486 0.873264
vt 0.484150 0.490673
vt 0.515069 0.487160
vt 0.505126 0.494792
vt 0.483434 0.497197
vt 0.546358 0.490904
vt 0.517609 0.497305
vt 0.515068 0.487160
vt 0.485862 0.499408
vt 0.483434 0.497197
vt 0.458963 0.497396
vt 0.461593 0.499132
vt 0.579574 0.500000
vt 0.534148 0.500000
vt 0.525078 0.465278
vt 0.459464 0.499892
vt 0.488722 0.500000
vt 0.461593 0.499132
vt 0.443296 0.740216
vt 0.443296 0.744870
vt 0.443296 0.741944
vt 0.443296 0.735313
vt 0.443296 0.740216
vt 0.443296 0.735313
vt 0.443296 0.741814
vt 0.443296 0.735202
vt 0.443296 0.735202
vt 0.443296 0.747287
vt 0.443296 0.721022
vt 0.443296 0.748264
vt 0.443296 0.747287
vt 0.443296 0.721022
vt 0.443296 0.713056
vt 0.443296 0.713080
vt 0.443296 0.738844
vt 0.443296 0.743819
vt 0.443296 0.738844
vt 0.624725 0.562159
vt 0.622800 0.622268
vt 0.622971 0.621452
vt 0.624746 0.562056
vt 0.617225 0.677727
vt 0.617724 0.674794
vt 0.623800 0.622603
vt 0.624850 0.562200
vt 0.620266 0.678452
vt 0.624740 0.562336
vt 0.625000 0.500000
vt 0.623236 0.623691
vt 0.618766 0.683442
vt 0.608662 0.721416
vt 0.625000 0.687500
vt 0.625000 0.625000
vt 0.625000 0.562500
vt 0.443296 0.501191
vt 0.443297 0.505835
vt 0.443296 0.509356
vt 0.443296 0.503123
vt 0.443296 0.518146
vt 0.443296 0.522015
vt 0.443296 0.519628
vt 0.443296 0.509913
vt 0.443296 0.532431
vt 0.443296 0.503255
vt 0.443297 0.500000
vt 0.443296 0.506076
vt 0.443297 0.517687
vt 0.443296 0.541667
vt 0.443297 0.542113
vt 0.443296 0.545235
vt 0.443296 0.552937
vt 0.443296 0.562500
vt 0.443296 0.552503
vt 0.443296 0.541763
vt 0.443296 0.529526
vt 0.443297 0.500000
vt 0.443296 0.678579
vt 0.443296 0.625039
vt 0.443296 0.625313
vt 0.443296 0.673859
vt 0.443296 0.571538
vt 0.443296 0.577079
vt 0.443296 0.625899
vt 0.443296 0.625000
vt 0.443296 0.562500
vt 0.443296 0.500000
vt 0.443296 0.529134
vt 0.443296 0.538194
vt 0.443296 0.509901
vt 0.443296 0.505208
vt 0.443296 0.508681
vt 0.443297 0.515625
vt 0.443296 0.509901
vt 0.443296 0.510200
vt 0.443296 0.517904
vt 0.443296 0.517904
vt 0.443296 0.502713
vt 0.443296 0.501736
vt 0.443296 0.502713
vt 0.443296 0.500000
vt 0.443296 0.538194
vt 0.443297 0.541233
vt 0.443297 0.518229
vt 0.443296 0.510417
vt 0.443297 0.518229
vt 0.443296 0.571538
vt 0.443296 0.625312
vt 0.443297 0.577079
vt 0.443296 0.625898
vt 0.443296 0.579241
vt 0.443296 0.673621
vt 0.443297 0.562500
vt 0.443296 0.674832
vt 0.443296 0.626250
vt 0.443297 0.579583
vt 0.443296 0.678221
vt 0.443296 0.625000
vt 0.443296 0.670995
vt 0.443296 0.571779
vt 0.443296 0.579005
vt 0.443296 0.625000
vt 0.443296 0.665064
vt 0.443296 0.584936
vt 0.443296 0.720474
vt 0.443296 0.625000
vt 0.443296 0.529526
vt 0.443296 0.541763
vt 0.443296 0.552503
vt 0.443296 0.587919
vt 0.443296 0.625000
vt 0.443296 0.662081
vt 0.443296 0.697497
vt 0.443296 0.687500
vt 0.443296 0.708237
vt 0.443296 0.579785
vt 0.443296 0.625898
vt 0.443296 0.625313
vt 0.443296 0.581431
vt 0.443296 0.673077
vt 0.443296 0.669506
vt 0.443296 0.625039
vt 0.443296 0.585240
vt 0.443296 0.664878
vt 0.443296 0.674832
vt 0.443296 0.712200
vt 0.443296 0.706015
vt 0.443296 0.697219
vt 0.443296 0.662081
vt 0.443296 0.587919
vt 0.443296 0.734847
vt 0.443296 0.745280
vt 0.443296 0.740957
vt 0.443296 0.728884
vt 0.443296 0.749166
vt 0.443296 0.746917
vt 0.443296 0.730411
vt 0.443296 0.717681
vt 0.443296 0.740092
vt 0.443296 0.739231
vt 0.443296 0.746910
vt 0.443296 0.749560
vt 0.443296 0.750000
vt 0.443296 0.750000
vt 0.443296 0.750000
vt 0.443296 0.720474
vt 0.443296 0.708237
vt 0.443296 0.697497
vt 0.443296 0.687500
vt 0.443296 0.687500
vt 0.443296 0.562500
vt 0.443296 0.625000
vt 0.443296 0.562500
vt 0.443296 0.750000
vt 0.443297 0.500000
vt 0.443296 0.750000
vt 0.447854 0.499769
vt 0.449579 0.499892
vt 0.444979 0.500000
vt 0.444453 0.500000
vt 0.447907 0.499986
vt 0.443507 0.500217
vt 0.443441 0.500244
vt 0.443441 0.500244
vt 0.458963 0.497396
vt 0.461593 0.499132
vt 0.459464 0.499892
vt 0.443296 0.562500
vt 0.443296 0.500000
vt 0.443296 0.750000
vt 0.443296 0.749783
vt 0.443296 0.749756
vt 0.443296 0.749756
vt 0.187188 0.562188
vt 0.247504 0.561958
vt 0.245660 0.620660
vt 0.186957 0.622504
vt 0.303155 0.561863
vt 0.297418 0.619900
vt 0.244900 0.672418
vt 0.186863 0.678155
vt 0.295234 0.670234
vt 0.125000 0.500000
vt 0.187500 0.500000
vt 0.125000 0.562500
vt 0.250000 0.500000
vt 0.312500 0.500000
vt 0.345866 0.561849
vt 0.336806 0.619792
vt 0.333767 0.669922
vt 0.333333 0.708333
vt 0.294922 0.708767
vt 0.244792 0.711806
vt 0.186849 0.720920
vt 0.125000 0.687500
vt 0.125000 0.750000
vt 0.125000 0.625000
vt 0.374674 0.562175
vt 0.374458 0.622396
vt 0.370660 0.620660
vt 0.372396 0.561958
vt 0.374363 0.678155
vt 0.369900 0.672526
vt 0.359918 0.619900
vt 0.365424 0.561863
vt 0.357734 0.670247
vt 0.374892 0.500000
vt 0.374349 0.723416
vt 0.369792 0.712674
vt 0.357422 0.708876
vt 0.333333 0.708333
vt 0.333767 0.669922
vt 0.336806 0.619792
vt 0.345866 0.561849
vt 0.372396 0.500000
vt 0.374132 0.500000
vt 0.374986 0.437500
vt 0.374892 0.437500
vt 0.374769 0.437500
vt 0.357734 0.733382
vt 0.369900 0.738040
vt 0.370660 0.754147
vt 0.359918 0.748023
vt 0.374363 0.750555
vt 0.374457 0.766915
vt 0.372396 0.768977
vt 0.365424 0.759493
vt 0.374674 0.781794
vt 0.357422 0.708876
vt 0.333767 0.732530
vt 0.369792 0.712674
vt 0.374349 0.723416
vt 0.375000 0.776976
vt 0.375000 0.790895
vt 0.375000 0.802395
vt 0.374892 0.802503
vt 0.374132 0.791763
vt 0.372396 0.779580
vt 0.345866 0.751953
vt 0.336806 0.745660
vt 0.374986 0.835817
vt 0.375000 0.882041
vt 0.375000 0.880015
vt 0.374891 0.829632
vt 0.375000 0.938380
vt 0.375000 0.938127
vt 0.375000 0.877580
vt 0.374769 0.822101
vt 0.375000 0.937823
vt 0.375000 0.838907
vt 0.374892 0.802503
vt 0.375000 0.882909
vt 0.375000 0.938489
vt 0.372396 0.779580
vt 0.374132 0.791763
vt 0.186863 0.740655
vt 0.244900 0.734918
vt 0.245660 0.745660
vt 0.186957 0.747504
vt 0.295234 0.732747
vt 0.297418 0.745009
vt 0.247504 0.749458
vt 0.187188 0.749688
vt 0.303155 0.749593
vt 0.125000 0.750000
vt 0.312500 0.750000
vt 0.250000 0.750000
vt 0.187500 0.750000
vt 0.125000 0.750000
vt 0.375000 0.821871
vt 0.375000 0.877580
vt 0.375000 0.829524
vt 0.375000 0.937823
vt 0.375000 0.938127
vt 0.375000 0.835803
vt 0.375000 0.938380
vt 0.375000 0.750000
vt 0.375000 0.750000
vt 0.375000 0.687500
vt 0.632456 0.878345
vt 0.630835 0.845801
vt 0.630814 0.845867
vt 0.632453 0.878353
vt 0.628831 0.798868
vt 0.628771 0.799058
vt 0.630770 0.846117
vt 0.632447 0.878384
vt 0.628631 0.799739
vt 0.633122 0.890522
vt 0.632456 0.878343
vt 0.633122 0.890522
vt 0.630838 0.845792
vt 0.628839 0.798840
vt 0.627019 0.743502
vt 0.626937 0.743766
vt 0.626704 0.744515
vt 0.626108 0.746435
vt 0.628515 0.802487
vt 0.630744 0.846962
vt 0.632444 0.878490
vt 0.633122 0.890522
vt 0.633122 0.890522
vt 0.618211 0.437921
vt 0.615825 0.380100
vt 0.622476 0.383681
vt 0.623186 0.438585
vt 0.618264 0.331638
vt 0.623186 0.342665
vt 0.624685 0.385200
vt 0.624773 0.438775
vt 0.624773 0.347032
vt 0.603365 0.435113
vt 0.599553 0.375868
vt 0.604114 0.317600
vt 0.623107 0.308268
vt 0.624369 0.326389
vt 0.624921 0.332465
vt 0.625000 0.333333
vt 0.625000 0.347656
vt 0.625000 0.385417
vt 0.625000 0.438802
vt 0.626119 0.892668
vt 0.620543 0.851459
vt 0.627925 0.847588
vt 0.630776 0.882755
vt 0.618482 0.800830
vt 0.625857 0.799391
vt 0.630474 0.846016
vt 0.632246 0.878895
vt 0.628466 0.798909
vt 0.611974 0.906672
vt 0.632382 0.911876
vt 0.603812 0.857010
vt 0.602374 0.804908
vt 0.633083 0.891262
vt 0.632809 0.896445
vt 0.443296 0.579544
vt 0.443296 0.625938
vt 0.443296 0.625625
vt 0.443297 0.579505
vt 0.443296 0.673434
vt 0.443296 0.672370
vt 0.443296 0.625938
vt 0.443296 0.673434
vt 0.443297 0.541667
vt 0.443296 0.712803
vt 0.443296 0.710833
vt 0.443296 0.712803
vt 0.443296 0.541667
vt 0.443296 0.541667
vt 0.625000 0.438802
vt 0.625000 0.385417
vt 0.625000 0.385417
vt 0.625000 0.438802
vt 0.625000 0.347656
vt 0.625000 0.347656
vt 0.625000 0.385417
vt 0.625000 0.438802
vt 0.625000 0.500000
vt 0.625000 0.333333
vt 0.625000 0.333333
vt 0.625000 0.333333
vt 0.625000 0.500000
vt 0.625848 0.684770
vt 0.625251 0.624193
vt 0.625230 0.624259
vt 0.625789 0.684960
vt 0.625031 0.562399
vt 0.625029 0.562407
vt 0.625181 0.624309
vt 0.625638 0.685217
vt 0.625023 0.562414
vt 0.625015 0.562344
vt 0.625118 0.623754
vt 0.625406 0.683590
vt 0.625014 0.438774
vt 0.625000 0.385200
vt 0.625000 0.383681
vt 0.625109 0.438575
vt 0.625000 0.347032
vt 0.625000 0.342665
vt 0.625000 0.379991
vt 0.625231 0.438103
vt 0.625000 0.331190
vt 0.625109 0.499990
vt 0.625000 0.332465
vt 0.625000 0.326389
vt 0.625000 0.308160
vt 0.625000 0.312500
vt 0.625000 0.375000
vt 0.625000 0.437500
vt 0.627604 0.499781
vt 0.625868 0.499921
vt 0.625182 0.677337
vt 0.625059 0.622205
vt 0.625019 0.620599
vt 0.625054 0.672244
vt 0.625008 0.562151
vt 0.625002 0.561950
vt 0.625002 0.619893
vt 0.625007 0.670212
vt 0.625000 0.561862
vt 0.625284 0.719951
vt 0.625000 0.561849
vt 0.625000 0.619792
vt 0.625000 0.669922
vt 0.625010 0.708737
vt 0.625000 0.708333
vt 0.625075 0.711564
vt 0.696733 0.558361
vt 0.752457 0.556081
vt 0.754028 0.609431
vt 0.701684 0.613892
vt 0.812807 0.553603
vt 0.813004 0.605534
vt 0.753984 0.656827
vt 0.701990 0.663397
vt 0.812564 0.653429
vt 0.687500 0.500000
vt 0.653978 0.560137
vt 0.750000 0.500000
vt 0.812500 0.500000
vt 0.875000 0.500000
vt 0.875000 0.551048
vt 0.875000 0.602097
vt 0.875000 0.653145
vt 0.875000 0.704193
vt 0.807787 0.690972
vt 0.752222 0.693056
vt 0.700602 0.701487
vt 0.661920 0.669675
vt 0.655000 0.715419
vt 0.661944 0.617584
vt 0.625512 0.669974
vt 0.625504 0.619780
vt 0.629028 0.619697
vt 0.629093 0.670336
vt 0.625321 0.561824
vt 0.627565 0.561648
vt 0.639184 0.619291
vt 0.639286 0.670963
vt 0.634463 0.561161
vt 0.625386 0.708435
vt 0.653978 0.560137
vt 0.635770 0.711098
vt 0.628090 0.709148
vt 0.625183 0.739993
vt 0.625055 0.734445
vt 0.625028 0.743399
vt 0.625060 0.746907
vt 0.625007 0.732638
vt 0.625004 0.744536
vt 0.625008 0.749047
vt 0.625060 0.746907
vt 0.625406 0.748694
vt 0.625075 0.711564
vt 0.625118 0.749622
vt 0.625000 0.708333
vt 0.625000 0.732422
vt 0.625009 0.708737
vt 0.625000 0.744792
vt 0.625000 0.750000
vt 0.625015 0.749953
vt 0.625000 0.749349
vt 0.625118 0.749622
vt 0.625000 0.744792
vt 0.625543 0.750235
vt 0.629119 0.748038
vt 0.629239 0.752379
vt 0.625752 0.754140
vt 0.639302 0.742313
vt 0.639311 0.747938
vt 0.628300 0.762179
vt 0.626162 0.764491
vt 0.634930 0.756132
vt 0.625386 0.749549
vt 0.625032 0.750549
vt 0.628090 0.746394
vt 0.635770 0.737469
vt 0.661925 0.732983
vt 0.661987 0.741003
vt 0.654105 0.746516
vt 0.629024 0.774087
vt 0.627729 0.782044
vt 0.627118 0.784745
vt 0.625857 0.764821
vt 0.627031 0.785130
vt 0.625254 0.754391
vt 0.625665 0.757771
vt 0.625212 0.752442
vt 0.625475 0.757828
vt 0.626011 0.766375
vt 0.625054 0.750785
vt 0.625282 0.754821
vt 0.626075 0.768554
vt 0.626587 0.777322
vt 0.625884 0.765287
vt 0.625406 0.748694
vt 0.626726 0.774025
vt 0.627052 0.785507
vt 0.627204 0.788139
vt 0.627580 0.794633
vt 0.627568 0.794237
vt 0.628046 0.802696
vt 0.627110 0.784970
vt 0.625220 0.732419
vt 0.626733 0.732728
vt 0.625833 0.742523
vt 0.625131 0.744398
vt 0.630491 0.734455
vt 0.626733 0.745087
vt 0.626733 0.732728
vt 0.625220 0.748816
vt 0.625131 0.744398
vt 0.625000 0.708333
vt 0.625000 0.732422
vt 0.625000 0.744792
vt 0.628090 0.746394
vt 0.628090 0.709148
vt 0.625000 0.749349
vt 0.625386 0.749549
vt 0.628090 0.746394
vt 0.443296 0.749556
vt 0.443296 0.748294
vt 0.443296 0.749444
vt 0.443296 0.749822
vt 0.443296 0.744516
vt 0.443296 0.748294
vt 0.443296 0.749931
vt 0.443296 0.749978
vt 0.443296 0.749787
vt 0.443296 0.749560
vt 0.443296 0.747396
vt 0.443296 0.739231
vt 0.443296 0.739231
vt 0.443296 0.746910
vt 0.443296 0.749614
vt 0.443296 0.749892
vt 0.443296 0.749132
vt 0.632468 0.879199
vt 0.630932 0.852636
vt 0.630871 0.851569
vt 0.632460 0.879066
vt 0.629134 0.821520
vt 0.628939 0.818147
vt 0.630842 0.851071
vt 0.632456 0.879003
vt 0.628852 0.816634
vt 0.632472 0.879279
vt 0.630969 0.853277
vt 0.629269 0.823863
vt 0.627580 0.794633
vt 0.627204 0.788139
vt 0.627052 0.785507
vt 0.627030 0.785130
vt 0.628839 0.816419
vt 0.630838 0.851000
vt 0.632456 0.878994
vt 0.632486 0.879509
vt 0.630843 0.851091
vt 0.630880 0.851732
vt 0.632694 0.883111
vt 0.628839 0.816176
vt 0.628836 0.814477
vt 0.630970 0.853287
vt 0.633242 0.892591
vt 0.628701 0.810007
vt 0.633165 0.891254
vt 0.627118 0.784745
vt 0.629024 0.774087
vt 0.628046 0.802696
vt 0.631092 0.855391
vt 0.634137 0.908087
vt 0.634349 0.911746
vt 0.633461 0.896377
vt 0.632448 0.878705
vt 0.630774 0.848684
vt 0.630847 0.850777
vt 0.632457 0.878967
vt 0.628644 0.809301
vt 0.628871 0.815868
vt 0.630929 0.852537
vt 0.632467 0.879187
vt 0.629125 0.821235
vt 0.701394 0.722637
vt 0.749210 0.714257
vt 0.747083 0.723934
vt 0.700821 0.732372
vt 0.794498 0.710414
vt 0.787830 0.717830
vt 0.747682 0.727059
vt 0.696147 0.736682
vt 0.794741 0.718607
vt 0.817600 0.712365
vt 0.805556 0.716129
vt 0.817708 0.714592
vt 0.812500 0.715645
vt 0.750000 0.727097
vt 0.687500 0.738548
vt 0.625857 0.684743
vt 0.625254 0.624183
vt 0.625254 0.624183
vt 0.625857 0.684743
vt 0.625032 0.562398
vt 0.625032 0.562398
vt 0.625032 0.562398
vt 0.627031 0.743464
vt 0.627031 0.743464
vt 0.627030 0.743464
vt 0.627031 0.743464
vt 0.630838 0.845792
vt 0.630838 0.845792
vt 0.632456 0.878343
vt 0.628839 0.798840
vt 0.628839 0.798840
vt 0.630838 0.845792
vt 0.628839 0.798840
vt 0.633122 0.890522
vt 0.632456 0.878343
vt 0.633122 0.890522
vt 0.628839 0.798840
vt 0.633122 0.890522
vt 0.633122 0.890522
vt 0.443296 0.517917
vt 0.443296 0.510308
vt 0.443296 0.509549
vt 0.443296 0.515734
vt 0.443296 0.518216
vt 0.443297 0.518121
vt 0.443297 0.507813
vt 0.443296 0.510227
vt 0.443296 0.517904
vt 0.443296 0.750000
vt 0.443296 0.750000
vt 0.443296 0.750000
vt 0.443296 0.735714
vt 0.443296 0.735816
vt 0.443296 0.745972
vt 0.443296 0.745907
vt 0.443296 0.740537
vt 0.443296 0.747435
vt 0.443296 0.749497
vt 0.443296 0.749488
vt 0.443296 0.749680
vt 0.443296 0.713056
vt 0.443296 0.721022
vt 0.443296 0.744303
vt 0.443296 0.746589
vt 0.443296 0.748889
vt 0.443296 0.748225
vt 0.443296 0.744303
vt 0.443296 0.748225
vt 0.443296 0.749861
vt 0.443296 0.749778
vt 0.443296 0.749614
vt 0.443296 0.735514
vt 0.443296 0.734219
vt 0.443296 0.745417
vt 0.443296 0.745838
vt 0.443296 0.745838
vt 0.443296 0.749427
vt 0.443296 0.749480
vt 0.443296 0.749480
vt 0.443296 0.712803
vt 0.443296 0.710833
vt 0.443296 0.712803
vt 0.377468 0.811849
vt 0.378439 0.869792
vt 0.375949 0.866319
vt 0.375652 0.811415
vt 0.377531 0.918349
vt 0.375682 0.907335
vt 0.375119 0.864800
vt 0.375082 0.811225
vt 0.375085 0.902968
vt 0.382840 0.812283
vt 0.382840 0.932292
vt 0.375711 0.941732
vt 0.375237 0.923611
vt 0.375030 0.917535
vt 0.377468 0.312500
vt 0.378439 0.375000
vt 0.375949 0.375000
vt 0.375652 0.312500
vt 0.377468 0.437500
vt 0.375652 0.437500
vt 0.375119 0.375000
vt 0.375082 0.312500
vt 0.375082 0.437500
vt 0.382826 0.312500
vt 0.625355 0.685767
vt 0.625735 0.685134
vt 0.625212 0.624319
vt 0.625074 0.624483
vt 0.625841 0.684791
vt 0.625249 0.624200
vt 0.625026 0.562415
vt 0.625009 0.562435
vt 0.625031 0.562400
vt 0.626393 0.745375
vt 0.623812 0.684487
vt 0.626861 0.744008
vt 0.627009 0.743532
vt 0.627031 0.743464
vt 0.625857 0.684742
vt 0.625032 0.562398
vt 0.624953 0.562374
vt 0.624622 0.623996
vt 0.493780 0.809408
vt 0.496262 0.869111
vt 0.538854 0.864923
vt 0.536812 0.807411
vt 0.495346 0.929370
vt 0.539858 0.922606
vt 0.584350 0.860259
vt 0.582001 0.805123
vt 0.586570 0.915417
vt 0.456803 0.810930
vt 0.459894 0.872277
vt 0.457201 0.934572
vt 0.637183 0.960782
vt 0.634137 0.908087
vt 0.631092 0.855391
vt 0.625000 0.750000
vt 0.375000 0.312599
vt 0.375000 0.313296
vt 0.375000 0.376157
vt 0.375000 0.375145
vt 0.375000 0.316189
vt 0.375000 0.379413
vt 0.375000 0.438296
vt 0.375000 0.437600
vt 0.375000 0.440321
vt 0.375000 0.329047
vt 0.375000 0.445150
vt 0.582291 0.740904
vt 0.584183 0.737160
vt 0.561909 0.744792
vt 0.550035 0.747305
vt 0.550035 0.747305
vt 0.584183 0.737160
vt 0.519147 0.749421
vt 0.550035 0.747305
vt 0.608783 0.721291
vt 0.606493 0.715278
vt 0.608807 0.721354
vt 0.492820 0.312500
vt 0.494432 0.375000
vt 0.535723 0.375000
vt 0.535231 0.312500
vt 0.492820 0.437500
vt 0.535231 0.437500
vt 0.579771 0.375000
vt 0.579709 0.312500
vt 0.579710 0.437500
vt 0.456291 0.312500
vt 0.459047 0.375000
vt 0.456316 0.437500
vt 0.625000 0.375000
vt 0.625000 0.250000
vt 0.443296 0.625000
vt 0.443296 0.562500
vt 0.443296 0.562500
vt 0.375000 0.811126
vt 0.375000 0.810619
vt 0.375000 0.865162
vt 0.375000 0.864656
vt 0.375000 0.809028
vt 0.375000 0.865379
vt 0.375000 0.906467
vt 0.375000 0.902859
vt 0.375000 0.914506
vt 0.375000 0.811198
vt 0.375000 0.804633
vt 0.375000 0.859954
vt 0.375000 0.915708
vt 0.375000 0.923033
vt 0.375000 0.917462
vt 0.375000 0.902344
vt 0.375000 0.811460
vt 0.375000 0.745371
vt 0.375000 0.565192
vt 0.375000 0.566533
vt 0.375000 0.565884
vt 0.375000 0.683467
vt 0.375000 0.684808
vt 0.375000 0.684116
vt 0.375000 0.507252
vt 0.375000 0.510127
vt 0.375000 0.508355
vt 0.375000 0.685619
vt 0.375000 0.741645
vt 0.375000 0.739873
vt 0.375000 0.742748
vt 0.375000 0.362386
vt 0.375000 0.405159
vt 0.375000 0.421984
vt 0.375000 0.404965
vt 0.375000 0.454122
vt 0.375000 0.458762
vt 0.375000 0.405159
vt 0.375000 0.453477
vt 0.375000 0.404965
vt 0.375000 0.329084
vt 0.375000 0.388600
vt 0.375000 0.508355
vt 0.375000 0.446289
vt 0.375000 0.388600
vt 0.375000 0.445150
vt 0.375000 0.507252
vt 0.375000 0.388310
vt 0.375000 0.796496
vt 0.375000 0.791238
vt 0.375000 0.828016
vt 0.375000 0.844818
vt 0.375000 0.795878
vt 0.375000 0.844841
vt 0.375000 0.791238
vt 0.375000 0.887153
vt 0.375000 0.844818
vt 0.375000 0.741645
vt 0.375000 0.915708
vt 0.375000 0.625000
vt 0.375000 0.687500
vt 0.375000 0.687269
vt 0.375000 0.624132
vt 0.375000 0.562529
vt 0.375000 0.687265
vt 0.375000 0.686707
vt 0.375000 0.687471
vt 0.375000 0.501953
vt 0.375000 0.316215
vt 0.375000 0.379621
vt 0.375000 0.438540
vt 0.375000 0.441068
vt 0.375000 0.437630
vt 0.375000 0.312500
vt 0.375000 0.437500
vt 0.375000 0.446289
vt 0.375000 0.388600
vt 0.375000 0.812500
vt 0.375000 0.875000
vt 0.375000 0.812731
vt 0.375000 0.875109
vt 0.375000 0.937514
vt 0.375000 0.815050
vt 0.375000 0.875868
vt 0.375000 0.937608
vt 0.394677 0.312500
vt 0.395710 0.375000
vt 0.410883 0.312500
vt 0.394746 0.437500
vt 0.410962 0.437500
vt 0.432051 0.375000
vt 0.430402 0.312500
vt 0.430510 0.437500
vt 0.382826 0.312500
vt 0.392835 0.500000
vt 0.427433 0.500000
vt 0.392143 0.562500
vt 0.392074 0.625000
vt 0.392081 0.687499
vt 0.409200 0.687492
vt 0.426333 0.687482
vt 0.392126 0.749992
vt 0.409563 0.749932
vt 0.427462 0.749813
vt 0.392223 0.812476
vt 0.392282 0.874966
vt 0.410808 0.874728
vt 0.410341 0.812304
vt 0.392217 0.937477
vt 0.410289 0.937313
vt 0.432239 0.874013
vt 0.430629 0.811841
vt 0.430561 0.936723
vt 0.486006 0.500244
vt 0.484113 0.500217
vt 0.506388 0.500000
vt 0.518261 0.500000
vt 0.486006 0.500244
vt 0.518261 0.500000
vt 0.484113 0.500217
vt 0.549150 0.500000
vt 0.459516 0.502713
vt 0.461803 0.501736
vt 0.459516 0.502713
vt 0.443296 0.749756
vt 0.443296 0.749783
vt 0.443296 0.749756
vt 0.443296 0.747287
vt 0.443296 0.749946
vt 0.443296 0.747287
vt 0.443296 0.748264
vt 0.624850 0.562186
vt 0.624790 0.562066
vt 0.623318 0.621528
vt 0.623796 0.622487
vt 0.624855 0.562202
vt 0.623843 0.622613
vt 0.618691 0.674913
vt 0.620286 0.678200
vt 0.620386 0.678467
vt 0.624953 0.562375
vt 0.608807 0.721354
vt 0.623813 0.684487
vt 0.624622 0.623996
vt 0.443296 0.510792
vt 0.443296 0.520255
vt 0.443296 0.514371
vt 0.443297 0.508415
vt 0.443296 0.532999
vt 0.443296 0.526560
vt 0.443296 0.522642
vt 0.443296 0.518469
vt 0.443296 0.533298
vt 0.443296 0.529580
vt 0.443297 0.503255
vt 0.443296 0.553383
vt 0.443296 0.548804
vt 0.443296 0.553383
vt 0.443296 0.552937
vt 0.443296 0.545235
vt 0.443297 0.542113
vt 0.443297 0.517687
vt 0.443296 0.506076
vt 0.443296 0.500244
vt 0.443296 0.500217
vt 0.443296 0.500014
vt 0.443296 0.500109
vt 0.443296 0.500244
vt 0.443296 0.500231
vt 0.443296 0.500868
vt 0.443296 0.502604
vt 0.443296 0.664520
vt 0.443296 0.666643
vt 0.443296 0.625000
vt 0.443296 0.664520
vt 0.443296 0.583357
vt 0.443296 0.585480
vt 0.443296 0.585480
vt 0.443296 0.687500
vt 0.443296 0.696617
vt 0.443296 0.701196
vt 0.443296 0.696617
vt 0.443296 0.687500
vt 0.443296 0.662081
vt 0.443296 0.587919
vt 0.443296 0.553384
vt 0.443296 0.548804
vt 0.443296 0.553384
vt 0.443296 0.587919
vt 0.443296 0.579785
vt 0.443296 0.625313
vt 0.443296 0.585240
vt 0.443296 0.625039
vt 0.443296 0.669506
vt 0.443296 0.579583
vt 0.443296 0.587919
vt 0.443296 0.662081
vt 0.443296 0.697219
vt 0.443296 0.706015
vt 0.443296 0.734511
vt 0.443296 0.728257
vt 0.443296 0.735941
vt 0.443296 0.742592
vt 0.443296 0.716815
vt 0.443296 0.723479
vt 0.443296 0.729784
vt 0.443296 0.739334
vt 0.443296 0.717006
vt 0.443296 0.739122
vt 0.443296 0.696617
vt 0.443296 0.701196
vt 0.443296 0.697497
vt 0.443296 0.720420
vt 0.443296 0.747010
vt 0.443296 0.746042
vt 0.443296 0.678221
vt 0.443296 0.670995
vt 0.443296 0.625000
vt 0.443296 0.579005
vt 0.443296 0.571779
vt 0.443296 0.584936
vt 0.443408 0.571235
vt 0.443349 0.574653
vt 0.443303 0.571235
vt 0.443296 0.675347
vt 0.443296 0.678765
vt 0.443296 0.678765
vt 0.444611 0.528700
vt 0.443717 0.534722
vt 0.443349 0.528700
vt 0.443296 0.721300
vt 0.443296 0.715278
vt 0.443296 0.721354
vt 0.448022 0.509576
vt 0.444506 0.513021
vt 0.444979 0.506944
vt 0.449606 0.504991
vt 0.443448 0.509576
vt 0.443507 0.504991
vt 0.444506 0.513021
vt 0.448022 0.509576
vt 0.443448 0.509576
vt 0.444611 0.528700
vt 0.443717 0.534722
vt 0.443349 0.528700
vt 0.461803 0.501736
vt 0.443296 0.675347
vt 0.443349 0.574653
vt 0.443408 0.571235
vt 0.443303 0.571235
vt 0.443296 0.721354
vt 0.443296 0.715278
vt 0.443296 0.740668
vt 0.443296 0.736979
vt 0.443296 0.743056
vt 0.443296 0.745226
vt 0.443296 0.740424
vt 0.443296 0.745009
vt 0.443296 0.736979
vt 0.443296 0.740668
vt 0.443296 0.740424
vt 0.187500 0.562500
vt 0.187500 0.625000
vt 0.250000 0.625000
vt 0.250000 0.562500
vt 0.187500 0.687500
vt 0.250000 0.687500
vt 0.312500 0.625000
vt 0.312500 0.562500
vt 0.312500 0.687500
vt 0.375000 0.562188
vt 0.375000 0.562066
vt 0.375000 0.621528
vt 0.375000 0.622504
vt 0.375000 0.562202
vt 0.375000 0.622613
vt 0.374891 0.675022
vt 0.374986 0.678467
vt 0.374769 0.678480
vt 0.372396 0.721408
vt 0.374132 0.716146
vt 0.374892 0.723850
vt 0.365736 0.741384
vt 0.362413 0.750627
vt 0.371528 0.755015
vt 0.372504 0.740536
vt 0.365736 0.759818
vt 0.372504 0.769085
vt 0.374566 0.767024
vt 0.374688 0.750867
vt 0.374688 0.781807
vt 0.346300 0.747504
vt 0.372396 0.721408
vt 0.340278 0.750000
vt 0.346300 0.752496
vt 0.372396 0.779580
vt 0.374132 0.791763
vt 0.374891 0.802503
vt 0.375000 0.802395
vt 0.375000 0.790895
vt 0.375000 0.777030
vt 0.374891 0.723850
vt 0.374986 0.835817
vt 0.375000 0.880016
vt 0.375000 0.882041
vt 0.374891 0.802503
vt 0.375000 0.938489
vt 0.375000 0.882909
vt 0.187202 0.750000
vt 0.187066 0.750000
vt 0.246528 0.750000
vt 0.247613 0.750000
vt 0.299913 0.750000
vt 0.303467 0.749783
vt 0.303467 0.750217
vt 0.375000 0.822101
vt 0.375000 0.877689
vt 0.375000 0.835803
vt 0.375000 0.937836
vt 0.632456 0.878345
vt 0.632453 0.878353
vt 0.630814 0.845867
vt 0.630835 0.845801
vt 0.632447 0.878384
vt 0.628771 0.799058
vt 0.628631 0.799739
vt 0.633122 0.890522
vt 0.633122 0.890522
vt 0.632456 0.878343
vt 0.632444 0.878490
vt 0.630744 0.846962
vt 0.628515 0.802487
vt 0.626108 0.746435
vt 0.626704 0.744515
vt 0.626937 0.743766
vt 0.627019 0.743502
vt 0.628839 0.798840
vt 0.625000 0.438124
vt 0.625000 0.438585
vt 0.625000 0.379991
vt 0.625000 0.438775
vt 0.625000 0.385200
vt 0.624921 0.342665
vt 0.624832 0.331190
vt 0.624990 0.347032
vt 0.625000 0.438802
vt 0.624921 0.332465
vt 0.624369 0.326389
vt 0.623107 0.308268
vt 0.633069 0.892298
vt 0.632612 0.882577
vt 0.630880 0.847391
vt 0.630970 0.850791
vt 0.632475 0.878873
vt 0.630843 0.845992
vt 0.628728 0.799415
vt 0.628471 0.800704
vt 0.628825 0.798912
vt 0.632382 0.911876
vt 0.632809 0.896445
vt 0.633083 0.891262
vt 0.443296 0.577079
vt 0.443296 0.625039
vt 0.443296 0.529134
vt 0.443297 0.541233
vt 0.443296 0.713080
vt 0.443296 0.721022
vt 0.625000 0.438802
vt 0.625000 0.385417
vt 0.625000 0.438802
vt 0.625000 0.500000
vt 0.625000 0.333333
vt 0.625789 0.684960
vt 0.625230 0.624259
vt 0.625251 0.624193
vt 0.625638 0.685217
vt 0.625181 0.624309
vt 0.625029 0.562407
vt 0.625023 0.562414
vt 0.625118 0.623754
vt 0.625015 0.562344
vt 0.625000 0.438585
vt 0.625000 0.383681
vt 0.625000 0.379991
vt 0.625000 0.342665
vt 0.625000 0.347032
vt 0.625000 0.331190
vt 0.625000 0.308160
vt 0.625000 0.332465
vt 0.625182 0.677338
vt 0.625054 0.672243
vt 0.625019 0.620599
vt 0.625059 0.622205
vt 0.625002 0.619893
vt 0.625002 0.561950
vt 0.625000 0.561862
vt 0.625009 0.708737
vt 0.625000 0.669922
vt 0.625000 0.619792
vt 0.625000 0.561849
vt 0.687500 0.559637
vt 0.687500 0.619274
vt 0.750000 0.613548
vt 0.750000 0.556774
vt 0.687500 0.678911
vt 0.750000 0.670322
vt 0.812500 0.607822
vt 0.812500 0.553911
vt 0.812500 0.661734
vt 0.875000 0.704193
vt 0.625000 0.670234
vt 0.625000 0.672418
vt 0.625000 0.620660
vt 0.625000 0.619900
vt 0.625000 0.678155
vt 0.625000 0.622504
vt 0.625000 0.561958
vt 0.625000 0.561863
vt 0.625000 0.562188
vt 0.625000 0.708767
vt 0.625000 0.711806
vt 0.625054 0.720856
vt 0.625000 0.625000
vt 0.625183 0.739994
vt 0.625060 0.746907
vt 0.625028 0.743399
vt 0.625055 0.734445
vt 0.625008 0.749047
vt 0.625004 0.744536
vt 0.625060 0.746907
vt 0.625004 0.744536
vt 0.625406 0.748694
vt 0.625015 0.749953
vt 0.625118 0.749622
vt 0.625009 0.708737
vt 0.625075 0.711564
vt 0.625343 0.750467
vt 0.625683 0.754220
vt 0.628684 0.753023
vt 0.627522 0.749892
vt 0.626153 0.764500
vt 0.628231 0.762259
vt 0.637714 0.749889
vt 0.634280 0.748347
vt 0.634731 0.756376
vt 0.625032 0.750549
vt 0.625109 0.749872
vt 0.625254 0.754391
vt 0.625857 0.764821
vt 0.627729 0.782044
vt 0.629024 0.774087
vt 0.653827 0.746937
vt 0.659765 0.744370
vt 0.653705 0.744779
vt 0.627604 0.746919
vt 0.625868 0.748973
vt 0.625665 0.757771
vt 0.626011 0.766375
vt 0.625212 0.752442
vt 0.626075 0.768554
vt 0.625282 0.754821
vt 0.625054 0.750786
vt 0.625884 0.765287
vt 0.626726 0.774025
vt 0.627110 0.784970
vt 0.627568 0.794237
vt 0.627580 0.794633
vt 0.627052 0.785507
vt 0.625015 0.749953
vt 0.625000 0.732660
vt 0.625000 0.744551
vt 0.625000 0.743490
vt 0.625000 0.734622
vt 0.625014 0.749056
vt 0.625109 0.746972
vt 0.625000 0.744551
vt 0.625231 0.740308
vt 0.625000 0.734622
vt 0.625109 0.746972
vt 0.625000 0.708767
vt 0.625000 0.711806
vt 0.625109 0.749872
vt 0.625000 0.749349
vt 0.625868 0.748973
vt 0.625054 0.720856
vt 0.627604 0.746919
vt 0.625000 0.711806
vt 0.625868 0.748973
vt 0.443296 0.749556
vt 0.443296 0.749931
vt 0.443296 0.749444
vt 0.443296 0.748186
vt 0.443296 0.749991
vt 0.443296 0.744503
vt 0.443296 0.749787
vt 0.443296 0.749946
vt 0.443296 0.747010
vt 0.443296 0.750000
vt 0.443296 0.739122
vt 0.443296 0.746042
vt 0.632460 0.879066
vt 0.630871 0.851569
vt 0.632456 0.879003
vt 0.630842 0.851071
vt 0.628939 0.818147
vt 0.632472 0.879279
vt 0.632456 0.878995
vt 0.630838 0.851000
vt 0.627031 0.785130
vt 0.627052 0.785507
vt 0.627204 0.788139
vt 0.629269 0.823863
vt 0.630969 0.853277
vt 0.632486 0.879509
vt 0.632694 0.883111
vt 0.630880 0.851732
vt 0.630843 0.851091
vt 0.633242 0.892591
vt 0.630970 0.853287
vt 0.628701 0.810006
vt 0.633164 0.891254
vt 0.629024 0.774087
vt 0.632457 0.878967
vt 0.630847 0.850777
vt 0.632467 0.879187
vt 0.630929 0.852537
vt 0.628871 0.815868
vt 0.629125 0.821235
vt 0.695937 0.737014
vt 0.699224 0.736493
vt 0.746528 0.727733
vt 0.747613 0.727534
vt 0.695948 0.737197
vt 0.747613 0.727534
vt 0.787760 0.720079
vt 0.794732 0.718691
vt 0.794732 0.718888
vt 0.817708 0.714592
vt 0.805556 0.716129
vt 0.817600 0.712365
vt 0.625857 0.684743
vt 0.625254 0.624183
vt 0.625254 0.624183
vt 0.625857 0.684743
vt 0.627031 0.743464
vt 0.632456 0.878343
vt 0.632456 0.878344
vt 0.630838 0.845792
vt 0.628839 0.798840
vt 0.633122 0.890522
vt 0.633122 0.890521
vt 0.628839 0.798840
vt 0.630838 0.845792
vt 0.443296 0.500326
vt 0.443296 0.500543
vt 0.443296 0.504340
vt 0.443296 0.502604
vt 0.443297 0.505208
vt 0.443297 0.515083
vt 0.443296 0.509576
vt 0.443296 0.517280
vt 0.443296 0.749769
vt 0.443296 0.749891
vt 0.443296 0.749986
vt 0.443296 0.750000
vt 0.443296 0.747396
vt 0.443296 0.749132
vt 0.443296 0.749892
vt 0.443296 0.735714
vt 0.443296 0.735816
vt 0.443296 0.749488
vt 0.443296 0.740537
vt 0.443296 0.749679
vt 0.443296 0.713080
vt 0.375000 0.811876
vt 0.375000 0.811415
vt 0.375000 0.866320
vt 0.375000 0.870009
vt 0.375000 0.811225
vt 0.375000 0.864800
vt 0.375030 0.907335
vt 0.375063 0.918810
vt 0.375004 0.902968
vt 0.375030 0.917535
vt 0.375237 0.923611
vt 0.375711 0.941732
vt 0.377468 0.312500
vt 0.375652 0.312500
vt 0.375949 0.375000
vt 0.375082 0.312500
vt 0.375652 0.437500
vt 0.377468 0.437500
vt 0.375082 0.437500
vt 0.382841 0.437500
s 1
usemtl Material
f 1113/1/1113 1114/2/1114 1117/3/1117 1116/4/1116
f 1114/2/1114 1115/5/1115 1118/6/1118 1117/3/1117
f 1116/4/1116 1117/3/1117 1120/7/1120 1119/8/1119
f 1117/3/1117 1118/6/1118 1121/9/1121 1120/7/1120
f 3/10/3 182/11/182 1113/1/1113 470/12/470
f 182/11/182 181/13/181 1114/2/1114 1113/1/1113
f 181/13/181 180/14/180 1115/5/1115 1114/2/1114
f 180/14/180 1/15/1 186/16/186 1115/5/1115
f 1115/5/1115 186/16/186 187/17/187 1118/6/1118
f 1118/6/1118 187/17/187 188/18/188 1121/9/1121
f 1121/9/1121 188/18/188 57/19/57 459/20/459
f 1120/7/1120 1121/9/1121 459/20/459 460/21/460
f 1119/8/1119 1120/7/1120 460/21/460 461/22/461
f 468/23/468 1119/8/1119 461/22/461 55/24/55
f 469/25/469 1116/4/1116 1119/8/1119 468/23/468
f 470/12/470 1113/1/1113 1116/4/1116 469/25/469
f 1122/26/1122 1123/27/1123 1126/28/1126 1125/29/1125
f 1123/27/1123 1124/30/1124 1127/31/1127 1126/28/1126
f 1125/29/1125 1126/28/1126 1129/32/1129 1128/33/1128
f 1126/28/1126 1127/31/1127 1130/34/1130 1129/32/1129
f 27/35/27 296/36/296 1122/26/1122 306/37/306
f 296/36/296 295/38/295 1123/27/1123 1122/26/1122
f 295/38/295 294/39/294 1124/30/1124 1123/27/1123
f 294/39/294 3/10/3 177/40/177 1124/30/1124
f 1124/30/1124 177/40/177 178/41/178 1127/31/1127
f 1127/31/1127 178/41/178 179/42/179 1130/34/1130
f 1130/34/1130 179/42/179 7/43/7 170/44/170
f 1129/32/1129 1130/34/1130 170/44/170 169/45/169
f 1128/33/1128 1129/32/1129 169/45/169 168/46/168
f 308/47/308 1128/33/1128 168/46/168 26/48/26
f 307/49/307 1125/29/1125 1128/33/1128 308/47/308
f 306/37/306 1122/26/1122 1125/29/1125 307/49/307
f 1131/50/1131 1132/51/1132 1135/51/1135 1134/50/1134
f 1132/51/1132 1133/52/1133 1136/53/1136 1135/51/1135
f 1134/50/1134 1135/51/1135 1138/51/1138 1137/50/1137
f 1135/51/1135 1136/53/1136 1139/53/1139 1138/51/1138
f 88/54/88 656/55/656 1131/50/1131 641/54/641
f 656/55/656 655/56/655 1132/51/1132 1131/50/1131
f 655/56/655 654/57/654 1133/52/1133 1132/51/1132
f 654/57/654 87/58/87 207/59/207 1133/52/1133
f 1133/52/1133 207/59/207 208/60/208 1136/53/1136
f 1136/53/1136 208/60/208 209/61/209 1139/53/1139
f 1139/53/1139 209/61/209 9/60/9 198/53/198
f 1138/51/1138 1139/53/1139 198/53/198 199/51/199
f 1137/50/1137 1138/51/1138 199/51/199 200/50/200
f 639/62/639 1137/50/1137 200/50/200 11/63/11
f 640/62/640 1134/50/1134 1137/50/1137 639/62/639
f 641/54/641 1131/50/1131 1134/50/1134 640/62/640
f 1141/64/1141 1142/65/1142 1140/66/1140 1146/67/1146
f 1143/68/1143 1144/69/1144 1140/66/1140 1142/65/1142
f 1145/70/1145 1146/67/1146 1140/66/1140 1144/71/1144
f 3/10/3 294/72/294 1141/64/1141 314/73/314
f 294/72/294 295/38/295 1142/65/1142 1141/64/1141
f 314/73/314 1141/64/1141 1146/67/1146 313/74/313
f 27/35/27 657/75/657 1143/68/1143 296/36/296
f 657/75/657 658/76/658 1144/69/1144 1143/68/1143
f 296/36/296 1143/68/1143 1142/65/1142 295/77/295
f 30/78/30 312/79/312 1145/70/1145 659/80/659
f 312/79/312 313/81/313 1146/67/1146 1145/70/1145
f 659/80/659 1145/70/1145 1144/71/1144 658/76/658
f 1147/82/1147 1148/83/1148 1151/84/1151 1150/85/1150
f 1148/83/1148 1149/86/1149 1152/87/1152 1151/84/1151
f 1150/85/1150 1151/84/1151 1154/88/1154 1153/89/1153
f 1151/84/1151 1152/87/1152 1155/90/1155 1154/88/1154
f 28/91/28 299/92/299 1147/82/1147 300/93/300
f 299/92/299 298/94/298 1148/83/1148 1147/82/1147
f 298/94/298 297/95/297 1149/86/1149 1148/83/1148
f 297/95/297 5/96/5 189/97/189 1149/86/1149
f 1149/86/1149 189/97/189 190/98/190 1152/87/1152
f 1152/87/1152 190/98/190 191/99/191 1155/90/1155
f 1155/90/1155 191/99/191 1/15/1 288/100/288
f 1154/88/1154 1155/90/1155 288/100/288 289/101/289
f 1153/89/1153 1154/88/1154 289/101/289 290/102/290
f 302/103/302 1153/89/1153 290/102/290 25/104/25
f 301/105/301 1150/85/1150 1153/89/1153 302/103/302
f 300/93/300 1147/82/1147 1150/85/1150 301/105/301
f 1156/106/1156 1157/107/1157 1160/108/1160 1159/109/1159
f 1157/107/1157 1158/110/1158 1161/111/1161 1160/108/1160
f 1159/109/1159 1160/108/1160 1163/112/1163 1162/113/1162
f 1160/108/1160 1161/111/1161 1164/114/1164 1163/112/1163
f 32/115/32 320/116/320 1156/106/1156 219/117/219
f 320/116/320 319/118/319 1157/107/1157 1156/106/1156
f 319/118/319 318/119/318 1158/110/1158 1157/107/1157
f 318/119/318 31/120/31 356/121/356 1158/110/1158
f 1158/110/1158 356/121/356 355/122/355 1161/111/1161
f 1161/111/1161 355/122/355 354/123/354 1164/114/1164
f 1164/114/1164 354/123/354 16/124/16 222/125/222
f 1163/112/1163 1164/114/1164 222/125/222 223/126/223
f 1162/113/1162 1163/112/1163 223/126/223 224/127/224
f 221/128/221 1162/113/1162 224/127/224 72/129/72
f 220/130/220 1159/109/1159 1162/113/1162 221/128/221
f 219/117/219 1156/106/1156 1159/109/1159 220/130/220
f 1165/131/1165 1166/132/1166 1169/133/1169 1168/134/1168
f 1166/132/1166 1167/135/1167 1170/136/1170 1169/133/1169
f 1168/134/1168 1169/133/1169 1172/137/1172 1171/138/1171
f 1169/133/1169 1170/136/1170 1173/139/1173 1172/137/1172
f 90/140/90 653/141/653 1165/131/1165 647/142/647
f 653/141/653 652/143/652 1166/132/1166 1165/131/1165
f 652/143/652 651/144/651 1167/135/1167 1166/132/1166
f 651/144/651 89/145/89 213/146/213 1167/135/1167
f 1167/135/1167 213/146/213 214/147/214 1170/136/1170
f 1170/136/1170 214/147/214 215/148/215 1173/139/1173
f 1173/139/1173 215/148/215 12/149/12 201/150/201
f 1172/137/1172 1173/139/1173 201/150/201 202/151/202
f 1171/138/1171 1172/137/1172 202/151/202 203/152/203
f 645/153/645 1171/138/1171 203/152/203 10/154/10
f 646/155/646 1168/134/1168 1171/138/1171 645/153/645
f 647/142/647 1165/131/1165 1168/134/1168 646/155/646
f 1174/156/1174 1175/157/1175 1178/158/1178 1177/159/1177
f 1175/157/1175 1176/160/1176 1179/161/1179 1178/158/1178
f 1177/159/1177 1178/158/1178 1181/162/1181 1180/163/1180
f 1178/158/1178 1179/161/1179 1182/164/1182 1181/162/1181
f 87/58/87 650/165/650 1174/156/1174 207/59/207
f 650/165/650 649/166/649 1175/157/1175 1174/156/1174
f 649/166/649 648/167/648 1176/160/1176 1175/157/1175
f 648/167/648 90/140/90 647/142/647 1176/160/1176
f 1176/160/1176 647/142/647 646/155/646 1179/161/1179
f 1179/161/1179 646/155/646 645/153/645 1182/164/1182
f 1182/164/1182 645/153/645 10/154/10 204/168/204
f 1181/162/1181 1182/164/1182 204/168/204 205/169/205
f 1180/163/1180 1181/162/1181 205/169/205 206/170/206
f 209/61/209 1180/163/1180 206/170/206 9/171/9
f 208/60/208 1177/159/1177 1180/163/1180 209/61/209
f 207/59/207 1174/156/1174 1177/159/1177 208/60/208
f 1183/172/1183 1184/173/1184 1187/174/1187 1186/175/1186
f 1184/173/1184 1185/176/1185 1188/177/1188 1187/174/1187
f 1186/175/1186 1187/174/1187 1190/178/1190 1189/179/1189
f 1187/174/1187 1188/177/1188 1191/180/1191 1190/178/1190
f 14/181/14 584/182/584 1183/172/1183 257/153/257
f 584/182/584 583/183/583 1184/173/1184 1183/172/1183
f 583/183/583 582/184/582 1185/176/1185 1184/173/1184
f 582/184/582 12/149/12 552/185/552 1185/176/1185
f 1185/176/1185 552/185/552 553/185/553 1188/177/1188
f 1188/177/1188 553/185/553 554/185/554 1191/180/1191
f 1191/180/1191 554/185/554 20/149/20 246/186/246
f 1190/178/1190 1191/180/1191 246/186/246 247/187/247
f 1189/179/1189 1190/178/1190 247/187/247 248/188/248
f 255/189/255 1189/179/1189 248/188/248 18/190/18
f 256/155/256 1186/175/1186 1189/179/1189 255/189/255
f 257/153/257 1183/172/1183 1186/175/1186 256/155/256
f 1192/191/1192 1193/192/1193 1196/158/1196 1195/193/1195
f 1193/192/1193 1194/194/1194 1197/195/1197 1196/158/1196
f 1195/193/1195 1196/158/1196 1199/196/1199 1198/197/1198
f 1196/158/1196 1197/195/1197 1200/198/1200 1199/196/1199
f 9/171/9 206/170/206 1192/191/1192 239/199/239
f 206/170/206 205/169/205 1193/192/1193 1192/191/1192
f 205/169/205 204/168/204 1194/194/1194 1193/192/1193
f 204/168/204 10/154/10 234/200/234 1194/194/1194
f 1194/194/1194 234/200/234 235/201/235 1197/195/1197
f 1197/195/1197 235/201/235 236/202/236 1200/198/1200
f 1200/198/1200 236/202/236 14/181/14 225/203/225
f 1199/196/1199 1200/198/1200 225/203/225 226/204/226
f 1198/197/1198 1199/196/1199 226/204/226 227/205/227
f 237/206/237 1198/197/1198 227/205/227 13/207/13
f 238/208/238 1195/193/1195 1198/197/1198 237/206/237
f 239/199/239 1192/191/1192 1195/193/1195 238/208/238
f 1202/209/1202 1203/210/1203 1201/211/1201 1207/212/1207
f 1204/213/1204 1205/214/1205 1201/211/1201 1203/215/1203
f 1206/216/1206 1207/212/1207 1201/211/1201 1205/214/1205
f 11/54/11 200/50/200 1202/209/1202 254/217/254
f 200/50/200 199/51/199 1203/210/1203 1202/209/1202
f 254/217/254 1202/209/1202 1207/212/1207 253/218/253
f 9/171/9 239/219/239 1204/213/1204 198/53/198
f 239/219/239 238/208/238 1205/214/1205 1204/213/1204
f 198/53/198 1204/213/1204 1203/215/1203 199/220/199
f 13/221/13 252/222/252 1206/216/1206 237/223/237
f 252/222/252 253/218/253 1207/212/1207 1206/216/1206
f 237/223/237 1206/216/1206 1205/214/1205 238/208/238
f 1209/224/1209 1210/225/1210 1208/226/1208 1214/227/1214
f 1211/228/1211 1212/229/1212 1208/226/1208 1210/225/1210
f 1213/230/1213 1214/227/1214 1208/226/1208 1212/231/1212
f 10/154/10 203/232/203 1209/224/1209 234/233/234
f 203/232/203 202/151/202 1210/225/1210 1209/224/1209
f 234/233/234 1209/224/1209 1214/227/1214 235/201/235
f 12/149/12 582/234/582 1211/228/1211 201/235/201
f 582/234/582 583/236/583 1212/229/1212 1211/228/1211
f 201/235/201 1211/228/1211 1210/225/1210 202/151/202
f 14/154/14 236/233/236 1213/230/1213 584/237/584
f 236/233/236 235/201/235 1214/227/1214 1213/230/1213
f 584/237/584 1213/230/1213 1212/231/1212 583/183/583
f 1215/238/1215 1216/239/1216 1219/239/1219 1218/240/1218
f 1216/239/1216 1217/241/1217 1220/167/1220 1219/239/1219
f 1218/240/1218 1219/239/1219 1222/242/1222 1221/243/1221
f 1219/239/1219 1220/167/1220 1223/244/1223 1222/242/1222
f 52/245/52 455/240/455 1215/238/1215 437/60/437
f 455/240/455 454/239/454 1216/239/1216 1215/238/1215
f 454/239/454 453/167/453 1217/241/1217 1216/239/1216
f 453/167/453 51/246/51 276/140/276 1217/241/1217
f 1217/241/1217 276/140/276 277/247/277 1220/167/1220
f 1220/167/1220 277/247/277 278/247/278 1223/244/1223
f 1223/244/1223 278/247/278 24/140/24 273/248/273
f 1222/242/1222 1223/244/1223 273/248/273 274/249/274
f 1221/243/1221 1222/242/1222 274/249/274 275/250/275
f 435/60/435 1221/243/1221 275/250/275 23/245/23
f 436/245/436 1218/240/1218 1221/243/1221 435/60/435
f 437/60/437 1215/238/1215 1218/240/1218 436/245/436
f 1224/251/1224 1225/251/1225 1228/251/1228 1227/251/1227
f 1225/251/1225 1226/251/1226 1229/251/1229 1228/251/1228
f 1227/251/1227 1228/251/1228 1231/251/1231 1230/251/1230
f 1228/251/1228 1229/251/1229 1232/251/1232 1231/251/1231
f 12/251/12 197/251/197 1224/251/1224 552/251/552
f 197/251/197 196/251/196 1225/251/1225 1224/251/1224
f 196/251/196 195/251/195 1226/251/1226 1225/251/1225
f 195/251/195 11/251/11 231/251/231 1226/251/1226
f 1226/251/1226 231/251/231 232/251/232 1229/251/1229
f 1229/251/1229 232/251/232 233/251/233 1232/251/1232
f 1232/251/1232 233/251/233 19/251/19 240/251/240
f 1231/251/1231 1232/251/1232 240/251/240 241/251/241
f 1230/251/1230 1231/251/1231 241/251/241 242/251/242
f 554/251/554 1230/251/1230 242/251/242 20/251/20
f 553/251/553 1227/251/1227 1230/251/1230 554/251/554
f 552/251/552 1224/251/1224 1227/251/1227 553/251/553
f 1233/252/1233 1234/253/1234 1237/204/1237 1236/254/1236
f 1234/253/1234 1235/255/1235 1238/256/1238 1237/204/1237
f 1236/254/1236 1237/204/1237 1240/253/1240 1239/257/1239
f 1237/204/1237 1238/256/1238 1241/258/1241 1240/253/1240
f 13/207/13 227/205/227 1233/252/1233 263/259/263
f 227/205/227 226/204/226 1234/253/1234 1233/252/1233
f 226/204/226 225/203/225 1235/255/1235 1234/253/1234
f 225/203/225 14/181/14 257/153/257 1235/255/1235
f 1235/255/1235 257/153/257 256/155/256 1238/256/1238
f 1238/256/1238 256/155/256 255/189/255 1241/258/1241
f 1241/258/1241 255/189/255 18/190/18 249/260/249
f 1240/253/1240 1241/258/1241 249/260/249 250/204/250
f 1239/257/1239 1240/253/1240 250/204/250 251/240/251
f 261/261/261 1239/257/1239 251/240/251 17/245/17
f 262/262/262 1236/254/1236 1239/257/1239 261/261/261
f 263/259/263 1233/252/1233 1236/254/1236 262/262/262
f 1242/263/1242 1243/264/1243 1246/265/1246 1245/266/1245
f 1243/264/1243 1244/267/1244 1247/268/1247 1246/265/1246
f 1245/266/1245 1246/265/1246 1249/269/1249 1248/270/1248
f 1246/265/1246 1247/268/1247 1250/271/1250 1249/269/1249
f 11/54/11 254/272/254 1242/263/1242 231/62/231
f 254/272/254 253/273/253 1243/264/1243 1242/263/1242
f 253/273/253 252/274/252 1244/267/1244 1243/264/1243
f 252/274/252 13/207/13 263/259/263 1244/267/1244
f 1244/267/1244 263/259/263 262/262/262 1247/268/1247
f 1247/268/1247 262/262/262 261/261/261 1250/271/1250
f 1250/271/1250 261/261/261 17/245/17 243/275/243
f 1249/269/1249 1250/271/1250 243/275/243 244/51/244
f 1248/270/1248 1249/269/1249 244/51/244 245/50/245
f 233/62/233 1248/270/1248 245/50/245 19/54/19
f 232/62/232 1245/266/1245 1248/270/1248 233/62/233
f 231/62/231 1242/263/1242 1245/266/1245 232/62/232
f 1251/251/1251 1252/251/1252 1255/251/1255 1254/251/1254
f 1252/251/1252 1253/251/1253 1256/251/1256 1255/251/1255
f 1254/251/1254 1255/251/1255 1258/251/1258 1257/251/1257
f 1255/251/1255 1256/251/1256 1259/251/1259 1258/251/1258
f 22/251/22 266/251/266 1251/251/1251 401/251/401
f 266/251/266 265/251/265 1252/251/1252 1251/251/1251
f 265/251/265 264/251/264 1253/251/1253 1252/251/1252
f 264/251/264 21/251/21 396/251/396 1253/251/1253
f 1253/251/1253 396/251/396 397/251/397 1256/251/1256
f 1256/251/1256 397/251/397 398/251/398 1259/251/1259
f 1259/251/1259 398/251/398 43/251/43 384/251/384
f 1258/251/1258 1259/251/1259 384/251/384 385/251/385
f 1257/251/1257 1258/251/1258 385/251/385 386/251/386
f 399/251/399 1257/251/1257 386/251/386 44/251/44
f 400/251/400 1254/251/1254 1257/251/1257 399/251/399
f 401/251/401 1251/251/1251 1254/251/1254 400/251/400
f 1260/50/1260 1261/276/1261 1264/51/1264 1263/50/1263
f 1261/276/1261 1262/53/1262 1265/275/1265 1264/51/1264
f 1263/50/1263 1264/51/1264 1267/276/1267 1266/50/1266
f 1264/51/1264 1265/275/1265 1268/53/1268 1267/276/1267
f 53/277/53 452/50/452 1260/50/1260 440/278/440
f 452/50/452 451/51/451 1261/276/1261 1260/50/1260
f 451/51/451 450/275/450 1262/53/1262 1261/276/1261
f 450/275/450 52/245/52 437/60/437 1262/53/1262
f 1262/53/1262 437/60/437 436/245/436 1265/275/1265
f 1265/275/1265 436/245/436 435/60/435 1268/53/1268
f 1268/53/1268 435/60/435 23/245/23 267/275/267
f 1267/276/1267 1268/53/1268 267/275/267 268/51/268
f 1266/50/1266 1267/276/1267 268/51/268 269/50/269
f 438/62/438 1266/50/1266 269/50/269 21/54/21
f 439/62/439 1263/50/1263 1266/50/1266 438/62/438
f 440/278/440 1260/50/1260 1263/50/1263 439/62/439
f 1269/279/1269 1270/187/1270 1273/187/1273 1272/279/1272
f 1270/187/1270 1271/280/1271 1274/280/1274 1273/187/1273
f 1272/279/1272 1273/187/1273 1276/187/1276 1275/279/1275
f 1273/187/1273 1274/280/1274 1277/186/1277 1276/187/1276
f 51/140/51 449/281/449 1269/279/1269 276/140/276
f 449/281/449 448/187/448 1270/187/1270 1269/279/1269
f 448/187/448 447/280/447 1271/280/1271 1270/187/1270
f 447/280/447 54/282/54 285/185/285 1271/280/1271
f 1271/280/1271 285/185/285 286/185/286 1274/280/1274
f 1274/280/1274 286/185/286 287/185/287 1277/186/1277
f 1277/186/1277 287/185/287 22/282/22 270/280/270
f 1276/187/1276 1277/186/1277 270/280/270 271/187/271
f 1275/279/1275 1276/187/1276 271/187/271 272/283/272
f 278/247/278 1275/279/1275 272/283/272 24/284/24
f 277/247/277 1272/279/1272 1275/279/1275 278/247/278
f 276/140/276 1269/279/1269 1272/279/1272 277/247/277
f 1278/251/1278 1279/251/1279 1282/251/1282 1281/251/1281
f 1279/251/1279 1280/251/1280 1283/251/1283 1282/251/1282
f 1281/251/1281 1282/251/1282 1285/251/1285 1284/251/1284
f 1282/251/1282 1283/251/1283 1286/251/1286 1285/251/1285
f 54/251/54 446/251/446 1278/251/1278 285/251/285
f 446/251/446 445/251/445 1279/251/1279 1278/251/1278
f 445/251/445 444/251/444 1280/251/1280 1279/251/1279
f 444/251/444 53/251/53 440/251/440 1280/251/1280
f 1280/251/1280 440/251/440 439/251/439 1283/251/1283
f 1283/251/1283 439/251/439 438/251/438 1286/251/1286
f 1286/251/1286 438/251/438 21/251/21 264/251/264
f 1285/251/1285 1286/251/1286 264/251/264 265/251/265
f 1284/251/1284 1285/251/1285 265/251/265 266/251/266
f 287/251/287 1284/251/1284 266/251/266 22/251/22
f 286/251/286 1281/251/1281 1284/251/1284 287/251/287
f 285/251/285 1278/251/1278 1281/251/1281 286/251/286
f 1287/285/1287 1288/286/1288 1291/287/1291 1290/288/1290
f 1288/286/1288 1289/289/1289 1292/290/1292 1291/287/1291
f 1290/288/1290 1291/287/1291 1294/291/1294 1293/292/1293
f 1291/287/1291 1292/290/1292 1295/293/1295 1294/291/1294
f 6/54/6 176/294/176 1287/285/1287 164/295/164
f 176/294/176 175/296/175 1288/286/1288 1287/285/1287
f 175/296/175 174/297/174 1289/289/1289 1288/286/1288
f 174/297/174 28/91/28 300/93/300 1289/289/1289
f 1289/289/1289 300/93/300 301/105/301 1292/290/1292
f 1292/290/1292 301/105/301 302/103/302 1295/293/1295
f 1295/293/1295 302/103/302 25/104/25 165/298/165
f 1294/291/1294 1295/293/1295 165/298/165 166/299/166
f 1293/292/1293 1294/291/1294 166/299/166 167/300/167
f 162/301/162 1293/292/1293 167/300/167 2/171/2
f 163/302/163 1290/288/1290 1293/292/1293 162/301/162
f 164/295/164 1287/285/1287 1290/288/1290 163/302/163
f 1296/303/1296 1297/304/1297 1300/305/1300 1299/306/1299
f 1297/304/1297 1298/307/1298 1301/308/1301 1300/305/1300
f 1299/306/1299 1300/305/1300 1303/309/1303 1302/310/1302
f 1300/305/1300 1301/308/1301 1304/311/1304 1303/309/1303
f 2/171/2 167/300/167 1296/303/1296 194/238/194
f 167/300/167 166/299/166 1297/304/1297 1296/303/1296
f 166/299/166 165/298/165 1298/307/1298 1297/304/1297
f 165/298/165 25/104/25 303/312/303 1298/307/1298
f 1298/307/1298 303/312/303 304/313/304 1301/308/1301
f 1301/308/1301 304/313/304 305/314/305 1304/311/1304
f 1304/311/1304 305/314/305 27/35/27 171/315/171
f 1303/309/1303 1304/311/1304 171/315/171 172/316/172
f 1302/310/1302 1303/309/1303 172/316/172 173/317/173
f 192/167/192 1302/310/1302 173/317/173 4/140/4
f 193/318/193 1299/306/1299 1302/310/1302 192/167/192
f 194/238/194 1296/303/1296 1299/306/1299 193/318/193
f 1305/319/1305 1306/320/1306 1309/321/1309 1308/322/1308
f 1306/320/1306 1307/323/1307 1310/324/1310 1309/321/1309
f 1308/322/1308 1309/321/1309 1312/325/1312 1311/326/1311
f 1309/321/1309 1310/324/1310 1313/327/1313 1312/325/1312
f 4/140/4 173/317/173 1305/319/1305 185/328/185
f 173/317/173 172/316/172 1306/320/1306 1305/319/1305
f 172/316/172 171/315/171 1307/323/1307 1306/320/1306
f 171/315/171 27/35/27 306/37/306 1307/323/1307
f 1307/323/1307 306/37/306 307/49/307 1310/324/1310
f 1310/324/1310 307/49/307 308/47/308 1313/327/1313
f 1313/327/1313 308/47/308 26/48/26 293/329/293
f 1312/325/1312 1313/327/1313 293/329/293 292/330/292
f 1311/326/1311 1312/325/1312 292/330/292 291/331/291
f 183/332/183 1311/326/1311 291/331/291 8/149/8
f 184/333/184 1308/322/1308 1311/326/1311 183/332/183
f 185/328/185 1305/319/1305 1308/322/1308 184/333/184
f 1315/334/1315 1316/335/1316 1314/336/1314 1320/337/1320
f 1317/338/1317 1318/339/1318 1314/336/1314 1316/340/1316
f 1319/341/1319 1320/342/1320 1314/336/1314 1318/339/1318
f 25/104/25 290/102/290 1315/334/1315 665/343/665
f 290/102/290 289/101/289 1316/335/1316 1315/334/1315
f 665/343/665 1315/334/1315 1320/337/1320 664/344/664
f 1/15/1 315/345/315 1317/338/1317 288/100/288
f 315/345/315 316/346/316 1318/339/1318 1317/338/1317
f 288/100/288 1317/338/1317 1316/340/1316 289/347/289
f 29/104/29 663/348/663 1319/341/1319 317/349/317
f 663/348/663 664/350/664 1320/342/1320 1319/341/1319
f 317/349/317 1319/341/1319 1318/339/1318 316/346/316
f 1321/351/1321 1322/352/1322 1325/353/1325 1324/354/1324
f 1322/352/1322 1323/355/1323 1326/356/1326 1325/353/1325
f 1324/354/1324 1325/353/1325 1328/357/1328 1327/358/1327
f 1325/353/1325 1326/356/1326 1329/359/1329 1328/357/1328
f 40/35/40 383/360/383 1321/351/1321 368/361/368
f 383/360/383 382/362/382 1322/352/1322 1321/351/1321
f 382/362/382 381/363/381 1323/355/1323 1322/352/1322
f 381/363/381 39/35/39 330/364/330 1323/355/1323
f 1323/355/1323 330/364/330 331/365/331 1326/356/1326
f 1326/356/1326 331/365/331 332/366/332 1329/359/1329
f 1329/359/1329 332/366/332 32/115/32 324/367/324
f 1328/357/1328 1329/359/1329 324/367/324 325/368/325
f 1327/358/1327 1328/357/1328 325/368/325 326/369/326
f 366/366/366 1327/358/1327 326/369/326 34/115/34
f 367/365/367 1324/354/1324 1327/358/1327 366/366/366
f 368/361/368 1321/351/1321 1324/354/1324 367/365/367
f 1330/370/1330 1331/371/1331 1334/372/1334 1333/373/1333
f 1331/371/1331 1332/374/1332 1335/375/1335 1334/372/1334
f 1333/373/1333 1334/372/1334 1337/376/1337 1336/377/1336
f 1334/372/1334 1335/375/1335 1338/378/1338 1337/376/1337
f 1/15/1 180/379/180 1330/370/1330 315/380/315
f 180/379/180 181/381/181 1331/371/1331 1330/370/1330
f 181/381/181 182/382/182 1332/374/1332 1331/371/1331
f 182/382/182 3/10/3 314/73/314 1332/374/1332
f 1332/374/1332 314/73/314 313/74/313 1335/375/1335
f 1335/375/1335 313/74/313 312/383/312 1338/378/1338
f 1338/378/1338 312/383/312 30/78/30 311/384/311
f 1337/376/1337 1338/378/1338 311/384/311 310/385/310
f 1336/377/1336 1337/376/1337 310/385/310 309/386/309
f 317/380/317 1336/377/1336 309/386/309 29/380/29
f 316/380/316 1333/373/1333 1336/377/1336 317/380/317
f 315/380/315 1330/370/1330 1333/373/1333 316/380/316
f 1339/387/1339 1340/388/1340 1343/389/1343 1342/390/1342
f 1340/388/1340 1341/391/1341 1344/392/1344 1343/389/1343
f 1342/390/1342 1343/389/1343 1346/393/1346 1345/394/1345
f 1343/389/1343 1344/392/1344 1347/395/1347 1346/393/1346
f 16/124/16 551/396/551 1339/387/1339 260/397/260
f 551/396/551 550/398/550 1340/388/1340 1339/387/1339
f 550/398/550 549/399/549 1341/391/1341 1340/388/1340
f 549/399/549 15/400/15 351/401/351 1341/391/1341
f 1341/391/1341 351/401/351 352/402/352 1344/392/1344
f 1344/392/1344 352/402/352 353/403/353 1347/395/1347
f 1347/395/1347 353/403/353 37/404/37 348/405/348
f 1346/393/1346 1347/395/1347 348/405/348 349/406/349
f 1345/394/1345 1346/393/1346 349/406/349 350/407/350
f 258/408/258 1345/394/1345 350/407/350 35/104/35
f 259/408/259 1342/390/1342 1345/394/1345 258/408/258
f 260/397/260 1339/387/1339 1342/390/1342 259/408/259
f 1348/409/1348 1349/410/1349 1352/411/1352 1351/412/1351
f 1349/410/1349 1350/413/1350 1353/414/1353 1352/411/1352
f 1351/412/1351 1352/411/1352 1355/415/1355 1354/106/1354
f 1352/411/1352 1353/414/1353 1356/110/1356 1355/415/1355
f 39/35/39 380/314/380 1348/409/1348 330/364/330
f 380/314/380 379/416/379 1349/410/1349 1348/409/1348
f 379/416/379 378/417/378 1350/413/1350 1349/410/1349
f 378/417/378 41/418/41 333/419/333 1350/413/1350
f 1350/413/1350 333/419/333 334/420/334 1353/414/1353
f 1353/414/1353 334/420/334 335/121/335 1356/110/1356
f 1356/110/1356 335/121/335 31/120/31 318/119/318
f 1355/415/1355 1356/110/1356 318/119/318 319/118/319
f 1354/106/1354 1355/415/1355 319/118/319 320/116/320
f 332/366/332 1354/106/1354 320/116/320 32/115/32
f 331/365/331 1351/412/1351 1354/106/1354 332/366/332
f 330/364/330 1348/409/1348 1351/412/1351 331/365/331
f 1357/421/1357 1358/422/1358 1361/423/1361 1360/424/1360
f 1358/422/1358 1359/425/1359 1362/424/1362 1361/423/1361
f 1360/424/1360 1361/423/1361 1364/426/1364 1363/427/1363
f 1361/423/1361 1362/424/1362 1365/428/1365 1364/426/1364
f 41/418/41 377/429/377 1357/421/1357 333/419/333
f 377/429/377 376/430/376 1358/422/1358 1357/421/1357
f 376/430/376 375/431/375 1359/425/1359 1358/422/1358
f 375/431/375 42/432/42 336/123/336 1359/425/1359
f 1359/425/1359 336/123/336 337/433/337 1362/424/1362
f 1362/424/1362 337/433/337 338/434/338 1365/428/1365
f 1365/428/1365 338/434/338 33/400/33 327/435/327
f 1364/426/1364 1365/428/1365 327/435/327 328/436/328
f 1363/427/1363 1364/426/1364 328/436/328 329/437/329
f 335/121/335 1363/427/1363 329/437/329 31/120/31
f 334/420/334 1360/424/1360 1363/427/1363 335/121/335
f 333/419/333 1357/421/1357 1360/424/1360 334/420/334
f 1366/438/1366 1367/410/1367 1370/439/1370 1369/440/1369
f 1367/410/1367 1368/409/1368 1371/412/1371 1370/439/1370
f 1369/440/1369 1370/439/1370 1373/441/1373 1372/442/1372
f 1370/439/1370 1371/412/1371 1374/443/1374 1373/441/1373
f 42/432/42 374/444/374 1366/438/1366 336/123/336
f 374/444/374 373/313/373 1367/410/1367 1366/438/1366
f 373/313/373 372/314/372 1368/409/1368 1367/410/1367
f 372/314/372 40/35/40 368/361/368 1368/409/1368
f 1368/409/1368 368/361/368 367/365/367 1371/412/1371
f 1371/412/1371 367/365/367 366/366/366 1374/443/1374
f 1374/443/1374 366/366/366 34/115/34 323/445/323
f 1373/441/1373 1374/443/1374 323/445/323 322/446/322
f 1372/442/1372 1373/441/1373 322/446/322 321/447/321
f 338/434/338 1372/442/1372 321/447/321 33/400/33
f 337/433/337 1369/440/1369 1372/442/1372 338/434/338
f 336/123/336 1366/438/1366 1369/440/1369 337/433/337
f 1375/448/1375 1376/449/1376 1379/449/1379 1378/450/1378
f 1376/449/1376 1377/451/1377 1380/452/1380 1379/449/1379
f 1378/450/1378 1379/449/1379 1382/453/1382 1381/454/1381
f 1379/449/1379 1380/452/1380 1383/455/1383 1382/453/1382
f 36/35/36 341/314/341 1375/448/1375 345/456/345
f 341/314/341 340/457/340 1376/449/1376 1375/448/1375
f 340/457/340 339/312/339 1377/451/1377 1376/449/1376
f 339/312/339 35/104/35 350/458/350 1377/451/1377
f 1377/451/1377 350/458/350 349/459/349 1380/452/1380
f 1380/452/1380 349/459/349 348/460/348 1383/455/1383
f 1383/455/1383 348/460/348 37/404/37 342/461/342
f 1382/453/1382 1383/455/1383 342/461/342 343/462/343
f 1381/454/1381 1382/453/1382 343/462/343 344/463/344
f 347/464/347 1381/454/1381 344/463/344 38/465/38
f 346/466/346 1378/450/1378 1381/454/1381 347/464/347
f 345/456/345 1375/448/1375 1378/450/1378 346/466/346
f 1384/467/1384 1385/468/1385 1388/469/1388 1387/470/1387
f 1385/468/1385 1386/471/1386 1389/472/1389 1388/469/1388
f 1387/470/1387 1388/469/1388 1391/473/1391 1390/474/1390
f 1388/469/1388 1389/472/1389 1392/475/1392 1391/473/1391
f 15/400/15 509/447/509 1384/467/1384 351/401/351
f 509/447/509 508/118/508 1385/468/1385 1384/467/1384
f 508/118/508 507/476/507 1386/471/1386 1385/468/1385
f 507/476/507 74/115/74 357/477/357 1386/471/1386
f 1386/471/1386 357/477/357 358/478/358 1389/472/1389
f 1389/472/1389 358/478/358 359/479/359 1392/475/1392
f 1392/475/1392 359/479/359 38/465/38 344/480/344
f 1391/473/1391 1392/475/1392 344/480/344 343/457/343
f 1390/474/1390 1391/473/1391 343/457/343 342/481/342
f 353/403/353 1390/474/1390 342/481/342 37/404/37
f 352/402/352 1387/470/1387 1390/474/1390 353/403/353
f 351/401/351 1384/467/1384 1387/470/1387 352/402/352
f 1393/482/1393 1394/483/1394 1397/484/1397 1396/485/1396
f 1394/483/1394 1395/486/1395 1398/487/1398 1397/484/1397
f 1396/485/1396 1397/484/1397 1400/488/1400 1399/489/1399
f 1397/484/1397 1398/487/1398 1401/490/1401 1400/488/1400
f 74/115/74 161/491/161 1393/482/1393 357/477/357
f 161/491/161 160/492/160 1394/483/1394 1393/482/1393
f 160/492/160 159/493/159 1395/486/1395 1394/483/1394
f 159/493/159 72/129/72 360/494/360 1395/486/1395
f 1395/486/1395 360/494/360 361/495/361 1398/487/1398
f 1398/487/1398 361/495/361 362/496/362 1401/490/1401
f 1401/490/1401 362/496/362 36/35/36 345/497/345
f 1400/488/1400 1401/490/1401 345/497/345 346/498/346
f 1399/489/1399 1400/488/1400 346/498/346 347/499/347
f 359/479/359 1399/489/1399 347/499/347 38/465/38
f 358/478/358 1396/485/1396 1399/489/1399 359/479/359
f 357/477/357 1393/482/1393 1396/485/1396 358/478/358
f 1402/500/1402 1403/462/1403 1406/462/1406 1405/501/1405
f 1403/462/1403 1404/502/1404 1407/502/1407 1406/462/1406
f 1405/501/1405 1406/462/1406 1409/503/1409 1408/314/1408
f 1406/462/1406 1407/502/1407 1410/504/1410 1409/503/1409
f 72/505/72 224/127/224 1402/500/1402 360/494/360
f 224/127/224 223/126/223 1403/462/1403 1402/500/1402
f 223/126/223 222/125/222 1404/502/1404 1403/462/1403
f 222/125/222 16/506/16 260/397/260 1404/502/1404
f 1404/502/1404 260/397/260 259/408/259 1407/502/1407
f 1407/502/1407 259/408/259 258/408/258 1410/504/1410
f 1410/504/1410 258/408/258 35/124/35 339/312/339
f 1409/503/1409 1410/504/1410 339/312/339 340/457/340
f 1408/314/1408 1409/503/1409 340/457/340 341/314/341
f 362/496/362 1408/314/1408 341/314/341 36/129/36
f 361/495/361 1405/501/1405 1408/314/1408 362/496/362
f 360/494/360 1402/500/1402 1405/501/1405 361/495/361
f 1411/504/1411 1412/503/1412 1415/503/1415 1414/504/1414
f 1412/503/1412 1413/465/1413 1416/465/1416 1415/503/1415
f 1414/504/1414 1415/503/1415 1418/503/1418 1417/504/1417
f 1415/503/1415 1416/465/1416 1419/465/1419 1418/503/1418
f 29/124/29 309/312/309 1411/504/1411 666/408/666
f 309/312/309 310/313/310 1412/503/1412 1411/504/1411
f 310/313/310 311/314/311 1413/465/1413 1412/503/1412
f 311/314/311 30/129/30 662/507/662 1413/465/1413
f 1413/465/1413 662/507/662 661/507/661 1416/465/1416
f 1416/465/1416 661/507/661 660/507/660 1419/465/1419
f 1419/465/1419 660/507/660 40/129/40 372/314/372
f 1418/503/1418 1419/465/1419 372/314/372 373/313/373
f 1417/504/1417 1418/503/1418 373/313/373 374/444/374
f 668/408/668 1417/504/1417 374/444/374 42/408/42
f 667/408/667 1414/504/1414 1417/504/1417 668/408/668
f 666/408/666 1411/504/1411 1414/504/1414 667/408/667
f 1420/508/1420 1421/509/1421 1424/510/1424 1423/511/1423
f 1421/509/1421 1422/512/1422 1425/511/1425 1424/510/1424
f 1423/511/1423 1424/510/1424 1427/513/1427 1426/514/1426
f 1424/510/1424 1425/511/1425 1428/515/1428 1427/513/1427
f 25/104/25 665/516/665 1420/508/1420 369/124/369
f 665/516/665 664/517/664 1421/509/1421 1420/508/1420
f 664/517/664 663/518/663 1422/512/1422 1421/509/1421
f 663/518/663 29/104/29 666/408/666 1422/512/1422
f 1422/512/1422 666/408/666 667/408/667 1425/511/1425
f 1425/511/1425 667/408/667 668/408/668 1428/515/1428
f 1428/515/1428 668/408/668 42/432/42 375/431/375
f 1427/513/1427 1428/515/1428 375/431/375 376/430/376
f 1426/514/1426 1427/513/1427 376/430/376 377/429/377
f 371/124/371 1426/514/1426 377/429/377 41/418/41
f 370/124/370 1423/511/1423 1426/514/1426 371/124/371
f 369/124/369 1420/508/1420 1423/511/1423 370/124/370
f 1429/465/1429 1430/503/1430 1433/503/1433 1432/465/1432
f 1430/503/1430 1431/519/1431 1434/519/1434 1433/503/1433
f 1432/465/1432 1433/503/1433 1436/503/1436 1435/465/1435
f 1433/503/1433 1434/519/1434 1437/519/1437 1436/503/1436
f 27/129/27 305/314/305 1429/465/1429 363/507/363
f 305/314/305 304/457/304 1430/503/1430 1429/465/1429
f 304/457/304 303/312/303 1431/519/1431 1430/503/1430
f 303/312/303 25/124/25 369/124/369 1431/519/1431
f 1431/519/1431 369/124/369 370/124/370 1434/519/1434
f 1434/519/1434 370/124/370 371/124/371 1437/519/1437
f 1437/519/1437 371/124/371 41/520/41 378/417/378
f 1436/503/1436 1437/519/1437 378/417/378 379/416/379
f 1435/465/1435 1436/503/1436 379/416/379 380/314/380
f 365/507/365 1435/465/1435 380/314/380 39/129/39
f 364/507/364 1432/465/1432 1435/465/1435 365/507/365
f 363/507/363 1429/465/1429 1432/465/1432 364/507/364
f 1438/507/1438 1439/507/1439 1442/507/1442 1441/521/1441
f 1439/507/1439 1440/507/1440 1443/507/1443 1442/507/1442
f 1441/521/1441 1442/507/1442 1445/522/1445 1444/523/1444
f 1442/507/1442 1443/507/1443 1446/524/1446 1445/522/1445
f 30/129/30 659/507/659 1438/507/1438 662/507/662
f 659/507/659 658/507/658 1439/507/1439 1438/507/1438
f 658/507/658 657/507/657 1440/507/1440 1439/507/1439
f 657/507/657 27/129/27 363/507/363 1440/507/1440
f 1440/507/1440 363/507/363 364/507/364 1443/507/1443
f 1443/507/1443 364/507/364 365/507/365 1446/524/1446
f 1446/524/1446 365/507/365 39/35/39 381/363/381
f 1445/522/1445 1446/524/1446 381/363/381 382/362/382
f 1444/523/1444 1445/522/1445 382/362/382 383/360/383
f 660/507/660 1444/523/1444 383/360/383 40/35/40
f 661/507/661 1441/521/1441 1444/523/1444 660/507/660
f 662/507/662 1438/507/1438 1441/521/1441 661/507/661
f 1447/525/1447 1448/526/1448 1451/527/1451 1450/528/1450
f 1448/526/1448 1449/529/1449 1452/530/1452 1451/527/1451
f 1450/528/1450 1451/527/1451 1454/531/1454 1453/532/1453
f 1451/527/1451 1452/530/1452 1455/533/1455 1454/531/1454
f 43/534/43 389/535/389 1447/525/1447 384/536/384
f 389/535/389 388/537/388 1448/526/1448 1447/525/1447
f 388/537/388 387/538/387 1449/529/1449 1448/526/1448
f 387/538/387 45/171/45 395/539/395 1449/529/1449
f 1449/529/1449 395/539/395 394/540/394 1452/530/1452
f 1452/530/1452 394/540/394 393/541/393 1455/533/1455
f 1455/533/1455 393/541/393 46/542/46 392/543/392
f 1454/531/1454 1455/533/1455 392/543/392 391/544/391
f 1453/532/1453 1454/531/1454 391/544/391 390/545/390
f 386/546/386 1453/532/1453 390/545/390 44/547/44
f 385/548/385 1450/528/1450 1453/532/1453 386/546/386
f 384/536/384 1447/525/1447 1450/528/1450 385/548/385
f 1456/549/1456 1457/550/1457 1460/551/1460 1459/552/1459
f 1457/550/1457 1458/553/1458 1461/554/1461 1460/551/1460
f 1459/552/1459 1460/551/1460 1463/555/1463 1462/556/1462
f 1460/551/1460 1461/554/1461 1464/557/1464 1463/555/1463
f 23/245/23 275/250/275 1456/549/1456 407/558/407
f 275/250/275 274/249/274 1457/550/1457 1456/549/1456
f 274/249/274 273/248/273 1458/553/1458 1457/550/1457
f 273/248/273 24/140/24 402/559/402 1458/553/1458
f 1458/553/1458 402/559/402 403/560/403 1461/554/1461
f 1461/554/1461 403/560/403 404/561/404 1464/557/1464
f 1464/557/1464 404/561/404 46/562/46 393/563/393
f 1463/555/1463 1464/557/1464 393/563/393 394/564/394
f 1462/556/1462 1463/555/1463 394/564/394 395/565/395
f 405/566/405 1462/556/1462 395/565/395 45/171/45
f 406/567/406 1459/552/1459 1462/556/1462 405/566/405
f 407/558/407 1456/549/1456 1459/552/1459 406/567/406
f 1465/50/1465 1466/276/1466 1469/51/1469 1468/50/1468
f 1466/276/1466 1467/568/1467 1470/569/1470 1469/51/1469
f 1468/50/1468 1469/51/1469 1472/51/1472 1471/50/1471
f 1469/51/1469 1470/569/1470 1473/570/1473 1472/51/1472
f 21/54/21 269/50/269 1465/50/1465 396/62/396
f 269/50/269 268/51/268 1466/276/1466 1465/50/1465
f 268/51/268 267/275/267 1467/568/1467 1466/276/1466
f 267/275/267 23/245/23 407/558/407 1467/568/1467
f 1467/568/1467 407/558/407 406/567/406 1470/569/1470
f 1470/569/1470 406/567/406 405/566/405 1473/570/1473
f 1473/570/1473 405/566/405 45/171/45 387/53/387
f 1472/51/1472 1473/570/1473 387/53/387 388/51/388
f 1471/50/1471 1472/51/1472 388/51/388 389/50/389
f 398/62/398 1471/50/1471 389/50/389 43/63/43
f 397/62/397 1468/50/1468 1471/50/1471 398/62/398
f 396/62/396 1465/50/1465 1468/50/1468 397/62/397
f 1474/571/1474 1475/572/1475 1478/573/1478 1477/574/1477
f 1475/572/1475 1476/575/1476 1479/576/1479 1478/573/1478
f 1477/574/1477 1478/573/1478 1481/577/1481 1480/578/1480
f 1478/573/1478 1479/576/1479 1482/579/1482 1481/577/1481
f 46/542/46 404/580/404 1474/571/1474 425/581/425
f 404/580/404 403/582/403 1475/572/1475 1474/571/1474
f 403/582/403 402/583/402 1476/575/1476 1475/572/1475
f 402/583/402 24/140/24 420/584/420 1476/575/1476
f 1476/575/1476 420/584/420 421/585/421 1479/576/1479
f 1479/576/1479 421/585/421 422/586/422 1482/579/1482
f 1482/579/1482 422/586/422 48/283/48 417/587/417
f 1481/577/1481 1482/579/1482 417/587/417 418/588/418
f 1480/578/1480 1481/577/1481 418/588/418 419/589/419
f 423/590/423 1480/578/1480 419/589/419 50/140/50
f 424/591/424 1477/574/1477 1480/578/1480 423/590/423
f 425/581/425 1474/571/1474 1477/574/1477 424/591/424
f 1483/592/1483 1484/593/1484 1487/594/1487 1486/595/1486
f 1484/593/1484 1485/596/1485 1488/597/1488 1487/594/1487
f 1486/595/1486 1487/594/1487 1490/598/1490 1489/599/1489
f 1487/594/1487 1488/597/1488 1491/600/1491 1490/598/1490
f 48/283/48 410/601/410 1483/592/1483 417/602/417
f 410/601/410 409/603/409 1484/593/1484 1483/592/1483
f 409/603/409 408/604/408 1485/596/1485 1484/593/1484
f 408/604/408 47/149/47 416/185/416 1485/596/1485
f 1485/596/1485 416/185/416 415/185/415 1488/597/1488
f 1488/597/1488 415/185/415 414/185/414 1491/600/1491
f 1491/600/1491 414/185/414 49/282/49 411/280/411
f 1490/598/1490 1491/600/1491 411/280/411 412/187/412
f 1489/599/1489 1490/598/1490 412/187/412 413/283/413
f 419/605/419 1489/599/1489 413/283/413 50/140/50
f 418/606/418 1486/595/1486 1489/599/1489 419/605/419
f 417/602/417 1483/592/1483 1486/595/1486 418/606/418
f 1492/607/1492 1493/608/1493 1496/609/1496 1495/610/1495
f 1493/608/1493 1494/611/1494 1497/612/1497 1496/609/1496
f 1495/610/1495 1496/609/1496 1499/613/1499 1498/614/1498
f 1496/609/1496 1497/612/1497 1500/615/1500 1499/613/1499
f 44/547/44 390/545/390 1492/607/1492 428/616/428
f 390/545/390 391/544/391 1493/608/1493 1492/607/1492
f 391/544/391 392/543/392 1494/611/1494 1493/608/1493
f 392/543/392 46/542/46 425/581/425 1494/611/1494
f 1494/611/1494 425/581/425 424/591/424 1497/612/1497
f 1497/612/1497 424/591/424 423/590/423 1500/615/1500
f 1500/615/1500 423/590/423 50/140/50 413/617/413
f 1499/613/1499 1500/615/1500 413/617/413 412/618/412
f 1498/614/1498 1499/613/1499 412/618/412 411/619/411
f 426/616/426 1498/614/1498 411/619/411 49/620/49
f 427/616/427 1495/610/1495 1498/614/1498 426/616/426
f 428/616/428 1492/607/1492 1495/610/1495 427/616/427
f 1501/251/1501 1502/251/1502 1505/251/1505 1504/251/1504
f 1502/251/1502 1503/251/1503 1506/251/1506 1505/251/1505
f 1504/251/1504 1505/251/1505 1508/251/1508 1507/251/1507
f 1505/251/1505 1506/251/1506 1509/251/1509 1508/251/1508
f 22/251/22 401/251/401 1501/251/1501 431/251/431
f 401/251/401 400/251/400 1502/251/1502 1501/251/1501
f 400/251/400 399/251/399 1503/251/1503 1502/251/1502
f 399/251/399 44/251/44 428/251/428 1503/251/1503
f 1503/251/1503 428/251/428 427/251/427 1506/251/1506
f 1506/251/1506 427/251/427 426/251/426 1509/251/1509
f 1509/251/1509 426/251/426 49/251/49 414/251/414
f 1508/251/1508 1509/251/1509 414/251/414 415/251/415
f 1507/251/1507 1508/251/1508 415/251/415 416/251/416
f 429/251/429 1507/251/1507 416/251/416 47/251/47
f 430/251/430 1504/251/1504 1507/251/1507 429/251/429
f 431/251/431 1501/251/1501 1504/251/1504 430/251/430
f 1510/621/1510 1511/622/1511 1514/594/1514 1513/623/1513
f 1511/622/1511 1512/624/1512 1515/625/1515 1514/594/1514
f 1513/623/1513 1514/594/1514 1517/593/1517 1516/626/1516
f 1514/594/1514 1515/625/1515 1518/627/1518 1517/593/1517
f 24/140/24 272/283/272 1510/621/1510 420/584/420
f 272/283/272 271/187/271 1511/622/1511 1510/621/1510
f 271/187/271 270/280/270 1512/624/1512 1511/622/1511
f 270/280/270 22/282/22 431/185/431 1512/624/1512
f 1512/624/1512 431/185/431 430/185/430 1515/625/1515
f 1515/625/1515 430/185/430 429/185/429 1518/627/1518
f 1518/627/1518 429/185/429 47/149/47 408/604/408
f 1517/593/1517 1518/627/1518 408/604/408 409/603/409
f 1516/626/1516 1517/593/1517 409/603/409 410/601/410
f 422/586/422 1516/626/1516 410/601/410 48/283/48
f 421/585/421 1513/623/1513 1516/626/1516 422/586/422
f 420/584/420 1510/621/1510 1513/623/1513 421/585/421
f 1519/251/1519 1520/251/1520 1523/251/1523 1522/251/1522
f 1520/251/1520 1521/251/1521 1524/251/1524 1523/251/1523
f 1522/251/1522 1523/251/1523 1526/251/1526 1525/251/1525
f 1523/251/1523 1524/251/1524 1527/251/1527 1526/251/1526
f 20/251/20 242/251/242 1519/251/1519 441/251/441
f 242/251/242 241/251/241 1520/251/1520 1519/251/1519
f 241/251/241 240/251/240 1521/251/1521 1520/251/1520
f 240/251/240 19/251/19 284/251/284 1521/251/1521
f 1521/251/1521 284/251/284 283/251/283 1524/251/1524
f 1524/251/1524 283/251/283 282/251/282 1527/251/1527
f 1527/251/1527 282/251/282 53/251/53 444/251/444
f 1526/251/1526 1527/251/1527 444/251/444 445/251/445
f 1525/251/1525 1526/251/1526 445/251/445 446/251/446
f 443/251/443 1525/251/1525 446/251/446 54/251/54
f 442/251/442 1522/251/1522 1525/251/1525 443/251/443
f 441/251/441 1519/251/1519 1522/251/1522 442/251/442
f 1528/283/1528 1529/187/1529 1532/187/1532 1531/279/1531
f 1529/187/1529 1530/280/1530 1533/280/1533 1532/187/1532
f 1531/279/1531 1532/187/1532 1535/187/1535 1534/279/1534
f 1532/187/1532 1533/280/1533 1536/186/1536 1535/187/1535
f 18/190/18 248/188/248 1528/283/1528 432/628/432
f 248/188/248 247/187/247 1529/187/1529 1528/283/1528
f 247/187/247 246/186/246 1530/280/1530 1529/187/1529
f 246/186/246 20/149/20 441/185/441 1530/280/1530
f 1530/280/1530 441/185/441 442/185/442 1533/280/1533
f 1533/280/1533 442/185/442 443/185/443 1536/186/1536
f 1536/186/1536 443/185/443 54/282/54 447/280/447
f 1535/187/1535 1536/186/1536 447/280/447 448/187/448
f 1534/279/1534 1535/187/1535 448/187/448 449/281/449
f 434/190/434 1534/279/1534 449/281/449 51/246/51
f 433/629/433 1531/279/1531 1534/279/1534 434/190/434
f 432/628/432 1528/283/1528 1531/279/1531 433/629/433
f 1537/50/1537 1538/276/1538 1541/51/1541 1540/50/1540
f 1538/276/1538 1539/53/1539 1542/275/1542 1541/51/1541
f 1540/50/1540 1541/51/1541 1544/276/1544 1543/50/1543
f 1541/51/1541 1542/275/1542 1545/53/1545 1544/276/1544
f 19/54/19 245/50/245 1537/50/1537 284/62/284
f 245/50/245 244/51/244 1538/276/1538 1537/50/1537
f 244/51/244 243/275/243 1539/53/1539 1538/276/1538
f 243/275/243 17/245/17 281/60/281 1539/53/1539
f 1539/53/1539 281/60/281 280/245/280 1542/275/1542
f 1542/275/1542 280/245/280 279/60/279 1545/53/1545
f 1545/53/1545 279/60/279 52/245/52 450/275/450
f 1544/276/1544 1545/53/1545 450/275/450 451/51/451
f 1543/50/1543 1544/276/1544 451/51/451 452/50/452
f 282/278/282 1543/50/1543 452/50/452 53/277/53
f 283/62/283 1540/50/1540 1543/50/1543 282/278/282
f 284/62/284 1537/50/1537 1540/50/1540 283/62/283
f 1546/238/1546 1547/253/1547 1550/239/1550 1549/240/1549
f 1547/253/1547 1548/630/1548 1551/167/1551 1550/239/1550
f 1549/240/1549 1550/239/1550 1553/239/1553 1552/238/1552
f 1550/239/1550 1551/167/1551 1554/167/1554 1553/239/1553
f 17/245/17 251/240/251 1546/238/1546 281/60/281
f 251/240/251 250/204/250 1547/253/1547 1546/238/1546
f 250/204/250 249/260/249 1548/630/1548 1547/253/1547
f 249/260/249 18/190/18 432/628/432 1548/630/1548
f 1548/630/1548 432/628/432 433/629/433 1551/167/1551
f 1551/167/1551 433/629/433 434/190/434 1554/167/1554
f 1554/167/1554 434/190/434 51/246/51 453/167/453
f 1553/239/1553 1554/167/1554 453/167/453 454/239/454
f 1552/238/1552 1553/239/1553 454/239/454 455/240/455
f 279/60/279 1552/238/1552 455/240/455 52/245/52
f 280/245/280 1549/240/1549 1552/238/1552 279/60/279
f 281/60/281 1546/238/1546 1549/240/1549 280/245/280
f 1555/631/1555 1556/632/1556 1559/633/1559 1558/634/1558
f 1556/632/1556 1557/635/1557 1560/636/1560 1559/633/1559
f 1558/634/1558 1559/633/1559 1562/637/1562 1561/638/1561
f 1559/633/1559 1560/636/1560 1563/639/1563 1562/637/1562
f 81/640/81 611/641/611 1555/631/1555 596/642/596
f 611/641/611 610/643/610 1556/632/1556 1555/631/1555
f 610/643/610 609/644/609 1557/635/1557 1556/632/1556
f 609/644/609 80/24/80 462/645/462 1557/635/1557
f 1557/635/1557 462/645/462 463/646/463 1560/636/1560
f 1560/636/1560 463/646/463 464/647/464 1563/639/1563
f 1563/639/1563 464/647/464 59/648/59 477/649/477
f 1562/637/1562 1563/639/1563 477/649/477 478/650/478
f 1561/638/1561 1562/637/1562 478/650/478 479/651/479
f 594/652/594 1561/638/1561 479/651/479 60/653/60
f 595/653/595 1558/634/1558 1561/638/1561 594/652/594
f 596/642/596 1555/631/1555 1558/634/1558 595/653/595
f 1564/654/1564 1565/655/1565 1568/656/1568 1567/657/1567
f 1565/655/1565 1566/658/1566 1569/659/1569 1568/656/1568
f 1567/657/1567 1568/656/1568 1571/660/1571 1570/661/1570
f 1568/656/1568 1569/659/1569 1572/662/1572 1571/660/1571
f 1/15/1 191/663/191 1564/654/1564 186/16/186
f 191/663/191 190/664/190 1565/655/1565 1564/654/1564
f 190/664/190 189/665/189 1566/658/1566 1565/655/1565
f 189/665/189 5/96/5 471/666/471 1566/658/1566
f 1566/658/1566 471/666/471 472/667/472 1569/659/1569
f 1569/659/1569 472/667/472 473/668/473 1572/662/1572
f 1572/662/1572 473/668/473 58/669/58 465/670/465
f 1571/660/1571 1572/662/1572 465/670/465 466/671/466
f 1570/661/1570 1571/660/1571 466/671/466 467/672/467
f 188/18/188 1570/661/1570 467/672/467 57/19/57
f 187/17/187 1567/657/1567 1570/661/1570 188/18/188
f 186/16/186 1564/654/1564 1567/657/1567 187/17/187
f 1573/673/1573 1574/674/1574 1577/675/1577 1576/676/1576
f 1574/674/1574 1575/677/1575 1578/678/1578 1577/675/1577
f 1576/676/1576 1577/675/1577 1580/679/1580 1579/680/1579
f 1577/675/1577 1578/678/1578 1581/681/1581 1580/679/1580
f 7/43/7 179/682/179 1573/673/1573 476/683/476
f 179/682/179 178/684/178 1574/674/1574 1573/673/1573
f 178/684/178 177/685/177 1575/677/1575 1574/674/1574
f 177/685/177 3/10/3 470/12/470 1575/677/1575
f 1575/677/1575 470/12/470 469/25/469 1578/678/1578
f 1578/678/1578 469/25/469 468/23/468 1581/681/1581
f 1581/681/1581 468/23/468 55/24/55 456/644/456
f 1580/679/1580 1581/681/1581 456/644/456 457/643/457
f 1579/680/1579 1580/679/1580 457/643/457 458/641/458
f 474/686/474 1579/680/1579 458/641/458 56/640/56
f 475/687/475 1576/676/1576 1579/680/1579 474/686/474
f 476/683/476 1573/673/1573 1576/676/1576 475/687/475
f 1582/688/1582 1583/689/1583 1586/690/1586 1585/691/1585
f 1583/689/1583 1584/692/1584 1587/693/1587 1586/690/1586
f 1585/691/1585 1586/690/1586 1589/694/1589 1588/688/1588
f 1586/690/1586 1587/693/1587 1590/695/1590 1589/694/1589
f 33/400/33 321/447/321 1582/688/1582 585/696/585
f 321/447/321 322/446/322 1583/689/1583 1582/688/1582
f 322/446/322 323/445/323 1584/692/1584 1583/689/1583
f 323/445/323 34/115/34 228/697/228 1584/692/1584
f 1584/692/1584 228/697/228 229/698/229 1587/693/1587
f 1587/693/1587 229/698/229 230/699/230 1590/695/1590
f 1590/695/1590 230/699/230 74/115/74 507/476/507
f 1589/694/1589 1590/695/1590 507/476/507 508/118/508
f 1588/688/1588 1589/694/1589 508/118/508 509/447/509
f 587/700/587 1588/688/1588 509/447/509 15/400/15
f 586/701/586 1585/691/1585 1588/688/1588 587/700/587
f 585/696/585 1582/688/1582 1585/691/1585 586/701/586
f 1591/702/1591 1592/703/1592 1595/704/1595 1594/705/1594
f 1592/703/1592 1593/706/1593 1596/707/1596 1595/704/1595
f 1594/705/1594 1595/704/1595 1598/708/1598 1597/672/1597
f 1595/704/1595 1596/707/1596 1599/670/1599 1598/708/1598
f 83/380/83 608/709/608 1591/702/1591 602/710/602
f 608/709/608 607/671/607 1592/703/1592 1591/702/1591
f 607/671/607 606/670/606 1593/706/1593 1592/703/1592
f 606/670/606 82/711/82 492/712/492 1593/706/1593
f 1593/706/1593 492/712/492 493/713/493 1596/707/1596
f 1596/707/1596 493/713/493 494/711/494 1599/670/1599
f 1599/670/1599 494/711/494 62/711/62 486/670/486
f 1598/708/1598 1599/670/1599 486/670/486 487/671/487
f 1597/672/1597 1598/708/1598 487/671/487 488/709/488
f 600/19/600 1597/672/1597 488/709/488 61/380/61
f 601/714/601 1594/705/1594 1597/672/1597 600/19/600
f 602/710/602 1591/702/1591 1594/705/1594 601/714/601
f 1600/715/1600 1601/716/1601 1604/717/1604 1603/718/1603
f 1601/716/1601 1602/719/1602 1605/720/1605 1604/717/1604
f 1603/718/1603 1604/717/1604 1607/721/1607 1606/722/1606
f 1604/717/1604 1605/720/1605 1608/723/1608 1607/721/1607
f 80/24/80 605/22/605 1600/715/1600 462/645/462
f 605/22/605 604/21/604 1601/716/1601 1600/715/1600
f 604/21/604 603/20/603 1602/719/1602 1601/716/1601
f 603/20/603 83/19/83 602/714/602 1602/719/1602
f 1602/719/1602 602/714/602 601/19/601 1605/720/1605
f 1605/720/1605 601/19/601 600/714/600 1608/723/1608
f 1608/723/1608 600/714/600 61/19/61 480/724/480
f 1607/721/1607 1608/723/1608 480/724/480 481/725/481
f 1606/722/1606 1607/721/1607 481/725/481 482/726/482
f 464/647/464 1606/722/1606 482/726/482 59/648/59
f 463/646/463 1603/718/1603 1606/722/1606 464/647/464
f 462/645/462 1600/715/1600 1603/718/1603 463/646/463
f 1609/727/1609 1610/728/1610 1613/729/1613 1612/730/1612
f 1610/728/1610 1611/731/1611 1614/732/1614 1613/729/1613
f 1612/730/1612 1613/729/1613 1616/733/1616 1615/734/1615
f 1613/729/1613 1614/732/1614 1617/735/1617 1616/733/1616
f 65/19/65 506/672/506 1609/727/1609 533/736/533
f 506/672/506 505/671/505 1610/728/1610 1609/727/1609
f 505/671/505 504/670/504 1611/731/1611 1610/728/1610
f 504/670/504 66/669/66 528/737/528 1611/731/1611
f 1611/731/1611 528/737/528 529/738/529 1614/732/1614
f 1614/732/1614 529/738/529 530/739/530 1617/735/1617
f 1617/735/1617 530/739/530 70/96/70 525/740/525
f 1616/733/1616 1617/735/1617 525/740/525 526/741/526
f 1615/734/1615 1616/733/1616 526/741/526 527/742/527
f 531/743/531 1615/734/1615 527/742/527 69/15/69
f 532/744/532 1612/730/1612 1615/734/1615 531/743/531
f 533/736/533 1609/727/1609 1612/730/1612 532/744/532
f 1618/702/1618 1619/703/1619 1622/704/1622 1621/705/1621
f 1619/703/1619 1620/706/1620 1623/707/1623 1622/704/1622
f 1621/705/1621 1622/704/1622 1625/708/1625 1624/672/1624
f 1622/704/1622 1623/707/1623 1626/670/1626 1625/708/1625
f 61/380/61 488/709/488 1618/702/1618 515/710/515
f 488/709/488 487/671/487 1619/703/1619 1618/702/1618
f 487/671/487 486/670/486 1620/706/1620 1619/703/1619
f 486/670/486 62/711/62 510/712/510 1620/706/1620
f 1620/706/1620 510/712/510 511/713/511 1623/707/1623
f 1623/707/1623 511/713/511 512/711/512 1626/670/1626
f 1626/670/1626 512/711/512 66/711/66 504/670/504
f 1625/708/1625 1626/670/1626 504/670/504 505/671/505
f 1624/672/1624 1625/708/1625 505/671/505 506/709/506
f 513/19/513 1624/672/1624 506/709/506 65/380/65
f 514/714/514 1621/705/1621 1624/672/1624 513/19/513
f 515/710/515 1618/702/1618 1621/705/1621 514/714/514
f 1627/745/1627 1628/746/1628 1631/747/1631 1630/748/1630
f 1628/746/1628 1629/749/1629 1632/750/1632 1631/747/1631
f 1630/748/1630 1631/747/1631 1634/751/1634 1633/752/1633
f 1631/747/1631 1632/750/1632 1635/753/1635 1634/751/1634
f 59/648/59 482/726/482 1627/745/1627 483/754/483
f 482/726/482 481/725/481 1628/746/1628 1627/745/1627
f 481/725/481 480/724/480 1629/749/1629 1628/746/1628
f 480/724/480 61/19/61 515/714/515 1629/749/1629
f 1629/749/1629 515/714/515 514/19/514 1632/750/1632
f 1632/750/1632 514/19/514 513/714/513 1635/753/1635
f 1635/753/1635 513/714/513 65/19/65 501/755/501
f 1634/751/1634 1635/753/1635 501/755/501 502/756/502
f 1633/752/1633 1634/751/1634 502/756/502 503/757/503
f 485/758/485 1633/752/1633 503/757/503 63/759/63
f 484/760/484 1630/748/1630 1633/752/1633 485/758/485
f 483/754/483 1627/745/1627 1630/748/1630 484/760/484
f 1636/761/1636 1637/762/1637 1640/763/1640 1639/764/1639
f 1637/762/1637 1638/765/1638 1641/766/1641 1640/763/1640
f 1639/764/1639 1640/763/1640 1643/767/1643 1642/768/1642
f 1640/763/1640 1641/766/1641 1644/769/1644 1643/767/1643
f 69/15/69 527/770/527 1636/761/1636 519/771/519
f 527/770/527 526/772/526 1637/762/1637 1636/761/1636
f 526/772/526 525/773/525 1638/765/1638 1637/762/1637
f 525/773/525 70/774/70 524/775/524 1638/765/1638
f 1638/765/1638 524/775/524 523/776/523 1641/766/1641
f 1641/766/1641 523/776/523 522/777/522 1644/769/1644
f 1644/769/1644 522/777/522 68/778/68 518/779/518
f 1643/767/1643 1644/769/1644 518/779/518 517/780/517
f 1642/768/1642 1643/767/1643 517/780/517 516/781/516
f 521/782/521 1642/768/1642 516/781/516 67/783/67
f 520/784/520 1639/764/1639 1642/768/1642 521/782/521
f 519/771/519 1636/761/1636 1639/764/1639 520/784/520
f 1645/785/1645 1646/786/1646 1649/787/1649 1648/788/1648
f 1646/786/1646 1647/789/1647 1650/790/1650 1649/787/1649
f 1648/788/1648 1649/787/1649 1652/791/1652 1651/792/1651
f 1649/787/1649 1650/790/1650 1653/793/1653 1652/791/1652
f 63/759/63 503/757/503 1645/785/1645 536/794/536
f 503/757/503 502/756/502 1646/786/1646 1645/785/1645
f 502/756/502 501/755/501 1647/789/1647 1646/786/1646
f 501/755/501 65/19/65 533/736/533 1647/789/1647
f 1647/789/1647 533/736/533 532/744/532 1650/790/1650
f 1650/790/1650 532/744/532 531/743/531 1653/793/1653
f 1653/793/1653 531/743/531 69/15/69 519/795/519
f 1652/791/1652 1653/793/1653 519/795/519 520/784/520
f 1651/792/1651 1652/791/1652 520/784/520 521/782/521
f 534/796/534 1651/792/1651 521/782/521 67/783/67
f 535/797/535 1648/788/1648 1651/792/1651 534/796/534
f 536/794/536 1645/785/1645 1648/788/1648 535/797/535
f 1655/798/1655 1656/799/1656 1654/800/1654 1660/801/1660
f 1657/802/1657 1658/803/1658 1654/800/1654 1656/799/1656
f 1659/804/1659 1660/805/1660 1654/800/1654 1658/803/1658
f 59/648/59 483/754/483 1655/798/1655 615/806/615
f 483/754/483 484/807/484 1656/799/1656 1655/798/1655
f 615/806/615 1655/798/1655 1660/801/1660 616/808/616
f 63/809/63 498/810/498 1657/802/1657 485/811/485
f 498/810/498 499/812/499 1658/803/1658 1657/802/1657
f 485/811/485 1657/802/1657 1656/799/1656 484/807/484
f 73/813/73 617/814/617 1659/804/1659 500/815/500
f 617/814/617 616/816/616 1660/805/1660 1659/804/1659
f 500/815/500 1659/804/1659 1658/803/1658 499/817/499
f 1661/818/1661 1662/819/1662 1665/820/1665 1664/821/1664
f 1662/819/1662 1663/822/1663 1666/823/1666 1665/820/1665
f 1664/821/1664 1665/820/1665 1668/824/1668 1667/825/1667
f 1665/820/1665 1666/823/1666 1669/826/1669 1668/824/1668
f 73/813/73 614/827/614 1661/818/1661 546/828/546
f 614/827/614 613/829/613 1662/819/1662 1661/818/1661
f 613/829/613 612/830/612 1663/822/1663 1662/819/1662
f 612/830/612 67/783/67 558/831/558 1663/822/1663
f 1663/822/1663 558/831/558 559/832/559 1666/823/1666
f 1666/823/1666 559/832/559 560/833/560 1669/826/1669
f 1669/826/1669 560/833/560 79/78/79 579/834/579
f 1668/824/1668 1669/826/1669 579/834/579 580/835/580
f 1667/825/1667 1668/824/1668 580/835/580 581/836/581
f 548/837/548 1667/825/1667 581/836/581 76/838/76
f 547/839/547 1664/821/1664 1667/825/1667 548/837/548
f 546/828/546 1661/818/1661 1664/821/1664 547/839/547
f 1670/840/1670 1671/841/1671 1674/842/1674 1673/843/1673
f 1671/841/1671 1672/844/1672 1675/845/1675 1674/842/1674
f 1673/843/1673 1674/842/1674 1677/846/1677 1676/847/1676
f 1674/842/1674 1675/845/1675 1678/848/1678 1677/846/1677
f 59/648/59 615/849/615 1670/840/1670 620/850/620
f 615/849/615 616/808/616 1671/841/1671 1670/840/1670
f 616/808/616 617/814/617 1672/844/1672 1671/841/1671
f 617/814/617 73/813/73 546/828/546 1672/844/1672
f 1672/844/1672 546/828/546 547/839/547 1675/845/1675
f 1675/845/1675 547/839/547 548/837/548 1678/848/1678
f 1678/848/1678 548/837/548 76/838/76 566/851/566
f 1677/846/1677 1678/848/1678 566/851/566 565/852/565
f 1676/847/1676 1677/846/1677 565/852/565 564/853/564
f 618/854/618 1676/847/1676 564/853/564 64/855/64
f 619/856/619 1673/843/1673 1676/847/1676 618/854/618
f 620/850/620 1670/840/1670 1673/843/1673 619/856/619
f 1680/857/1680 1681/858/1681 1679/859/1679 1685/860/1685
f 1682/861/1682 1683/862/1683 1679/859/1679 1681/863/1681
f 1684/864/1684 1685/865/1685 1679/859/1679 1683/862/1683
f 63/866/63 536/794/536 1680/857/1680 498/867/498
f 536/794/536 535/797/535 1681/858/1681 1680/857/1680
f 498/867/498 1680/857/1680 1685/860/1685 499/868/499
f 67/783/67 612/830/612 1682/861/1682 534/796/534
f 612/830/612 613/869/613 1683/862/1683 1682/861/1682
f 534/796/534 1682/861/1682 1681/863/1681 535/870/535
f 73/813/73 500/871/500 1684/864/1684 614/872/614
f 500/871/500 499/868/499 1685/865/1685 1684/864/1684
f 614/872/614 1684/864/1684 1683/862/1683 613/873/613
f 1686/874/1686 1687/875/1687 1690/876/1690 1689/877/1689
f 1687/875/1687 1688/878/1688 1691/879/1691 1690/876/1690
f 1689/877/1689 1690/876/1690 1693/880/1693 1692/881/1692
f 1690/876/1690 1691/879/1691 1694/882/1694 1693/880/1693
f 72/129/72 159/883/159 1686/874/1686 629/884/629
f 159/883/159 160/492/160 1687/875/1687 1686/874/1686
f 160/492/160 161/885/161 1688/878/1688 1687/875/1687
f 161/885/161 74/115/74 624/886/624 1688/878/1688
f 1688/878/1688 624/886/624 625/887/625 1691/879/1691
f 1691/879/1691 625/887/625 626/888/626 1694/882/1694
f 1694/882/1694 626/888/626 84/496/84 545/507/545
f 1693/880/1693 1694/882/1694 545/507/545 544/507/544
f 1692/881/1692 1693/880/1693 544/507/544 543/521/543
f 627/889/627 1692/881/1692 543/521/543 71/129/71
f 628/890/628 1689/877/1689 1692/881/1692 627/889/627
f 629/884/629 1686/874/1686 1689/877/1689 628/890/628
f 1695/891/1695 1696/892/1696 1699/893/1699 1698/894/1698
f 1696/892/1696 1697/895/1697 1700/896/1700 1699/893/1699
f 1698/894/1698 1699/893/1699 1702/897/1702 1701/898/1701
f 1699/893/1699 1700/896/1700 1703/899/1703 1702/897/1702
f 75/653/75 563/900/563 1695/891/1695 575/652/575
f 563/900/563 562/901/562 1696/892/1696 1695/891/1695
f 562/901/562 561/902/561 1697/895/1697 1696/892/1696
f 561/902/561 64/855/64 564/903/564 1697/895/1697
f 1697/895/1697 564/903/564 565/904/565 1700/896/1700
f 1700/896/1700 565/904/565 566/905/566 1703/899/1703
f 1703/899/1703 566/905/566 76/906/76 567/907/567
f 1702/897/1702 1703/899/1703 567/907/567 568/908/568
f 1701/898/1701 1702/897/1702 568/908/568 569/909/569
f 573/652/573 1701/898/1701 569/909/569 77/653/77
f 574/653/574 1698/894/1698 1701/898/1701 573/652/573
f 575/652/575 1695/891/1695 1698/894/1698 574/653/574
f 1704/910/1704 1705/911/1705 1708/912/1708 1707/913/1707
f 1705/911/1705 1706/914/1706 1709/915/1709 1708/912/1708
f 1707/913/1707 1708/912/1708 1711/916/1711 1710/917/1710
f 1708/912/1708 1709/915/1709 1712/918/1712 1711/916/1711
f 77/653/77 569/909/569 1704/910/1704 572/919/572
f 569/909/569 568/908/568 1705/911/1705 1704/910/1704
f 568/908/568 567/907/567 1706/914/1706 1705/911/1705
f 567/907/567 76/906/76 581/920/581 1706/914/1706
f 1706/914/1706 581/920/581 580/835/580 1709/915/1709
f 1709/915/1709 580/835/580 579/921/579 1712/918/1712
f 1712/918/1712 579/921/579 79/78/79 576/922/576
f 1711/916/1711 1712/918/1712 576/922/576 577/923/577
f 1710/917/1710 1711/916/1711 577/923/577 578/924/578
f 570/925/570 1710/917/1710 578/924/578 78/43/78
f 571/926/571 1707/913/1707 1710/917/1710 570/925/570
f 572/919/572 1704/910/1704 1707/913/1707 571/926/571
f 1713/927/1713 1714/928/1714 1717/929/1717 1716/930/1716
f 1714/928/1714 1715/931/1715 1718/932/1718 1717/929/1717
f 1716/930/1716 1717/929/1717 1720/933/1720 1719/934/1719
f 1717/929/1717 1718/932/1718 1721/935/1721 1720/933/1720
f 60/653/60 479/651/479 1713/927/1713 557/652/557
f 479/651/479 478/650/478 1714/928/1714 1713/927/1713
f 478/650/478 477/649/477 1715/931/1715 1714/928/1714
f 477/649/477 59/648/59 620/850/620 1715/931/1715
f 1715/931/1715 620/850/620 619/856/619 1718/932/1718
f 1718/932/1718 619/856/619 618/854/618 1721/935/1721
f 1721/935/1721 618/854/618 64/855/64 561/902/561
f 1720/933/1720 1721/935/1721 561/902/561 562/901/562
f 1719/934/1719 1720/933/1720 562/901/562 563/900/563
f 555/652/555 1719/934/1719 563/900/563 75/653/75
f 556/653/556 1716/930/1716 1719/934/1719 555/652/555
f 557/652/557 1713/927/1713 1716/930/1716 556/653/556
f 1722/936/1722 1723/937/1723 1726/938/1726 1725/939/1725
f 1723/937/1723 1724/940/1724 1727/941/1727 1726/938/1726
f 1725/939/1725 1726/938/1726 1729/942/1729 1728/943/1728
f 1726/938/1726 1727/941/1727 1730/944/1730 1729/942/1729
f 67/783/67 516/781/516 1722/936/1722 558/831/558
f 516/781/516 517/780/517 1723/937/1723 1722/936/1722
f 517/780/517 518/779/518 1724/940/1724 1723/937/1723
f 518/779/518 68/778/68 588/945/588 1724/940/1724
f 1724/940/1724 588/945/588 589/946/589 1727/941/1727
f 1727/941/1727 589/946/589 590/947/590 1730/944/1730
f 1730/944/1730 590/947/590 78/778/78 578/948/578
f 1729/942/1729 1730/944/1730 578/948/578 577/949/577
f 1728/943/1728 1729/942/1729 577/949/577 576/950/576
f 560/833/560 1728/943/1728 576/950/576 79/78/79
f 559/832/559 1725/939/1725 1728/943/1728 560/833/560
f 558/831/558 1722/936/1722 1725/939/1725 559/832/559
f 1731/951/1731 1732/952/1732 1735/953/1735 1734/954/1734
f 1732/952/1732 1733/955/1733 1736/956/1736 1735/953/1735
f 1734/954/1734 1735/953/1735 1738/952/1738 1737/22/1737
f 1735/953/1735 1736/956/1736 1739/957/1739 1738/952/1738
f 55/958/55 461/951/461 1731/951/1731 591/959/591
f 461/951/461 460/952/460 1732/952/1732 1731/951/1731
f 460/952/460 459/20/459 1733/955/1733 1732/952/1732
f 459/20/459 57/380/57 497/710/497 1733/955/1733
f 1733/955/1733 497/710/497 496/714/496 1736/956/1736
f 1736/956/1736 496/714/496 495/19/495 1739/957/1739
f 1739/957/1739 495/19/495 83/380/83 603/20/603
f 1738/952/1738 1739/957/1739 603/20/603 604/952/604
f 1737/22/1737 1738/952/1738 604/952/604 605/951/605
f 593/960/593 1737/22/1737 605/951/605 80/958/80
f 592/961/592 1734/954/1734 1737/22/1737 593/960/593
f 591/959/591 1731/951/1731 1734/954/1734 592/961/592
f 1740/702/1740 1741/703/1741 1744/704/1744 1743/705/1743
f 1741/703/1741 1742/706/1742 1745/707/1745 1744/704/1744
f 1743/705/1743 1744/704/1744 1747/708/1747 1746/672/1746
f 1744/704/1744 1745/707/1745 1748/670/1748 1747/708/1747
f 57/380/57 467/709/467 1740/702/1740 497/710/497
f 467/709/467 466/671/466 1741/703/1741 1740/702/1740
f 466/671/466 465/670/465 1742/706/1742 1741/703/1741
f 465/670/465 58/711/58 597/712/597 1742/706/1742
f 1742/706/1742 597/712/597 598/713/598 1745/707/1745
f 1745/707/1745 598/713/598 599/711/599 1748/670/1748
f 1748/670/1748 599/711/599 82/711/82 606/670/606
f 1747/708/1747 1748/670/1748 606/670/606 607/671/607
f 1746/672/1746 1747/708/1747 607/671/607 608/709/608
f 495/19/495 1746/672/1746 608/709/608 83/380/83
f 496/714/496 1743/705/1743 1746/672/1746 495/19/495
f 497/710/497 1740/702/1740 1743/705/1743 496/714/496
f 1749/641/1749 1750/962/1750 1753/963/1753 1752/964/1752
f 1750/962/1750 1751/965/1751 1754/966/1754 1753/963/1753
f 1752/964/1752 1753/963/1753 1756/967/1756 1755/641/1755
f 1753/963/1753 1754/966/1754 1757/968/1757 1756/967/1756
f 56/969/56 458/970/458 1749/641/1749 491/971/491
f 458/970/458 457/963/457 1750/962/1750 1749/641/1749
f 457/963/457 456/972/456 1751/965/1751 1750/962/1750
f 456/972/456 55/958/55 591/959/591 1751/965/1751
f 1751/965/1751 591/959/591 592/961/592 1754/966/1754
f 1754/966/1754 592/961/592 593/960/593 1757/968/1757
f 1757/968/1757 593/960/593 80/958/80 609/972/609
f 1756/967/1756 1757/968/1757 609/972/609 610/963/610
f 1755/641/1755 1756/967/1756 610/963/610 611/970/611
f 489/973/489 1755/641/1755 611/970/611 81/640/81
f 490/974/490 1752/964/1752 1755/641/1755 489/973/489
f 491/971/491 1749/641/1749 1752/964/1752 490/974/490
f 1758/975/1758 1759/976/1759 1762/977/1762 1761/978/1761
f 1759/976/1759 1760/979/1760 1763/980/1763 1762/977/1762
f 1761/978/1761 1762/977/1762 1765/981/1765 1764/982/1764
f 1762/977/1762 1763/980/1763 1766/983/1766 1765/981/1765
f 31/120/31 329/437/329 1758/975/1758 356/121/356
f 329/437/329 328/436/328 1759/976/1759 1758/975/1758
f 328/436/328 327/435/327 1760/979/1760 1759/976/1759
f 327/435/327 33/400/33 585/696/585 1760/979/1760
f 1760/979/1760 585/696/585 586/701/586 1763/980/1763
f 1763/980/1763 586/701/586 587/700/587 1766/983/1766
f 1766/983/1766 587/700/587 15/400/15 549/399/549
f 1765/981/1765 1766/983/1766 549/399/549 550/398/550
f 1764/982/1764 1765/981/1765 550/398/550 551/396/551
f 354/123/354 1764/982/1764 551/396/551 16/124/16
f 355/122/355 1761/978/1761 1764/982/1764 354/123/354
f 356/121/356 1758/975/1758 1761/978/1761 355/122/355
f 1767/521/1767 1768/521/1768 1771/507/1771 1770/507/1770
f 1768/521/1768 1769/984/1769 1772/984/1772 1771/507/1771
f 1770/507/1770 1771/507/1771 1774/521/1774 1773/521/1773
f 1771/507/1771 1772/984/1772 1775/521/1775 1774/521/1774
f 86/985/86 623/521/623 1767/521/1767 537/521/537
f 623/521/623 622/507/622 1768/521/1768 1767/521/1767
f 622/507/622 621/985/621 1769/984/1769 1768/521/1768
f 621/985/621 85/986/85 540/521/540 1769/984/1769
f 1769/984/1769 540/521/540 541/521/541 1772/984/1772
f 1772/984/1772 541/521/541 542/521/542 1775/521/1775
f 1775/521/1775 542/521/542 71/129/71 543/521/543
f 1774/521/1774 1775/521/1775 543/521/543 544/521/544
f 1773/521/1773 1774/521/1774 544/521/544 545/521/545
f 539/521/539 1773/521/1773 545/521/545 84/496/84
f 538/507/538 1770/507/1770 1773/521/1773 539/521/539
f 537/521/537 1767/521/1767 1770/507/1770 538/507/538
f 1776/987/1776 1777/988/1777 1780/989/1780 1779/990/1779
f 1777/988/1777 1778/991/1778 1781/992/1781 1780/989/1780
f 1779/990/1779 1780/989/1780 1783/993/1783 1782/994/1782
f 1780/989/1780 1781/992/1781 1784/995/1784 1783/993/1783
f 32/115/32 219/366/219 1776/987/1776 632/886/632
f 219/366/219 220/996/220 1777/988/1777 1776/987/1776
f 220/996/220 221/997/221 1778/991/1778 1777/988/1777
f 221/997/221 72/129/72 629/884/629 1778/991/1778
f 1778/991/1778 629/884/629 628/890/628 1781/992/1781
f 1781/992/1781 628/890/628 627/889/627 1784/995/1784
f 1784/995/1784 627/889/627 71/129/71 542/129/542
f 1783/993/1783 1784/995/1784 542/129/542 541/521/541
f 1782/994/1782 1783/993/1783 541/521/541 540/521/540
f 630/888/630 1782/994/1782 540/521/540 85/986/85
f 631/887/631 1779/990/1779 1782/994/1782 630/888/630
f 632/886/632 1776/987/1776 1779/990/1779 631/887/631
f 1785/998/1785 1786/999/1786 1789/1000/1789 1788/1001/1788
f 1786/999/1786 1787/1002/1787 1790/1003/1790 1789/1000/1789
f 1788/1001/1788 1789/1000/1789 1792/1004/1792 1791/1005/1791
f 1789/1000/1789 1790/1003/1790 1793/1005/1793 1792/1004/1792
f 34/115/34 326/369/326 1785/998/1785 635/886/635
f 326/369/326 325/368/325 1786/999/1786 1785/998/1785
f 325/368/325 324/367/324 1787/1002/1787 1786/999/1786
f 324/367/324 32/115/32 632/886/632 1787/1002/1787
f 1787/1002/1787 632/886/632 631/887/631 1790/1003/1790
f 1790/1003/1790 631/887/631 630/888/630 1793/1005/1793
f 1793/1005/1793 630/888/630 85/986/85 621/985/621
f 1792/1004/1792 1793/1005/1793 621/985/621 622/507/622
f 1791/1005/1791 1792/1004/1792 622/507/622 623/521/623
f 633/1006/633 1791/1005/1791 623/521/623 86/985/86
f 634/492/634 1788/1001/1788 1791/1005/1791 633/1006/633
f 635/886/635 1785/998/1785 1788/1001/1788 634/492/634
f 1794/1007/1794 1795/1008/1795 1798/1009/1798 1797/1010/1797
f 1795/1008/1795 1796/1007/1796 1799/1011/1799 1798/1009/1798
f 1797/1010/1797 1798/1009/1798 1801/1012/1801 1800/1013/1800
f 1798/1009/1798 1799/1011/1799 1802/1014/1802 1801/1012/1801
f 74/115/74 230/1015/230 1794/1007/1794 624/886/624
f 230/1015/230 229/1016/229 1795/1008/1795 1794/1007/1794
f 229/1016/229 228/1017/228 1796/1007/1796 1795/1008/1795
f 228/1017/228 34/115/34 635/886/635 1796/1007/1796
f 1796/1007/1796 635/886/635 634/492/634 1799/1011/1799
f 1799/1011/1799 634/492/634 633/1006/633 1802/1014/1802
f 1802/1014/1802 633/1006/633 86/985/86 537/507/537
f 1801/1012/1801 1802/1014/1802 537/507/537 538/507/538
f 1800/1013/1800 1801/1012/1801 538/507/538 539/521/539
f 626/888/626 1800/1013/1800 539/521/539 84/496/84
f 625/887/625 1797/1010/1797 1800/1013/1800 626/888/626
f 624/886/624 1794/1007/1794 1797/1010/1797 625/887/625
f 1803/238/1803 1804/239/1804 1807/239/1807 1806/238/1806
f 1804/239/1804 1805/167/1805 1808/167/1808 1807/239/1807
f 1806/238/1806 1807/239/1807 1810/239/1810 1809/238/1809
f 1807/239/1807 1808/167/1808 1811/167/1811 1810/239/1810
f 2/60/2 194/238/194 1803/238/1803 636/61/636
f 194/238/194 193/318/193 1804/239/1804 1803/238/1803
f 193/318/193 192/167/192 1805/167/1805 1804/239/1804
f 192/167/192 4/284/4 218/247/218 1805/167/1805
f 1805/167/1805 218/247/218 217/247/217 1808/167/1808
f 1808/167/1808 217/247/217 216/247/216 1811/167/1811
f 1811/167/1811 216/247/216 90/284/90 648/167/648
f 1810/239/1810 1811/167/1811 648/167/648 649/166/649
f 1809/238/1809 1810/239/1810 649/166/649 650/165/650
f 638/59/638 1809/238/1809 650/165/650 87/58/87
f 637/60/637 1806/238/1806 1809/238/1809 638/59/638
f 636/61/636 1803/238/1803 1806/238/1806 637/60/637
f 1812/1018/1812 1813/1019/1813 1816/1020/1816 1815/1021/1815
f 1813/1019/1813 1814/1022/1814 1817/1023/1817 1816/1020/1816
f 1815/1021/1815 1816/1020/1816 1819/1024/1819 1818/1025/1818
f 1816/1020/1816 1817/1023/1817 1820/1026/1820 1819/1024/1819
f 4/140/4 185/1027/185 1812/1018/1812 218/247/218
f 185/1027/185 184/333/184 1813/1019/1813 1812/1018/1812
f 184/333/184 183/1028/183 1814/1022/1814 1813/1019/1813
f 183/1028/183 8/149/8 642/1029/642 1814/1022/1814
f 1814/1022/1814 642/1029/642 643/1030/643 1817/1023/1817
f 1817/1023/1817 643/1030/643 644/1031/644 1820/1026/1820
f 1820/1026/1820 644/1031/644 89/145/89 651/144/651
f 1819/1024/1819 1820/1026/1820 651/144/651 652/143/652
f 1818/1025/1818 1819/1024/1819 652/143/652 653/141/653
f 216/247/216 1818/1025/1818 653/141/653 90/140/90
f 217/247/217 1815/1021/1815 1818/1025/1818 216/247/216
f 218/247/218 1812/1018/1812 1815/1021/1815 217/247/217
f 1821/1032/1821 1822/1033/1822 1825/1034/1825 1824/1035/1824
f 1822/1033/1822 1823/1036/1823 1826/1037/1826 1825/1034/1825
f 1824/1035/1824 1825/1034/1825 1828/1038/1828 1827/1039/1827
f 1825/1034/1825 1826/1037/1826 1829/1040/1829 1828/1038/1828
f 6/54/6 164/1041/164 1821/1032/1821 212/62/212
f 164/1041/164 163/302/163 1822/1033/1822 1821/1032/1821
f 163/302/163 162/301/162 1823/1036/1823 1822/1033/1822
f 162/301/162 2/171/2 636/61/636 1823/1036/1823
f 1823/1036/1823 636/61/636 637/60/637 1826/1037/1826
f 1826/1037/1826 637/60/637 638/59/638 1829/1040/1829
f 1829/1040/1829 638/59/638 87/58/87 654/57/654
f 1828/1038/1828 1829/1040/1829 654/57/654 655/56/655
f 1827/1039/1827 1828/1038/1828 655/56/655 656/55/656
f 210/54/210 1827/1039/1827 656/55/656 88/54/88
f 211/62/211 1824/1035/1824 1827/1039/1827 210/54/210
f 212/62/212 1821/1032/1821 1824/1035/1824 211/62/211
f 1830/1042/1830 1831/1043/1831 1834/1044/1834 1833/1045/1833
f 1831/1043/1831 1832/1046/1832 1835/1047/1835 1834/1044/1834
f 1833/1045/1833 1834/1044/1834 1837/1048/1837 1836/1049/1836
f 1834/1044/1834 1835/1047/1835 1838/1050/1838 1837/1048/1837
f 93/78/93 959/1051/959 1830/1042/1830 686/1052/686
f 959/1051/959 958/1053/958 1831/1043/1831 1830/1042/1830
f 958/1053/958 957/1054/957 1832/1046/1832 1831/1043/1831
f 957/1054/957 137/1055/137 950/1056/950 1832/1046/1832
f 1832/1046/1832 950/1056/950 949/952/949 1835/1047/1835
f 1835/1047/1835 949/952/949 948/1057/948 1838/1050/1838
f 1838/1050/1838 948/1057/948 138/380/138 692/380/692
f 1837/1048/1837 1838/1050/1838 692/380/692 691/380/691
f 1836/1049/1836 1837/1048/1837 691/380/691 690/19/690
f 684/1058/684 1836/1049/1836 690/19/690 91/15/91
f 685/1059/685 1833/1045/1833 1836/1049/1836 684/1058/684
f 686/1052/686 1830/1042/1830 1833/1045/1833 685/1059/685
f 1839/1060/1839 1840/1061/1840 1843/1062/1843 1842/1063/1842
f 1840/1061/1840 1841/1064/1841 1844/1065/1844 1843/1062/1843
f 1842/1063/1842 1843/1062/1843 1846/1066/1846 1845/1067/1845
f 1843/1062/1843 1844/1065/1844 1847/1068/1847 1846/1066/1846
f 110/35/110 795/1069/795 1839/1060/1839 788/75/788
f 795/1069/795 796/1070/796 1840/1061/1840 1839/1060/1839
f 796/1070/796 797/1071/797 1841/1064/1841 1840/1061/1840
f 797/1071/797 26/48/26 168/46/168 1841/1064/1841
f 1841/1064/1841 168/46/168 169/45/169 1844/1065/1844
f 1844/1065/1844 169/45/169 170/44/170 1847/1068/1847
f 1847/1068/1847 170/44/170 7/1072/7 683/1073/683
f 1846/1066/1846 1847/1068/1847 683/1073/683 682/1074/682
f 1845/1067/1845 1846/1066/1846 682/1074/682 681/922/681
f 786/80/786 1845/1067/1845 681/922/681 93/1075/93
f 787/76/787 1842/1063/1842 1845/1067/1845 786/80/786
f 788/75/788 1839/1060/1839 1842/1063/1842 787/76/787
f 1848/1076/1848 1849/1077/1849 1852/1078/1852 1851/1079/1851
f 1849/1077/1849 1850/1080/1850 1853/1081/1853 1852/1078/1852
f 1851/1079/1851 1852/1078/1852 1855/1082/1855 1854/1083/1854
f 1852/1078/1852 1853/1081/1853 1856/1084/1856 1855/1082/1855
f 88/54/88 641/54/641 1848/1076/1848 1100/55/1100
f 641/54/641 640/62/640 1849/1077/1849 1848/1076/1848
f 640/62/640 639/62/639 1850/1080/1850 1849/1077/1849
f 639/62/639 11/54/11 701/1085/701 1850/1080/1850
f 1850/1080/1850 701/1085/701 700/218/700 1853/1081/1853
f 1853/1081/1853 700/218/700 699/1086/699 1856/1084/1856
f 1856/1084/1856 699/1086/699 95/171/95 710/61/710
f 1855/1082/1855 1856/1084/1856 710/61/710 709/60/709
f 1854/1083/1854 1855/1082/1855 709/60/709 708/59/708
f 1098/57/1098 1854/1083/1854 708/59/708 157/58/157
f 1099/56/1099 1851/1079/1851 1854/1083/1854 1098/57/1098
f 1100/55/1100 1848/1076/1848 1851/1079/1851 1099/56/1099
f 1858/1087/1858 1859/1088/1859 1857/1089/1857 1863/1090/1863
f 1860/1087/1860 1861/1091/1861 1857/1089/1857 1859/1092/1859
f 1862/1093/1862 1863/1094/1863 1857/1089/1857 1861/1094/1861
f 93/78/93 803/1095/803 1858/1087/1858 786/80/786
f 803/1095/803 802/1096/802 1859/1088/1859 1858/1087/1858
f 786/80/786 1858/1087/1858 1863/1090/1863 787/76/787
f 112/78/112 1103/80/1103 1860/1087/1860 801/1097/801
f 1103/80/1103 1102/76/1102 1861/1091/1861 1860/1087/1860
f 801/1097/801 1860/1087/1860 1859/1092/1859 802/1096/802
f 110/129/110 788/75/788 1862/1093/1862 1101/75/1101
f 788/75/788 787/76/787 1863/1094/1863 1862/1093/1862
f 1101/75/1101 1862/1093/1862 1861/1094/1861 1102/76/1102
f 1864/1098/1864 1865/1099/1865 1868/1100/1868 1867/1101/1867
f 1865/1099/1865 1866/1102/1866 1869/1103/1869 1868/1100/1868
f 1867/1101/1867 1868/1100/1868 1871/1104/1871 1870/1105/1870
f 1868/1100/1868 1869/1103/1869 1872/1106/1872 1871/1104/1871
f 28/91/28 789/1107/789 1864/1098/1864 299/92/299
f 789/1107/789 790/1108/790 1865/1099/1865 1864/1098/1864
f 790/1108/790 791/1109/791 1866/1102/1866 1865/1099/1865
f 791/1109/791 109/104/109 785/349/785 1866/1102/1866
f 1866/1102/1866 785/349/785 784/346/784 1869/1103/1869
f 1869/1103/1869 784/346/784 783/345/783 1872/1106/1872
f 1872/1106/1872 783/345/783 91/380/91 695/742/695
f 1871/1104/1871 1872/1106/1872 695/742/695 694/1110/694
f 1870/1105/1870 1871/1104/1871 694/1110/694 693/740/693
f 297/95/297 1870/1105/1870 693/740/693 5/1111/5
f 298/94/298 1867/1101/1867 1870/1105/1870 297/95/297
f 299/92/299 1864/1098/1864 1867/1101/1867 298/94/298
f 1873/314/1873 1874/501/1874 1877/416/1877 1876/1112/1876
f 1874/501/1874 1875/501/1875 1878/462/1878 1877/416/1877
f 1876/1112/1876 1877/416/1877 1880/502/1880 1879/1113/1879
f 1877/416/1877 1878/462/1878 1881/417/1881 1880/502/1880
f 114/35/114 714/129/714 1873/314/1873 809/465/809
f 714/129/714 715/495/715 1874/501/1874 1873/314/1873
f 715/495/715 716/494/716 1875/501/1875 1874/501/1874
f 716/494/716 147/505/147 719/127/719 1875/501/1875
f 1875/501/1875 719/127/719 718/126/718 1878/462/1878
f 1878/462/1878 718/126/718 717/125/717 1881/417/1881
f 1881/417/1881 717/125/717 100/506/100 843/397/843
f 1880/502/1880 1881/417/1881 843/397/843 844/408/844
f 1879/1113/1879 1880/502/1880 844/408/844 845/408/845
f 807/1114/807 1879/1113/1879 845/408/845 113/104/113
f 808/503/808 1876/1112/1876 1879/1113/1879 807/1114/807
f 809/465/809 1873/314/1873 1876/1112/1876 808/503/808
f 1882/1115/1882 1883/1116/1883 1886/1117/1886 1885/1118/1885
f 1883/1116/1883 1884/1119/1884 1887/1120/1887 1886/1117/1886
f 1885/1118/1885 1886/1117/1886 1889/1121/1889 1888/1122/1888
f 1886/1117/1886 1887/1120/1887 1890/1123/1890 1889/1121/1889
f 158/140/158 1091/247/1091 1882/1115/1882 1097/1124/1097
f 1091/247/1091 1090/247/1090 1883/1116/1883 1882/1115/1882
f 1090/247/1090 1089/247/1089 1884/1119/1884 1883/1116/1883
f 1089/247/1089 96/140/96 704/1125/704 1884/1119/1884
f 1884/1119/1884 704/1125/704 703/1126/703 1887/1120/1887
f 1887/1120/1887 703/1126/703 702/1127/702 1890/1123/1890
f 1890/1123/1890 702/1127/702 12/149/12 215/148/215
f 1889/1121/1889 1890/1123/1890 215/148/215 214/1128/214
f 1888/1122/1888 1889/1121/1889 214/1128/214 213/1129/213
f 1095/1130/1095 1888/1122/1888 213/1129/213 89/145/89
f 1096/143/1096 1885/1118/1885 1888/1122/1888 1095/1130/1095
f 1097/1124/1097 1882/1115/1882 1885/1118/1885 1096/143/1096
f 1891/238/1891 1892/238/1892 1895/239/1895 1894/204/1894
f 1892/238/1892 1893/238/1893 1896/239/1896 1895/239/1895
f 1894/204/1894 1895/239/1895 1898/167/1898 1897/167/1897
f 1895/239/1895 1896/239/1896 1899/167/1899 1898/167/1898
f 157/58/157 708/59/708 1891/238/1891 1094/165/1094
f 708/59/708 709/60/709 1892/238/1892 1891/238/1891
f 709/60/709 710/61/710 1893/238/1893 1892/238/1892
f 710/61/710 95/60/95 707/238/707 1893/238/1893
f 1893/238/1893 707/238/707 706/318/706 1896/239/1896
f 1896/239/1896 706/318/706 705/167/705 1899/167/1899
f 1899/167/1899 705/167/705 96/284/96 1089/247/1089
f 1898/167/1898 1899/167/1899 1089/247/1089 1090/247/1090
f 1897/167/1897 1898/167/1898 1090/247/1090 1091/247/1091
f 1092/167/1092 1897/167/1897 1091/247/1091 158/284/158
f 1093/166/1093 1894/204/1894 1897/167/1897 1092/167/1092
f 1094/165/1094 1891/238/1891 1894/204/1894 1093/166/1093
f 1900/172/1900 1901/1131/1901 1904/174/1904 1903/173/1903
f 1901/1131/1901 1902/179/1902 1905/178/1905 1904/174/1904
f 1903/173/1903 1904/174/1904 1907/177/1907 1906/176/1906
f 1904/174/1904 1905/178/1905 1908/180/1908 1907/177/1907
f 98/1132/98 752/153/752 1900/172/1900 1043/182/1043
f 752/153/752 751/155/751 1901/1131/1901 1900/172/1900
f 751/155/751 750/142/750 1902/179/1902 1901/1131/1901
f 750/142/750 102/140/102 743/283/743 1902/179/1902
f 1902/179/1902 743/283/743 742/187/742 1905/178/1905
f 1905/178/1905 742/187/742 741/280/741 1908/180/1908
f 1908/180/1908 741/280/741 104/282/104 1022/185/1022
f 1907/177/1907 1908/180/1908 1022/185/1022 1021/185/1021
f 1906/176/1906 1907/177/1907 1021/185/1021 1020/185/1020
f 1041/184/1041 1906/176/1906 1020/185/1020 12/149/12
f 1042/183/1042 1903/173/1903 1906/176/1906 1041/184/1041
f 1043/182/1043 1900/172/1900 1903/173/1903 1042/183/1042
f 1909/1133/1909 1910/1134/1910 1913/239/1913 1912/239/1912
f 1910/1134/1910 1911/1135/1911 1914/166/1914 1913/239/1913
f 1912/239/1912 1913/239/1913 1916/1136/1916 1915/1137/1915
f 1913/239/1913 1914/166/1914 1917/1138/1917 1916/1136/1916
f 95/171/95 734/1139/734 1909/1133/1909 707/238/707
f 734/1139/734 733/1140/733 1910/1134/1910 1909/1133/1909
f 733/1140/733 732/1141/732 1911/1135/1911 1910/1134/1910
f 732/1141/732 97/221/97 722/205/722 1911/1135/1911
f 1911/1135/1911 722/205/722 721/204/721 1914/166/1914
f 1914/166/1914 721/204/721 720/1142/720 1917/1138/1917
f 1917/1138/1917 720/1142/720 98/1132/98 731/1143/731
f 1916/1136/1916 1917/1138/1917 731/1143/731 730/1144/730
f 1915/1137/1915 1916/1136/1916 730/1144/730 729/1145/729
f 705/167/705 1915/1137/1915 729/1145/729 96/140/96
f 706/318/706 1912/239/1912 1915/1137/1915 705/167/705
f 707/238/707 1909/1133/1909 1912/239/1912 706/318/706
f 1919/1146/1919 1920/1147/1920 1918/1148/1918 1924/1149/1924
f 1921/1150/1921 1922/1151/1922 1918/1148/1918 1920/1152/1920
f 1923/1153/1923 1924/1154/1924 1918/1148/1918 1922/1151/1922
f 11/54/11 749/1155/749 1919/1146/1919 701/1085/701
f 749/1155/749 748/1156/748 1920/1147/1920 1919/1146/1919
f 701/1085/701 1919/1146/1919 1924/1149/1924 700/218/700
f 97/221/97 732/1157/732 1921/1150/1921 747/1158/747
f 732/1157/732 733/1140/733 1922/1151/1922 1921/1150/1921
f 747/1158/747 1921/1150/1921 1920/1152/1920 748/1159/748
f 95/171/95 699/1160/699 1923/1153/1923 734/1161/734
f 699/1160/699 700/1162/700 1924/1154/1924 1923/1153/1923
f 734/1161/734 1923/1153/1923 1922/1151/1922 733/1140/733
f 1926/1163/1926 1927/1164/1927 1925/1165/1925 1931/1166/1931
f 1928/1167/1928 1929/1168/1929 1925/1165/1925 1927/1169/1927
f 1930/1170/1930 1931/1171/1931 1925/1165/1925 1929/1168/1929
f 96/140/96 729/1145/729 1926/1163/1926 704/1125/704
f 729/1145/729 730/1144/730 1927/1164/1927 1926/1163/1926
f 704/1125/704 1926/1163/1926 1931/1166/1931 703/1126/703
f 98/154/98 1043/237/1043 1928/1167/1928 731/1172/731
f 1043/237/1043 1042/183/1042 1929/1168/1929 1928/1167/1928
f 731/1172/731 1928/1167/1928 1927/1169/1927 730/1144/730
f 12/149/12 702/1173/702 1930/1170/1930 1041/234/1041
f 702/1173/702 703/1126/703 1931/1171/1931 1930/1170/1930
f 1041/234/1041 1930/1170/1930 1929/1168/1929 1042/236/1042
f 1932/238/1932 1933/240/1933 1936/1174/1936 1935/239/1935
f 1933/240/1933 1934/243/1934 1937/242/1937 1936/1174/1936
f 1935/239/1935 1936/1174/1936 1939/1175/1939 1938/167/1938
f 1936/1174/1936 1937/242/1937 1940/1176/1940 1939/1175/1939
f 134/245/134 926/60/926 1932/238/1932 944/240/944
f 926/60/926 925/245/925 1933/240/1933 1932/238/1932
f 925/245/925 924/60/924 1934/243/1934 1933/240/1933
f 924/60/924 107/245/107 770/250/770 1934/243/1934
f 1934/243/1934 770/250/770 769/1177/769 1937/242/1937
f 1937/242/1937 769/1177/769 768/248/768 1940/1176/1940
f 1940/1176/1940 768/248/768 108/140/108 773/247/773
f 1939/1175/1939 1940/1176/1940 773/247/773 772/629/772
f 1938/167/1938 1939/1175/1939 772/629/772 771/629/771
f 942/167/942 1938/167/1938 771/629/771 133/246/133
f 943/239/943 1935/239/1935 1938/167/1938 942/167/942
f 944/240/944 1932/238/1932 1935/239/1935 943/239/943
f 1941/251/1941 1942/251/1942 1945/251/1945 1944/251/1944
f 1942/251/1942 1943/251/1943 1946/251/1946 1945/251/1945
f 1944/251/1944 1945/251/1945 1948/251/1948 1947/251/1947
f 1945/251/1945 1946/251/1946 1949/251/1949 1948/251/1948
f 12/251/12 1020/251/1020 1941/251/1941 197/251/197
f 1020/251/1020 1021/251/1021 1942/251/1942 1941/251/1941
f 1021/251/1021 1022/251/1022 1943/251/1943 1942/251/1942
f 1022/251/1022 104/251/104 737/251/737 1943/251/1943
f 1943/251/1943 737/251/737 736/251/736 1946/251/1946
f 1946/251/1946 736/251/736 735/251/735 1949/251/1949
f 1949/251/1949 735/251/735 103/251/103 728/251/728
f 1948/251/1948 1949/251/1949 728/251/728 727/251/727
f 1947/251/1947 1948/251/1948 727/251/727 726/251/726
f 195/251/195 1947/251/1947 726/251/726 11/251/11
f 196/251/196 1944/251/1944 1947/251/1947 195/251/195
f 197/251/197 1941/251/1941 1944/251/1944 196/251/196
f 1950/252/1950 1951/254/1951 1954/239/1954 1953/253/1953
f 1951/254/1951 1952/1178/1952 1955/239/1955 1954/239/1954
f 1953/253/1953 1954/239/1954 1957/1179/1957 1956/1180/1956
f 1954/239/1954 1955/239/1955 1958/1181/1958 1957/1179/1957
f 97/221/97 758/1182/758 1950/252/1950 722/205/722
f 758/1182/758 757/262/757 1951/254/1951 1950/252/1950
f 757/262/757 756/261/756 1952/1178/1952 1951/254/1951
f 756/261/756 101/245/101 746/240/746 1952/1178/1952
f 1952/1178/1952 746/240/746 745/239/745 1955/239/1955
f 1955/239/1955 745/239/745 744/167/744 1958/1181/1958
f 1958/1181/1958 744/167/744 102/140/102 750/142/750
f 1957/1179/1957 1958/1181/1958 750/142/750 751/155/751
f 1956/1180/1956 1957/1179/1957 751/155/751 752/153/752
f 720/1142/720 1956/1180/1956 752/153/752 98/1132/98
f 721/204/721 1953/253/1953 1956/1180/1956 720/1142/720
f 722/205/722 1950/252/1950 1953/253/1953 721/204/721
f 1959/1183/1959 1960/266/1960 1963/265/1963 1962/1184/1962
f 1960/266/1960 1961/270/1961 1964/269/1964 1963/265/1963
f 1962/1184/1962 1963/265/1963 1966/1185/1966 1965/1186/1965
f 1963/265/1963 1964/269/1964 1967/1187/1967 1966/1185/1966
f 11/54/11 726/62/726 1959/1183/1959 749/1155/749
f 726/62/726 727/62/727 1960/266/1960 1959/1183/1959
f 727/62/727 728/62/728 1961/270/1961 1960/266/1960
f 728/62/728 103/54/103 740/1188/740 1961/270/1961
f 1961/270/1961 740/1188/740 739/220/739 1964/269/1964
f 1964/269/1964 739/220/739 738/1189/738 1967/1187/1967
f 1967/1187/1967 738/1189/738 101/245/101 756/261/756
f 1966/1185/1966 1967/1187/1967 756/261/756 757/262/757
f 1965/1186/1965 1966/1185/1966 757/262/757 758/1182/758
f 747/1190/747 1965/1186/1965 758/1182/758 97/221/97
f 748/1191/748 1962/1184/1962 1965/1186/1965 747/1190/747
f 749/1155/749 1959/1183/1959 1962/1184/1962 748/1191/748
f 1968/251/1968 1969/251/1969 1972/251/1972 1971/251/1971
f 1969/251/1969 1970/251/1970 1973/251/1973 1972/251/1972
f 1971/251/1971 1972/251/1972 1975/251/1975 1974/251/1974
f 1972/251/1972 1973/251/1973 1976/251/1976 1975/251/1975
f 106/251/106 890/251/890 1968/251/1968 761/251/761
f 890/251/890 889/251/889 1969/251/1969 1968/251/1968
f 889/251/889 888/251/888 1970/251/1970 1969/251/1969
f 888/251/888 126/251/126 875/251/875 1970/251/1970
f 1970/251/1970 875/251/875 874/251/874 1973/251/1973
f 1973/251/1973 874/251/874 873/251/873 1976/251/1976
f 1976/251/1976 873/251/873 125/251/125 887/251/887
f 1975/251/1975 1976/251/1976 887/251/887 886/251/886
f 1974/251/1974 1975/251/1975 886/251/886 885/251/885
f 759/251/759 1974/251/1974 885/251/885 105/251/105
f 760/251/760 1971/251/1971 1974/251/1974 759/251/759
f 761/251/761 1968/251/1968 1971/251/1971 760/251/760
f 1977/1188/1977 1978/1188/1978 1981/220/1981 1980/276/1980
f 1978/1188/1978 1979/1188/1979 1982/276/1982 1981/220/1981
f 1980/276/1980 1981/220/1981 1984/1189/1984 1983/53/1983
f 1981/220/1981 1982/276/1982 1985/53/1985 1984/1189/1984
f 135/277/135 929/278/929 1977/1188/1977 941/1188/941
f 929/278/929 928/62/928 1978/1188/1978 1977/1188/1977
f 928/62/928 927/62/927 1979/1188/1979 1978/1188/1978
f 927/62/927 105/54/105 764/1188/764 1979/1188/1979
f 1979/1188/1979 764/1188/764 763/220/763 1982/276/1982
f 1982/276/1982 763/220/763 762/1189/762 1985/53/1985
f 1985/53/1985 762/1189/762 107/245/107 924/60/924
f 1984/1189/1984 1985/53/1985 924/60/924 925/245/925
f 1983/53/1983 1984/1189/1984 925/245/925 926/60/926
f 939/1189/939 1983/53/1983 926/60/926 134/245/134
f 940/220/940 1980/276/1980 1983/53/1983 939/1189/939
f 941/1188/941 1977/1188/1977 1980/276/1980 940/220/940
f 1986/283/1986 1987/1192/1987 1990/1193/1990 1989/187/1989
f 1987/1192/1987 1988/1194/1988 1991/1195/1991 1990/1193/1990
f 1989/187/1989 1990/1193/1990 1993/186/1993 1992/186/1992
f 1990/1193/1990 1991/1195/1991 1994/1196/1994 1993/186/1993
f 133/246/133 771/629/771 1986/283/1986 938/281/938
f 771/629/771 772/629/772 1987/1192/1987 1986/283/1986
f 772/629/772 773/247/773 1988/1194/1988 1987/1192/1987
f 773/247/773 108/140/108 767/1197/767 1988/1194/1988
f 1988/1194/1988 767/1197/767 766/1198/766 1991/1195/1991
f 1991/1195/1991 766/1198/766 765/1199/765 1994/1196/1994
f 1994/1196/1994 765/1199/765 106/149/106 782/185/782
f 1993/186/1993 1994/1196/1994 782/185/782 781/185/781
f 1992/186/1992 1993/186/1993 781/185/781 780/185/780
f 936/280/936 1992/186/1992 780/185/780 136/282/136
f 937/187/937 1989/187/1989 1992/186/1992 936/280/936
f 938/281/938 1986/283/1986 1989/187/1989 937/187/937
f 1995/251/1995 1996/251/1996 1999/251/1999 1998/251/1998
f 1996/251/1996 1997/251/1997 2000/251/2000 1999/251/1999
f 1998/251/1998 1999/251/1999 2002/251/2002 2001/251/2001
f 1999/251/1999 2000/251/2000 2003/251/2003 2002/251/2002
f 136/251/136 780/251/780 1995/251/1995 935/251/935
f 780/251/780 781/251/781 1996/251/1996 1995/251/1995
f 781/251/781 782/251/782 1997/251/1997 1996/251/1996
f 782/251/782 106/251/106 761/251/761 1997/251/1997
f 1997/251/1997 761/251/761 760/251/760 2000/251/2000
f 2000/251/2000 760/251/760 759/251/759 2003/251/2003
f 2003/251/2003 759/251/759 105/251/105 927/251/927
f 2002/251/2002 2003/251/2003 927/251/927 928/251/928
f 2001/251/2001 2002/251/2002 928/251/928 929/251/929
f 933/251/933 2001/251/2001 929/251/929 135/251/135
f 934/251/934 1998/251/1998 2001/251/2001 933/251/933
f 935/251/935 1995/251/1995 1998/251/1998 934/251/934
f 2004/1200/2004 2005/1201/2005 2008/287/2008 2007/1202/2007
f 2005/1201/2005 2006/1203/2006 2009/1204/2009 2008/287/2008
f 2007/1202/2007 2008/287/2008 2011/1205/2011 2010/1206/2010
f 2008/287/2008 2009/1204/2009 2012/1207/2012 2011/1205/2011
f 6/54/6 674/1208/674 2004/1200/2004 176/294/176
f 674/1208/674 673/302/673 2005/1201/2005 2004/1200/2004
f 673/302/673 672/301/672 2006/1203/2006 2005/1201/2005
f 672/301/672 92/171/92 677/1209/677 2006/1203/2006
f 2006/1203/2006 677/1209/677 676/299/676 2009/1204/2009
f 2009/1204/2009 676/299/676 675/1210/675 2012/1207/2012
f 2012/1207/2012 675/1210/675 109/104/109 791/1109/791
f 2011/1205/2011 2012/1207/2012 791/1109/791 790/1108/790
f 2010/1206/2010 2011/1205/2011 790/1108/790 789/1107/789
f 174/297/174 2010/1206/2010 789/1107/789 28/91/28
f 175/296/175 2007/1202/2007 2010/1206/2010 174/297/174
f 176/294/176 2004/1200/2004 2007/1202/2007 175/296/175
f 2013/1211/2013 2014/1212/2014 2017/305/2017 2016/304/2016
f 2014/1212/2014 2015/1213/2015 2018/1214/2018 2017/305/2017
f 2016/304/2016 2017/305/2017 2020/308/2020 2019/307/2019
f 2017/305/2017 2018/1214/2018 2021/1215/2021 2020/308/2020
f 92/171/92 698/238/698 2013/1211/2013 677/1209/677
f 698/238/698 697/318/697 2014/1212/2014 2013/1211/2013
f 697/318/697 696/167/696 2015/1213/2015 2014/1212/2014
f 696/167/696 94/140/94 680/1216/680 2015/1213/2015
f 2015/1213/2015 680/1216/680 679/1217/679 2018/1214/2018
f 2018/1214/2018 679/1217/679 678/1218/678 2021/1215/2021
f 2021/1215/2021 678/1218/678 110/35/110 794/314/794
f 2020/308/2020 2021/1215/2021 794/314/794 793/313/793
f 2019/307/2019 2020/308/2020 793/313/793 792/312/792
f 675/1210/675 2019/307/2019 792/312/792 109/104/109
f 676/299/676 2016/304/2016 2019/307/2019 675/1210/675
f 677/1209/677 2013/1211/2013 2016/304/2016 676/299/676
f 2022/1219/2022 2023/1220/2023 2026/1221/2026 2025/1222/2025
f 2023/1220/2023 2024/1223/2024 2027/1224/2027 2026/1221/2026
f 2025/1222/2025 2026/1221/2026 2029/1225/2029 2028/1226/2028
f 2026/1221/2026 2027/1224/2027 2030/1227/2030 2029/1225/2029
f 94/140/94 689/283/689 2022/1219/2022 680/1216/680
f 689/283/689 688/187/688 2023/1220/2023 2022/1219/2022
f 688/187/688 687/280/687 2024/1223/2024 2023/1220/2023
f 687/280/687 8/282/8 291/331/291 2024/1223/2024
f 2024/1223/2024 291/331/291 292/330/292 2027/1224/2027
f 2027/1224/2027 292/330/292 293/329/293 2030/1227/2030
f 2030/1227/2030 293/329/293 26/48/26 797/1071/797
f 2029/1225/2029 2030/1227/2030 797/1071/797 796/1070/796
f 2028/1226/2028 2029/1225/2029 796/1070/796 795/1069/795
f 678/1218/678 2028/1226/2028 795/1069/795 110/35/110
f 679/1217/679 2025/1222/2025 2028/1226/2028 678/1218/678
f 680/1216/680 2022/1219/2022 2025/1222/2025 679/1217/679
f 2032/1228/2032 2033/1229/2033 2031/1230/2031 2037/1231/2037
f 2034/1232/2034 2035/1233/2035 2031/1230/2031 2033/1234/2033
f 2036/1235/2036 2037/1233/2037 2031/1230/2031 2035/1233/2035
f 109/104/109 1109/1236/1109 2032/1228/2032 785/349/785
f 1109/1236/1109 1108/1237/1108 2033/1229/2033 2032/1228/2032
f 785/349/785 2032/1228/2032 2037/1231/2037 784/346/784
f 111/104/111 806/349/806 2034/1232/2034 1107/1238/1107
f 806/349/806 805/346/805 2035/1233/2035 2034/1232/2034
f 1107/1238/1107 2034/1232/2034 2033/1234/2033 1108/1237/1108
f 91/380/91 783/345/783 2036/1235/2036 804/345/804
f 783/345/783 784/346/784 2037/1233/2037 2036/1235/2036
f 804/345/804 2036/1235/2036 2035/1233/2035 805/346/805
f 2038/1239/2038 2039/521/2039 2042/521/2042 2041/1240/2041
f 2039/521/2039 2040/521/2040 2043/507/2043 2042/521/2042
f 2041/1240/2041 2042/521/2042 2045/521/2045 2044/1241/2044
f 2042/521/2042 2043/507/2043 2046/985/2046 2045/521/2045
f 122/35/122 857/507/857 2038/1239/2038 872/1242/872
f 857/507/857 856/507/856 2039/521/2039 2038/1239/2038
f 856/507/856 855/507/855 2040/521/2040 2039/521/2039
f 855/507/855 116/35/116 815/1243/815 2040/521/2040
f 2040/521/2040 815/1243/815 814/521/814 2043/507/2043
f 2043/507/2043 814/521/814 813/521/813 2046/985/2046
f 2046/985/2046 813/521/813 114/35/114 821/507/821
f 2045/521/2045 2046/985/2046 821/507/821 820/507/820
f 2044/1241/2044 2045/521/2045 820/507/820 819/507/819
f 870/1244/870 2044/1241/2044 819/507/819 121/35/121
f 871/1245/871 2041/1240/2041 2044/1241/2044 870/1244/870
f 872/1242/872 2038/1239/2038 2041/1240/2041 871/1245/871
f 2047/1246/2047 2048/1247/2048 2051/1248/2051 2050/1249/2050
f 2048/1247/2048 2049/1250/2049 2052/1251/2052 2051/1248/2051
f 2050/1249/2050 2051/1248/2051 2054/1252/2054 2053/1253/2053
f 2051/1248/2051 2052/1251/2052 2055/1254/2055 2054/1252/2054
f 91/15/91 804/380/804 2047/1246/2047 684/1255/684
f 804/380/804 805/380/805 2048/1247/2048 2047/1246/2047
f 805/380/805 806/380/806 2049/1250/2049 2048/1247/2048
f 806/380/806 111/380/111 798/386/798 2049/1250/2049
f 2049/1250/2049 798/386/798 799/385/799 2052/1251/2052
f 2052/1251/2052 799/385/799 800/384/800 2055/1254/2055
f 2055/1254/2055 800/384/800 112/78/112 801/1256/801
f 2054/1252/2054 2055/1254/2055 801/1256/801 802/1096/802
f 2053/1253/2053 2054/1252/2054 802/1096/802 803/1095/803
f 686/1257/686 2053/1253/2053 803/1095/803 93/78/93
f 685/1258/685 2050/1249/2050 2053/1253/2053 686/1257/686
f 684/1255/684 2047/1246/2047 2050/1249/2050 685/1258/685
f 2056/1259/2056 2057/1260/2057 2060/1261/2060 2059/1262/2059
f 2057/1260/2057 2058/1263/2058 2061/1264/2061 2060/1261/2060
f 2059/1262/2059 2060/1261/2060 2063/1265/2063 2062/1266/2062
f 2060/1261/2060 2061/1264/2061 2064/1267/2064 2063/1265/2063
f 100/124/100 755/1268/755 2056/1259/2056 1019/1269/1019
f 755/1268/755 754/406/754 2057/1260/2057 2056/1259/2056
f 754/406/754 753/405/753 2058/1263/2058 2057/1260/2057
f 753/405/753 117/504/117 839/1270/839 2058/1263/2058
f 2058/1263/2058 839/1270/839 838/1271/838 2061/1264/2061
f 2061/1264/2061 838/1271/838 837/1272/837 2064/1267/2064
f 2064/1267/2064 837/1272/837 119/404/119 842/1273/842
f 2063/1265/2063 2064/1267/2064 842/1273/842 841/1274/841
f 2062/1266/2062 2063/1265/2063 841/1274/841 840/1275/840
f 1017/1276/1017 2062/1266/2062 840/1275/840 99/400/99
f 1018/1277/1018 2059/1262/2059 2062/1266/2062 1017/1276/1017
f 1019/1269/1019 2056/1259/2056 2059/1262/2059 1018/1277/1018
f 2065/465/2065 2066/314/2066 2069/503/2069 2068/503/2068
f 2066/314/2066 2067/314/2067 2070/503/2070 2069/503/2069
f 2068/503/2068 2069/503/2069 2072/504/2072 2071/519/2071
f 2069/503/2069 2070/503/2070 2073/404/2073 2072/504/2072
f 121/129/121 819/507/819 2065/465/2065 869/314/869
f 819/507/819 820/507/820 2066/314/2066 2065/465/2065
f 820/507/820 821/507/821 2067/314/2067 2066/314/2066
f 821/507/821 114/35/114 809/465/809 2067/314/2067
f 2067/314/2067 809/465/809 808/503/808 2070/503/2070
f 2070/503/2070 808/503/808 807/1114/807 2073/404/2073
f 2073/404/2073 807/1114/807 113/104/113 824/124/824
f 2072/504/2072 2073/404/2073 824/124/824 823/124/823
f 2071/519/2071 2072/504/2072 823/124/823 822/124/822
f 867/417/867 2071/519/2071 822/124/822 123/520/123
f 868/416/868 2068/503/2068 2071/519/2071 867/417/867
f 869/314/869 2065/465/2065 2068/503/2068 868/416/868
f 2074/1278/2074 2075/418/2075 2078/432/2078 2077/1279/2077
f 2075/418/2075 2076/1280/2076 2079/1281/2079 2078/432/2078
f 2077/1279/2077 2078/432/2078 2081/432/2081 2080/1282/2080
f 2078/432/2078 2079/1281/2079 2082/1283/2082 2081/432/2081
f 123/418/123 822/124/822 2074/1278/2074 866/431/866
f 822/124/822 823/124/823 2075/418/2075 2074/1278/2074
f 823/124/823 824/124/824 2076/1280/2076 2075/418/2075
f 824/124/824 113/104/113 818/1281/818 2076/1280/2076
f 2076/1280/2076 818/1281/818 817/1284/817 2079/1281/2079
f 2079/1281/2079 817/1284/817 816/1285/816 2082/1283/2082
f 2082/1283/2082 816/1285/816 115/104/115 827/408/827
f 2081/432/2081 2082/1283/2082 827/408/827 826/408/826
f 2080/1282/2080 2081/432/2081 826/408/826 825/408/825
f 864/431/864 2080/1282/2080 825/408/825 124/432/124
f 865/430/865 2077/1279/2077 2080/1282/2080 864/431/864
f 866/431/866 2074/1278/2074 2077/1279/2077 865/430/865
f 2083/504/2083 2084/417/2084 2087/453/2087 2086/503/2086
f 2084/417/2084 2085/504/2085 2088/503/2088 2087/453/2087
f 2086/503/2086 2087/453/2087 2090/314/2090 2089/314/2089
f 2087/453/2087 2088/503/2088 2091/314/2091 2090/314/2090
f 124/408/124 825/408/825 2083/504/2083 863/444/863
f 825/408/825 826/408/826 2084/417/2084 2083/504/2083
f 826/408/826 827/408/827 2085/504/2085 2084/417/2084
f 827/408/827 115/124/115 810/312/810 2085/504/2085
f 2085/504/2085 810/312/810 811/313/811 2088/503/2088
f 2088/503/2088 811/313/811 812/314/812 2091/314/2091
f 2091/314/2091 812/314/812 116/129/116 855/507/855
f 2090/314/2090 2091/314/2091 855/507/855 856/507/856
f 2089/314/2089 2090/314/2090 856/507/856 857/507/857
f 861/314/861 2089/314/2089 857/507/857 122/129/122
f 862/313/862 2086/503/2086 2089/314/2089 861/314/861
f 863/444/863 2083/504/2083 2086/503/2086 862/313/862
f 2092/1286/2092 2093/1287/2093 2096/449/2096 2095/1288/2095
f 2093/1287/2093 2094/1289/2094 2097/453/2097 2096/449/2096
f 2095/1288/2095 2096/449/2096 2099/1290/2099 2098/1291/2098
f 2096/449/2096 2097/453/2097 2100/1292/2100 2099/1290/2099
f 118/1293/118 834/1294/834 2092/1286/2092 830/463/830
f 834/1294/834 835/1295/835 2093/1287/2093 2092/1286/2092
f 835/1295/835 836/1296/836 2094/1289/2094 2093/1287/2093
f 836/1296/836 120/1297/120 833/1298/833 2094/1289/2094
f 2094/1289/2094 833/1298/833 832/503/832 2097/453/2097
f 2097/453/2097 832/503/832 831/1299/831 2100/1292/2100
f 2100/1292/2100 831/1299/831 119/404/119 837/1300/837
f 2099/1290/2099 2100/1292/2100 837/1300/837 838/1301/838
f 2098/1291/2098 2099/1290/2099 838/1301/838 839/1302/839
f 828/1303/828 2098/1291/2098 839/1302/839 117/504/117
f 829/313/829 2095/1288/2095 2098/1291/2098 828/1303/828
f 830/463/830 2092/1286/2092 2095/1288/2095 829/313/829
f 2101/1304/2101 2102/470/2102 2105/1305/2105 2104/441/2104
f 2102/470/2102 2103/1306/2103 2106/1307/2106 2105/1305/2105
f 2104/441/2104 2105/1305/2105 2108/1308/2108 2107/471/2107
f 2105/1305/2105 2106/1307/2106 2109/475/2109 2108/1308/2108
f 99/400/99 840/1275/840 2101/1304/2101 986/1309/986
f 840/1275/840 841/1274/841 2102/470/2102 2101/1304/2101
f 841/1274/841 842/1273/842 2103/1306/2103 2102/470/2102
f 842/1273/842 119/404/119 831/1310/831 2103/1306/2103
f 2103/1306/2103 831/1310/831 832/416/832 2106/1307/2106
f 2106/1307/2106 832/416/832 833/1311/833 2109/475/2109
f 2109/475/2109 833/1311/833 120/1297/120 848/1312/848
f 2108/1308/2108 2109/475/2109 848/1312/848 847/1313/847
f 2107/471/2107 2108/1308/2108 847/1313/847 846/477/846
f 984/476/984 2107/471/2107 846/477/846 149/115/149
f 985/446/985 2104/441/2104 2107/471/2107 984/476/984
f 986/1309/986 2101/1304/2101 2104/441/2104 985/446/985
f 2110/1314/2110 2111/1315/2111 2114/1316/2114 2113/1317/2113
f 2111/1315/2111 2112/1318/2112 2115/1319/2115 2114/1316/2114
f 2113/1317/2113 2114/1316/2114 2117/1320/2117 2116/1321/2116
f 2114/1316/2114 2115/1319/2115 2118/1322/2118 2117/1320/2117
f 149/115/149 846/477/846 2110/1314/2110 671/1323/671
f 846/477/846 847/1313/847 2111/1315/2111 2110/1314/2110
f 847/1313/847 848/1312/848 2112/1318/2112 2111/1315/2111
f 848/1312/848 120/1297/120 836/1324/836 2112/1318/2112
f 2112/1318/2112 836/1324/836 835/1325/835 2115/1319/2115
f 2115/1319/2115 835/1325/835 834/1296/834 2118/1322/2118
f 2118/1322/2118 834/1296/834 118/1293/118 851/1326/851
f 2117/1320/2117 2118/1322/2118 851/1326/851 850/466/850
f 2116/1321/2116 2117/1320/2117 850/466/850 849/1327/849
f 669/1328/669 2116/1321/2116 849/1327/849 147/129/147
f 670/1329/670 2113/1317/2113 2116/1321/2116 669/1328/669
f 671/1323/671 2110/1314/2110 2113/1317/2113 670/1329/670
f 2119/1330/2119 2120/1331/2120 2123/462/2123 2122/1332/2122
f 2120/1331/2120 2121/454/2121 2124/313/2124 2123/462/2123
f 2122/1332/2122 2123/462/2123 2126/1333/2126 2125/1334/2125
f 2123/462/2123 2124/313/2124 2127/1335/2127 2126/1333/2126
f 147/129/147 849/1327/849 2119/1330/2119 719/127/719
f 849/1327/849 850/466/850 2120/1331/2120 2119/1330/2119
f 850/466/850 851/1326/851 2121/454/2121 2120/1331/2120
f 851/1326/851 118/1293/118 830/463/830 2121/454/2121
f 2121/454/2121 830/463/830 829/313/829 2124/313/2124
f 2124/313/2124 829/313/829 828/1303/828 2127/1335/2127
f 2127/1335/2127 828/1303/828 117/504/117 753/405/753
f 2126/1333/2126 2127/1335/2127 753/405/753 754/406/754
f 2125/1334/2125 2126/1333/2126 754/406/754 755/1268/755
f 717/125/717 2125/1334/2125 755/1268/755 100/124/100
f 718/126/718 2122/1332/2122 2125/1334/2125 717/125/717
f 719/127/719 2119/1330/2119 2122/1332/2122 718/126/718
f 2128/1336/2128 2129/1337/2129 2132/453/2132 2131/503/2131
f 2129/1337/2129 2130/1338/2130 2133/1288/2133 2132/453/2132
f 2131/503/2131 2132/453/2132 2135/1339/2135 2134/1340/2134
f 2132/453/2132 2133/1288/2133 2136/1341/2136 2135/1339/2135
f 111/104/111 1110/1342/1110 2128/1336/2128 798/312/798
f 1110/1342/1110 1111/1343/1111 2129/1337/2129 2128/1336/2128
f 1111/1343/1111 1112/1344/1112 2130/1338/2130 2129/1337/2129
f 1112/1344/1112 124/432/124 863/444/863 2130/1338/2130
f 2130/1338/2130 863/444/863 862/313/862 2133/1288/2133
f 2133/1288/2133 862/313/862 861/314/861 2136/1341/2136
f 2136/1341/2136 861/314/861 122/35/122 1104/1345/1104
f 2135/1339/2135 2136/1341/2136 1104/1345/1104 1105/1346/1105
f 2134/1340/2134 2135/1339/2135 1105/1346/1105 1106/1347/1106
f 800/314/800 2134/1340/2134 1106/1347/1106 112/35/112
f 799/313/799 2131/503/2131 2134/1340/2134 800/314/800
f 798/312/798 2128/1336/2128 2131/503/2131 799/313/799
f 2137/1348/2137 2138/1349/2138 2141/1350/2141 2140/1351/2140
f 2138/1349/2138 2139/1352/2139 2142/1353/2142 2141/1350/2141
f 2140/1351/2140 2141/1350/2141 2144/1354/2144 2143/1355/2143
f 2141/1350/2141 2142/1353/2142 2145/1356/2145 2144/1354/2144
f 109/104/109 858/1357/858 2137/1348/2137 1109/1236/1109
f 858/1357/858 859/1358/859 2138/1349/2138 2137/1348/2137
f 859/1358/859 860/1359/860 2139/1352/2139 2138/1349/2138
f 860/1359/860 123/418/123 866/431/866 2139/1352/2139
f 2139/1352/2139 866/431/866 865/430/865 2142/1353/2142
f 2142/1353/2142 865/430/865 864/431/864 2145/1356/2145
f 2145/1356/2145 864/431/864 124/432/124 1112/1344/1112
f 2144/1354/2144 2145/1356/2145 1112/1344/1112 1111/1343/1111
f 2143/1355/2143 2144/1354/2144 1111/1343/1111 1110/1342/1110
f 1107/1238/1107 2143/1355/2143 1110/1342/1110 111/104/111
f 1108/1360/1108 2140/1351/2140 2143/1355/2143 1107/1238/1107
f 1109/1236/1109 2137/1348/2137 2140/1351/2140 1108/1360/1108
f 2146/1340/2146 2147/1361/2147 2150/1112/2150 2149/1112/2149
f 2147/1361/2147 2148/1340/2148 2151/1112/2151 2150/1112/2150
f 2149/1112/2149 2150/1112/2150 2153/1362/2153 2152/1363/2152
f 2150/1112/2150 2151/1112/2151 2154/1364/2154 2153/1362/2153
f 110/35/110 852/1365/852 2146/1340/2146 794/314/794
f 852/1365/852 853/1366/853 2147/1361/2147 2146/1340/2146
f 853/1366/853 854/1345/854 2148/1340/2148 2147/1361/2147
f 854/1345/854 121/35/121 869/314/869 2148/1340/2148
f 2148/1340/2148 869/314/869 868/416/868 2151/1112/2151
f 2151/1112/2151 868/416/868 867/417/867 2154/1364/2154
f 2154/1364/2154 867/417/867 123/418/123 860/1359/860
f 2153/1362/2153 2154/1364/2154 860/1359/860 859/1358/859
f 2152/1363/2152 2153/1362/2153 859/1358/859 858/1357/858
f 792/312/792 2152/1363/2152 858/1357/858 109/104/109
f 793/457/793 2149/1112/2149 2152/1363/2152 792/312/792
f 794/314/794 2146/1340/2146 2149/1112/2149 793/457/793
f 2155/1367/2155 2156/1368/2156 2159/1369/2159 2158/1370/2158
f 2156/1368/2156 2157/1371/2157 2160/1372/2160 2159/1369/2159
f 2158/1370/2158 2159/1369/2159 2162/1373/2162 2161/1374/2161
f 2159/1369/2159 2160/1372/2160 2163/1375/2163 2162/1373/2162
f 112/35/112 1106/1347/1106 2155/1367/2155 1103/507/1103
f 1106/1347/1106 1105/1346/1105 2156/1368/2156 2155/1367/2155
f 1105/1346/1105 1104/1345/1104 2157/1371/2157 2156/1368/2156
f 1104/1345/1104 122/35/122 872/1242/872 2157/1371/2157
f 2157/1371/2157 872/1242/872 871/1245/871 2160/1372/2160
f 2160/1372/2160 871/1245/871 870/1244/870 2163/1375/2163
f 2163/1375/2163 870/1244/870 121/35/121 854/1345/854
f 2162/1373/2162 2163/1375/2163 854/1345/854 853/1366/853
f 2161/1374/2161 2162/1373/2162 853/1366/853 852/1365/852
f 1101/507/1101 2161/1374/2161 852/1365/852 110/35/110
f 1102/507/1102 2158/1370/2158 2161/1374/2161 1101/507/1101
f 1103/507/1103 2155/1367/2155 2158/1370/2158 1102/507/1102
f 2164/1376/2164 2165/1377/2165 2168/1378/2168 2167/1379/2167
f 2165/1377/2165 2166/1380/2166 2169/1381/2169 2168/1378/2168
f 2167/1379/2167 2168/1378/2168 2171/1382/2171 2170/1383/2170
f 2168/1378/2168 2169/1381/2169 2172/1384/2172 2171/1382/2171
f 125/534/125 873/536/873 2164/1376/2164 878/535/878
f 873/536/873 874/548/874 2165/1377/2165 2164/1376/2164
f 874/548/874 875/546/875 2166/1380/2166 2165/1377/2165
f 875/546/875 126/620/126 879/619/879 2166/1380/2166
f 2166/1380/2166 879/619/879 880/618/880 2169/1381/2169
f 2169/1381/2169 880/618/880 881/617/881 2172/1384/2172
f 2172/1384/2172 881/617/881 128/284/128 882/167/882
f 2171/1382/2171 2172/1384/2172 882/167/882 883/318/883
f 2170/1383/2170 2171/1382/2171 883/318/883 884/238/884
f 876/538/876 2170/1383/2170 884/238/884 127/60/127
f 877/537/877 2167/1379/2167 2170/1383/2170 876/538/876
f 878/535/878 2164/1376/2164 2167/1379/2167 877/537/877
f 2173/1385/2173 2174/1386/2174 2177/1387/2177 2176/1388/2176
f 2174/1386/2174 2175/1389/2175 2178/1390/2178 2177/1387/2177
f 2176/1388/2176 2177/1387/2177 2180/1391/2180 2179/1392/2179
f 2177/1387/2177 2178/1390/2178 2181/1393/2181 2180/1391/2180
f 107/245/107 896/60/896 2173/1385/2173 770/250/770
f 896/60/896 895/61/895 2174/1386/2174 2173/1385/2173
f 895/61/895 894/245/894 2175/1389/2175 2174/1386/2174
f 894/245/894 127/171/127 884/238/884 2175/1389/2175
f 2175/1389/2175 884/238/884 883/318/883 2178/1390/2178
f 2178/1390/2178 883/318/883 882/167/882 2181/1393/2181
f 2181/1393/2181 882/167/882 128/140/128 893/1394/893
f 2180/1391/2180 2181/1393/2181 893/1394/893 892/1395/892
f 2179/1392/2179 2180/1391/2180 892/1395/892 891/1396/891
f 768/248/768 2179/1392/2179 891/1396/891 108/140/108
f 769/1177/769 2176/1388/2176 2179/1392/2179 768/248/768
f 770/250/770 2173/1385/2173 2176/1388/2176 769/1177/769
f 2182/1188/2182 2183/1188/2183 2186/51/2186 2185/276/2185
f 2183/1188/2183 2184/1188/2184 2187/51/2187 2186/51/2186
f 2185/276/2185 2186/51/2186 2189/53/2189 2188/53/2188
f 2186/51/2186 2187/51/2187 2190/53/2190 2189/53/2189
f 105/54/105 885/62/885 2182/1188/2182 764/1188/764
f 885/62/885 886/62/886 2183/1188/2183 2182/1188/2182
f 886/62/886 887/62/887 2184/1188/2184 2183/1188/2183
f 887/62/887 125/63/125 878/50/878 2184/1188/2184
f 2184/1188/2184 878/50/878 877/51/877 2187/51/2187
f 2187/51/2187 877/51/877 876/53/876 2190/53/2190
f 2190/53/2190 876/53/876 127/171/127 894/245/894
f 2189/53/2189 2190/53/2190 894/245/894 895/61/895
f 2188/53/2188 2189/53/2189 895/61/895 896/60/896
f 762/1189/762 2188/53/2188 896/60/896 107/245/107
f 763/220/763 2185/276/2185 2188/53/2188 762/1189/762
f 764/1188/764 2182/1188/2182 2185/276/2185 763/220/763
f 2191/1397/2191 2192/1398/2192 2195/1399/2195 2194/1400/2194
f 2192/1398/2192 2193/1401/2193 2196/1402/2196 2195/1399/2195
f 2194/1400/2194 2195/1399/2195 2198/1403/2198 2197/1404/2197
f 2195/1399/2195 2196/1402/2196 2199/1405/2199 2198/1403/2198
f 128/140/128 914/1406/914 2191/1397/2191 893/1407/893
f 914/1406/914 913/1408/913 2192/1398/2192 2191/1397/2191
f 913/1408/913 912/1409/912 2193/1401/2193 2192/1398/2192
f 912/1409/912 132/140/132 908/1410/908 2193/1401/2193
f 2193/1401/2193 908/1410/908 907/1411/907 2196/1402/2196
f 2196/1402/2196 907/1411/907 906/1412/906 2199/1405/2199
f 2199/1405/2199 906/1412/906 130/283/130 911/1413/911
f 2198/1403/2198 2199/1405/2199 911/1413/911 910/1414/910
f 2197/1404/2197 2198/1403/2198 910/1414/910 909/1415/909
f 891/1416/891 2197/1404/2197 909/1415/909 108/140/108
f 892/1395/892 2194/1400/2194 2197/1404/2197 891/1416/891
f 893/1407/893 2191/1397/2191 2194/1400/2194 892/1395/892
f 2200/1417/2200 2201/595/2201 2204/1418/2204 2203/1419/2203
f 2201/595/2201 2202/599/2202 2205/622/2205 2204/1418/2204
f 2203/1419/2203 2204/1418/2204 2207/597/2207 2206/596/2206
f 2204/1418/2204 2205/622/2205 2208/624/2208 2207/597/2207
f 130/283/130 906/1420/906 2200/1417/2200 899/601/899
f 906/1420/906 907/588/907 2201/595/2201 2200/1417/2200
f 907/588/907 908/1410/908 2202/599/2202 2201/595/2201
f 908/1410/908 132/140/132 902/283/902 2202/599/2202
f 2202/599/2202 902/283/902 901/187/901 2205/622/2205
f 2205/622/2205 901/187/901 900/280/900 2208/624/2208
f 2208/624/2208 900/280/900 131/282/131 903/185/903
f 2207/597/2207 2208/624/2208 903/185/903 904/185/904
f 2206/596/2206 2207/597/2207 904/185/904 905/185/905
f 897/1421/897 2206/596/2206 905/185/905 129/149/129
f 898/1422/898 2203/1419/2203 2206/596/2206 897/1421/897
f 899/601/899 2200/1417/2200 2203/1419/2203 898/1422/898
f 2209/1423/2209 2210/1424/2210 2213/1425/2213 2212/1426/2212
f 2210/1424/2210 2211/1423/2211 2214/1426/2214 2213/1425/2213
f 2212/1426/2212 2213/1425/2213 2216/1427/2216 2215/1428/2215
f 2213/1425/2213 2214/1426/2214 2217/1429/2217 2216/1427/2216
f 126/620/126 917/616/917 2209/1423/2209 879/619/879
f 917/616/917 916/616/916 2210/1424/2210 2209/1423/2209
f 916/616/916 915/616/915 2211/1423/2211 2210/1424/2210
f 915/616/915 131/620/131 900/619/900 2211/1423/2211
f 2211/1423/2211 900/619/900 901/618/901 2214/1426/2214
f 2214/1426/2214 901/618/901 902/617/902 2217/1429/2217
f 2217/1429/2217 902/617/902 132/140/132 912/1409/912
f 2216/1427/2216 2217/1429/2217 912/1409/912 913/1408/913
f 2215/1428/2215 2216/1427/2216 913/1408/913 914/1406/914
f 881/617/881 2215/1428/2215 914/1406/914 128/140/128
f 880/618/880 2212/1426/2212 2215/1428/2215 881/617/881
f 879/619/879 2209/1423/2209 2212/1426/2212 880/618/880
f 2218/251/2218 2219/251/2219 2222/251/2222 2221/251/2221
f 2219/251/2219 2220/251/2220 2223/251/2223 2222/251/2222
f 2221/251/2221 2222/251/2222 2225/251/2225 2224/251/2224
f 2222/251/2222 2223/251/2223 2226/251/2226 2225/251/2225
f 106/251/106 920/251/920 2218/251/2218 890/251/890
f 920/251/920 919/251/919 2219/251/2219 2218/251/2218
f 919/251/919 918/251/918 2220/251/2220 2219/251/2219
f 918/251/918 129/251/129 905/251/905 2220/251/2220
f 2220/251/2220 905/251/905 904/251/904 2223/251/2223
f 2223/251/2223 904/251/904 903/251/903 2226/251/2226
f 2226/251/2226 903/251/903 131/251/131 915/251/915
f 2225/251/2225 2226/251/2226 915/251/915 916/251/916
f 2224/251/2224 2225/251/2225 916/251/916 917/251/917
f 888/251/888 2224/251/2224 917/251/917 126/251/126
f 889/251/889 2221/251/2221 2224/251/2224 888/251/888
f 890/251/890 2218/251/2218 2221/251/2221 889/251/889
f 2227/1430/2227 2228/623/2228 2231/1418/2231 2230/1431/2230
f 2228/623/2228 2229/1432/2229 2232/593/2232 2231/1418/2231
f 2230/1431/2230 2231/1418/2231 2234/625/2234 2233/1433/2233
f 2231/1418/2231 2232/593/2232 2235/596/2235 2234/625/2234
f 108/140/108 909/1415/909 2227/1430/2227 767/1197/767
f 909/1415/909 910/1414/910 2228/623/2228 2227/1430/2227
f 910/1414/910 911/1413/911 2229/1432/2229 2228/623/2228
f 911/1413/911 130/283/130 899/601/899 2229/1432/2229
f 2229/1432/2229 899/601/899 898/1422/898 2232/593/2232
f 2232/593/2232 898/1422/898 897/1421/897 2235/596/2235
f 2235/596/2235 897/1421/897 129/149/129 918/185/918
f 2234/625/2234 2235/596/2235 918/185/918 919/185/919
f 2233/1433/2233 2234/625/2234 919/185/919 920/185/920
f 765/1199/765 2233/1433/2233 920/185/920 106/149/106
f 766/1198/766 2230/1431/2230 2233/1433/2233 765/1199/765
f 767/1197/767 2227/1430/2227 2230/1431/2230 766/1198/766
f 2236/251/2236 2237/251/2237 2240/251/2240 2239/251/2239
f 2237/251/2237 2238/251/2238 2241/251/2241 2240/251/2240
f 2239/251/2239 2240/251/2240 2243/251/2243 2242/251/2242
f 2240/251/2240 2241/251/2241 2244/251/2244 2243/251/2243
f 104/251/104 930/251/930 2236/251/2236 737/251/737
f 930/251/930 931/251/931 2237/251/2237 2236/251/2236
f 931/251/931 932/251/932 2238/251/2238 2237/251/2237
f 932/251/932 136/251/136 935/251/935 2238/251/2238
f 2238/251/2238 935/251/935 934/251/934 2241/251/2241
f 2241/251/2241 934/251/934 933/251/933 2244/251/2244
f 2244/251/2244 933/251/933 135/251/135 777/251/777
f 2243/251/2243 2244/251/2244 777/251/777 778/251/778
f 2242/251/2242 2243/251/2243 778/251/778 779/251/779
f 735/251/735 2242/251/2242 779/251/779 103/251/103
f 736/251/736 2239/251/2239 2242/251/2242 735/251/735
f 737/251/737 2236/251/2236 2239/251/2239 736/251/736
f 2245/283/2245 2246/283/2246 2249/187/2249 2248/187/2248
f 2246/283/2246 2247/283/2247 2250/187/2250 2249/187/2249
f 2248/187/2248 2249/187/2249 2252/186/2252 2251/186/2251
f 2249/187/2249 2250/187/2250 2253/186/2253 2252/186/2252
f 102/284/102 921/247/921 2245/283/2245 743/283/743
f 921/247/921 922/247/922 2246/283/2246 2245/283/2245
f 922/247/922 923/140/923 2247/283/2247 2246/283/2246
f 923/140/923 133/140/133 938/281/938 2247/283/2247
f 2247/283/2247 938/281/938 937/187/937 2250/187/2250
f 2250/187/2250 937/187/937 936/280/936 2253/186/2253
f 2253/186/2253 936/280/936 136/282/136 932/185/932
f 2252/186/2252 2253/186/2253 932/185/932 931/185/931
f 2251/186/2251 2252/186/2252 931/185/931 930/185/930
f 741/280/741 2251/186/2251 930/185/930 104/282/104
f 742/187/742 2248/187/2248 2251/186/2251 741/280/741
f 743/283/743 2245/283/2245 2248/187/2248 742/187/742
f 2254/1188/2254 2255/1188/2255 2258/220/2258 2257/276/2257
f 2255/1188/2255 2256/1188/2256 2259/276/2259 2258/220/2258
f 2257/276/2257 2258/220/2258 2261/1189/2261 2260/53/2260
f 2258/220/2258 2259/276/2259 2262/53/2262 2261/1189/2261
f 103/54/103 779/62/779 2254/1188/2254 740/1188/740
f 779/62/779 778/62/778 2255/1188/2255 2254/1188/2254
f 778/62/778 777/278/777 2256/1188/2256 2255/1188/2255
f 777/278/777 135/277/135 941/1188/941 2256/1188/2256
f 2256/1188/2256 941/1188/941 940/220/940 2259/276/2259
f 2259/276/2259 940/220/940 939/1189/939 2262/53/2262
f 2262/53/2262 939/1189/939 134/245/134 774/60/774
f 2261/1189/2261 2262/53/2262 774/60/774 775/245/775
f 2260/53/2260 2261/1189/2261 775/245/775 776/60/776
f 738/1189/738 2260/53/2260 776/60/776 101/245/101
f 739/220/739 2257/276/2257 2260/53/2260 738/1189/738
f 740/1188/740 2254/1188/2254 2257/276/2257 739/220/739
f 2263/238/2263 2264/240/2264 2267/239/2267 2266/239/2266
f 2264/240/2264 2265/238/2265 2268/239/2268 2267/239/2267
f 2266/239/2266 2267/239/2267 2270/167/2270 2269/167/2269
f 2267/239/2267 2268/239/2268 2271/167/2271 2270/167/2270
f 101/245/101 776/60/776 2263/238/2263 746/240/746
f 776/60/776 775/245/775 2264/240/2264 2263/238/2263
f 775/245/775 774/60/774 2265/238/2265 2264/240/2264
f 774/60/774 134/245/134 944/240/944 2265/238/2265
f 2265/238/2265 944/240/944 943/239/943 2268/239/2268
f 2268/239/2268 943/239/943 942/167/942 2271/167/2271
f 2271/167/2271 942/167/942 133/246/133 923/140/923
f 2270/167/2270 2271/167/2271 923/140/923 922/247/922
f 2269/167/2269 2270/167/2270 922/247/922 921/247/921
f 744/167/744 2269/167/2269 921/247/921 102/140/102
f 745/239/745 2266/239/2266 2269/167/2269 744/167/744
f 746/240/746 2263/238/2263 2266/239/2266 745/239/745
f 2272/1434/2272 2273/1435/2273 2276/1436/2276 2275/1437/2275
f 2273/1435/2273 2274/1438/2274 2277/637/2277 2276/1436/2276
f 2275/1437/2275 2276/1436/2276 2279/1439/2279 2278/635/2278
f 2276/1436/2276 2277/637/2277 2280/1440/2280 2279/1439/2279
f 81/1441/81 596/1442/596 2272/1434/2272 1061/1443/1061
f 596/1442/596 595/973/595 2273/1435/2273 2272/1434/2272
f 595/973/595 594/640/594 2274/1438/2274 2273/1435/2273
f 594/640/594 60/973/60 962/1444/962 2274/1438/2274
f 2274/1438/2274 962/1444/962 961/1445/961 2277/637/2277
f 2277/637/2277 961/1445/961 960/1446/960 2280/1440/2280
f 2280/1440/2280 960/1446/960 139/1447/139 953/1448/953
f 2279/1439/2279 2280/1440/2280 953/1448/953 952/1449/952
f 2278/635/2278 2279/1439/2279 952/1449/952 951/1450/951
f 1059/1451/1059 2278/635/2278 951/1450/951 152/1055/152
f 1060/967/1060 2275/1437/2275 2278/635/2278 1059/1451/1059
f 1061/1443/1061 2272/1434/2272 2275/1437/2275 1060/967/1060
f 2281/1452/2281 2282/1453/2282 2285/729/2285 2284/1454/2284
f 2282/1453/2282 2283/1455/2283 2286/1456/2286 2285/729/2285
f 2284/1454/2284 2285/729/2285 2288/1457/2288 2287/1458/2287
f 2285/729/2285 2286/1456/2286 2289/1459/2289 2288/1457/2288
f 91/15/91 690/19/690 2281/1452/2281 695/742/695
f 690/19/690 691/380/691 2282/1453/2282 2281/1452/2281
f 691/380/691 692/380/692 2283/1455/2283 2282/1453/2282
f 692/380/692 138/380/138 956/1460/956 2283/1455/2283
f 2283/1455/2283 956/1460/956 955/671/955 2286/1456/2286
f 2286/1456/2286 955/671/955 954/707/954 2289/1459/2289
f 2289/1459/2289 954/707/954 58/669/58 473/1461/473
f 2288/1457/2288 2289/1459/2289 473/1461/473 472/1462/472
f 2287/1458/2287 2288/1457/2288 472/1462/472 471/1463/471
f 693/740/693 2287/1458/2287 471/1463/471 5/96/5
f 694/741/694 2284/1454/2284 2287/1458/2287 693/740/693
f 695/742/695 2281/1452/2281 2284/1454/2284 694/741/694
f 2290/1464/2290 2291/1465/2291 2294/1466/2294 2293/1467/2293
f 2291/1465/2291 2292/1468/2292 2295/1469/2295 2294/1466/2294
f 2293/1467/2293 2294/1466/2294 2297/1470/2297 2296/1471/2296
f 2294/1466/2294 2295/1469/2295 2298/1472/2298 2297/1470/2297
f 7/43/7 476/1473/476 2290/1464/2290 683/924/683
f 476/1473/476 475/1474/475 2291/1465/2291 2290/1464/2290
f 475/1474/475 474/1475/474 2292/1468/2292 2291/1465/2291
f 474/1475/474 56/1441/56 947/1443/947 2292/1468/2292
f 2292/1468/2292 947/1443/947 946/963/946 2295/1469/2295
f 2295/1469/2295 946/963/946 945/1451/945 2298/1472/2298
f 2298/1472/2298 945/1451/945 137/1055/137 957/1054/957
f 2297/1470/2297 2298/1472/2298 957/1054/957 958/1053/958
f 2296/1471/2296 2297/1470/2297 958/1053/958 959/1051/959
f 681/922/681 2296/1471/2296 959/1051/959 93/78/93
f 682/923/682 2293/1467/2293 2296/1471/2296 681/922/681
f 683/924/683 2290/1464/2290 2293/1467/2293 682/923/682
f 2299/114/2299 2300/1476/2300 2303/439/2303 2302/1477/2302
f 2300/1476/2300 2301/442/2301 2304/441/2304 2303/439/2303
f 2302/1477/2302 2303/439/2303 2306/412/2306 2305/409/2305
f 2303/439/2303 2304/441/2304 2307/106/2307 2306/412/2306
f 115/104/115 1044/1478/1044 2299/114/2299 810/312/810
f 1044/1478/1044 1045/433/1045 2300/1476/2300 2299/114/2299
f 1045/433/1045 1046/1479/1046 2301/442/2301 2300/1476/2300
f 1046/1479/1046 99/400/99 986/1309/986 2301/442/2301
f 2301/442/2301 986/1309/986 985/446/985 2304/441/2304
f 2304/441/2304 985/446/985 984/476/984 2307/106/2307
f 2307/106/2307 984/476/984 149/115/149 725/1480/725
f 2306/412/2306 2307/106/2307 725/1480/725 724/365/724
f 2305/409/2305 2306/412/2306 724/365/724 723/1481/723
f 812/314/812 2305/409/2305 723/1481/723 116/35/116
f 811/313/811 2302/1477/2302 2305/409/2305 812/314/812
f 810/312/810 2299/114/2299 2302/1477/2302 811/313/811
f 2308/702/2308 2309/1482/2309 2312/1483/2312 2311/708/2311
f 2309/1482/2309 2310/1484/2310 2313/704/2313 2312/1483/2312
f 2311/708/2311 2312/1483/2312 2315/670/2315 2314/670/2314
f 2312/1483/2312 2313/704/2313 2316/670/2316 2315/670/2315
f 153/380/153 1052/1485/1052 2308/702/2308 1058/702/1058
f 1052/1485/1052 1051/380/1051 2309/1482/2309 2308/702/2308
f 1051/380/1051 1050/380/1050 2310/1484/2310 2309/1482/2309
f 1050/380/1050 140/380/140 971/702/971 2310/1484/2310
f 2310/1484/2310 971/702/971 970/704/970 2313/704/2313
f 2313/704/2313 970/704/970 969/670/969 2316/670/2316
f 2316/670/2316 969/670/969 62/711/62 494/669/494
f 2315/670/2315 2316/670/2316 494/669/494 493/669/493
f 2314/670/2314 2315/670/2315 493/669/493 492/1486/492
f 1056/670/1056 2314/670/2314 492/1486/492 82/711/82
f 1057/704/1057 2311/708/2311 2314/670/2314 1056/670/1056
f 1058/702/1058 2308/702/2308 2311/708/2311 1057/704/1057
f 2317/715/2317 2318/1487/2318 2321/1488/2321 2320/1489/2320
f 2318/1487/2318 2319/1490/2319 2322/1491/2322 2321/1488/2321
f 2320/1489/2320 2321/1488/2321 2324/1492/2324 2323/719/2323
f 2321/1488/2321 2322/1491/2322 2325/1493/2325 2324/1492/2324
f 152/1055/152 951/1450/951 2317/715/2317 1055/1056/1055
f 951/1450/951 952/1449/952 2318/1487/2318 2317/715/2317
f 952/1449/952 953/1448/953 2319/1490/2319 2318/1487/2318
f 953/1448/953 139/1447/139 965/726/965 2319/1490/2319
f 2319/1490/2319 965/726/965 964/1494/964 2322/1491/2322
f 2322/1491/2322 964/1494/964 963/1495/963 2325/1493/2325
f 2325/1493/2325 963/1495/963 140/380/140 1050/380/1050
f 2324/1492/2324 2325/1493/2325 1050/380/1050 1051/380/1051
f 2323/719/2323 2324/1492/2324 1051/380/1051 1052/380/1052
f 1053/1057/1053 2323/719/2323 1052/380/1052 153/380/153
f 1054/952/1054 2320/1489/2320 2323/719/2323 1053/1057/1053
f 1055/1056/1055 2317/715/2317 2320/1489/2320 1054/952/1054
f 2326/1455/2326 2327/1496/2327 2330/1497/2330 2329/1456/2329
f 2327/1496/2327 2328/1452/2328 2331/1498/2331 2330/1497/2330
f 2329/1456/2329 2330/1497/2330 2333/1499/2333 2332/1500/2332
f 2330/1497/2330 2331/1498/2331 2334/1501/2334 2333/1499/2333
f 143/380/143 1001/380/1001 2326/1455/2326 983/1460/983
f 1001/380/1001 1000/19/1000 2327/1496/2327 2326/1455/2326
f 1000/19/1000 999/380/999 2328/1452/2328 2327/1496/2327
f 999/380/999 145/15/145 998/742/998 2328/1452/2328
f 2328/1452/2328 998/742/998 997/741/997 2331/1498/2331
f 2331/1498/2331 997/741/997 996/740/996 2334/1501/2334
f 2334/1501/2334 996/740/996 70/96/70 530/1502/530
f 2333/1499/2333 2334/1501/2334 530/1502/530 529/738/529
f 2332/1500/2332 2333/1499/2333 529/738/529 528/1503/528
f 981/707/981 2332/1500/2332 528/1503/528 66/669/66
f 982/671/982 2329/1456/2329 2332/1500/2332 981/707/981
f 983/1460/983 2326/1455/2326 2329/1456/2329 982/671/982
f 2335/702/2335 2336/1482/2336 2339/1483/2339 2338/708/2338
f 2336/1482/2336 2337/1484/2337 2340/704/2340 2339/1483/2339
f 2338/708/2338 2339/1483/2339 2342/670/2342 2341/670/2341
f 2339/1483/2339 2340/704/2340 2343/670/2343 2342/670/2342
f 140/380/140 989/1485/989 2335/702/2335 971/702/971
f 989/1485/989 988/380/988 2336/1482/2336 2335/702/2335
f 988/380/988 987/380/987 2337/1484/2337 2336/1482/2336
f 987/380/987 143/380/143 983/702/983 2337/1484/2337
f 2337/1484/2337 983/702/983 982/704/982 2340/704/2340
f 2340/704/2340 982/704/982 981/670/981 2343/670/2343
f 2343/670/2343 981/670/981 66/711/66 512/669/512
f 2342/670/2342 2343/670/2343 512/669/512 511/669/511
f 2341/670/2341 2342/670/2342 511/669/511 510/1486/510
f 969/670/969 2341/670/2341 510/1486/510 62/711/62
f 970/704/970 2338/708/2338 2341/670/2341 969/670/969
f 971/702/971 2335/702/2335 2338/708/2338 970/704/970
f 2344/1504/2344 2345/1505/2345 2348/1506/2348 2347/1507/2347
f 2345/1505/2345 2346/752/2346 2349/1508/2349 2348/1506/2348
f 2347/1507/2347 2348/1506/2348 2351/1509/2351 2350/749/2350
f 2348/1506/2348 2349/1508/2349 2352/1510/2352 2351/1509/2351
f 139/1447/139 966/754/966 2344/1504/2344 965/726/965
f 966/754/966 967/760/967 2345/1505/2345 2344/1504/2344
f 967/760/967 968/1511/968 2346/752/2346 2345/1505/2345
f 968/1511/968 141/759/141 980/1512/980 2346/752/2346
f 2346/752/2346 980/1512/980 979/1513/979 2349/1508/2349
f 2349/1508/2349 979/1513/979 978/1514/978 2352/1510/2352
f 2352/1510/2352 978/1514/978 143/380/143 987/380/987
f 2351/1509/2351 2352/1510/2352 987/380/987 988/380/988
f 2350/749/2350 2351/1509/2351 988/380/988 989/380/989
f 963/1495/963 2350/749/2350 989/380/989 140/380/140
f 964/1494/964 2347/1507/2347 2350/749/2350 963/1495/963
f 965/726/965 2344/1504/2344 2347/1507/2347 964/1494/964
f 2353/1515/2353 2354/1516/2354 2357/1517/2357 2356/1518/2356
f 2354/1516/2354 2355/1519/2355 2358/1520/2358 2357/1517/2357
f 2356/1518/2356 2357/1517/2357 2360/1521/2360 2359/1522/2359
f 2357/1517/2357 2358/1520/2358 2361/1523/2361 2360/1521/2360
f 145/380/145 993/386/993 2353/1515/2353 998/770/998
f 993/386/993 994/385/994 2354/1516/2354 2353/1515/2353
f 994/385/994 995/384/995 2355/1519/2355 2354/1516/2354
f 995/384/995 144/1075/144 990/950/990 2355/1519/2355
f 2355/1519/2355 990/950/990 991/949/991 2358/1520/2358
f 2358/1520/2358 991/949/991 992/948/992 2361/1523/2361
f 2361/1523/2361 992/948/992 68/1524/68 522/777/522
f 2360/1521/2360 2361/1523/2361 522/777/522 523/776/523
f 2359/1522/2359 2360/1521/2360 523/776/523 524/775/524
f 996/773/996 2359/1522/2359 524/775/524 70/774/70
f 997/772/997 2356/1518/2356 2359/1522/2359 996/773/996
f 998/770/998 2353/1515/2353 2356/1518/2356 997/772/997
f 2362/1525/2362 2363/1526/2363 2366/1527/2366 2365/1528/2365
f 2363/1526/2363 2364/1529/2364 2367/1530/2367 2366/1527/2366
f 2365/1528/2365 2366/1527/2366 2369/1531/2369 2368/1532/2368
f 2366/1527/2366 2367/1530/2367 2370/1533/2370 2369/1531/2369
f 141/759/141 1004/1534/1004 2362/1525/2362 980/1512/980
f 1004/1534/1004 1003/1535/1003 2363/1526/2363 2362/1525/2362
f 1003/1535/1003 1002/1536/1002 2364/1529/2364 2363/1526/2363
f 1002/1536/1002 144/78/144 995/384/995 2364/1529/2364
f 2364/1529/2364 995/384/995 994/1537/994 2367/1530/2367
f 2367/1530/2367 994/1537/994 993/386/993 2370/1533/2370
f 2370/1533/2370 993/386/993 145/15/145 999/380/999
f 2369/1531/2369 2370/1533/2370 999/380/999 1000/19/1000
f 2368/1532/2368 2369/1531/2369 1000/19/1000 1001/380/1001
f 978/1514/978 2368/1532/2368 1001/380/1001 143/380/143
f 979/1513/979 2365/1528/2365 2368/1532/2368 978/1514/978
f 980/1512/980 2362/1525/2362 2365/1528/2365 979/1513/979
f 2372/1538/2372 2373/1539/2373 2371/1540/2371 2377/1541/2377
f 2374/1542/2374 2375/1543/2375 2371/1540/2371 2373/1544/2373
f 2376/802/2376 2377/799/2377 2371/1540/2371 2375/1545/2375
f 139/1447/139 1065/1546/1065 2372/1538/2372 966/754/966
f 1065/1546/1065 1066/808/1066 2373/1539/2373 2372/1538/2372
f 966/754/966 2372/1538/2372 2377/1541/2377 967/760/967
f 148/813/148 977/871/977 2374/1542/2374 1067/1547/1067
f 977/871/977 976/868/976 2375/1543/2375 2374/1542/2374
f 1067/1547/1067 2374/1542/2374 2373/1544/2373 1066/1548/1066
f 141/866/141 968/1549/968 2376/802/2376 975/867/975
f 968/1549/968 967/1550/967 2377/799/2377 2376/802/2376
f 975/867/975 2376/802/2376 2375/1545/2375 976/868/976
f 2378/1551/2378 2379/1552/2379 2382/1553/2382 2381/1554/2381
f 2379/1552/2379 2380/1555/2380 2383/1556/2383 2382/1553/2382
f 2381/1554/2381 2382/1553/2382 2385/1557/2385 2384/1558/2384
f 2382/1553/2382 2383/1556/2383 2386/1559/2386 2385/1557/2385
f 148/813/148 1014/1560/1014 2378/1551/2378 1064/1561/1064
f 1014/1560/1014 1015/1562/1015 2379/1552/2379 2378/1551/2378
f 1015/1562/1015 1016/1563/1016 2380/1555/2380 2379/1552/2379
f 1016/1563/1016 150/838/150 1040/920/1040 2380/1555/2380
f 2380/1555/2380 1040/920/1040 1039/1564/1039 2383/1556/2383
f 2383/1556/2383 1039/1564/1039 1038/1565/1038 2386/1559/2386
f 2386/1559/2386 1038/1565/1038 151/78/151 1025/1566/1025
f 2385/1557/2385 2386/1559/2386 1025/1566/1025 1024/1567/1024
f 2384/1558/2384 2385/1557/2385 1024/1567/1024 1023/1568/1023
f 1062/1569/1062 2384/1558/2384 1023/1568/1023 144/78/144
f 1063/1570/1063 2381/1554/2381 2384/1558/2384 1062/1569/1062
f 1064/1561/1064 2378/1551/2378 2381/1554/2381 1063/1570/1063
f 2387/1571/2387 2388/1572/2388 2391/842/2391 2390/1573/2390
f 2388/1572/2388 2389/847/2389 2392/1574/2392 2391/842/2391
f 2390/1573/2390 2391/842/2391 2394/1575/2394 2393/1576/2393
f 2391/842/2391 2392/1574/2392 2395/1577/2395 2394/1575/2394
f 139/1447/139 1070/1578/1070 2387/1571/2387 1065/849/1065
f 1070/1578/1070 1069/1579/1069 2388/1572/2388 2387/1571/2387
f 1069/1579/1069 1068/1580/1068 2389/847/2389 2388/1572/2388
f 1068/1580/1068 142/855/142 1029/1581/1029 2389/847/2389
f 2389/847/2389 1029/1581/1029 1030/852/1030 2392/1574/2392
f 2392/1574/2392 1030/852/1030 1031/1582/1031 2395/1577/2395
f 2395/1577/2395 1031/1582/1031 150/838/150 1016/1563/1016
f 2394/1575/2394 2395/1577/2395 1016/1563/1016 1015/1562/1015
f 2393/1576/2393 2394/1575/2394 1015/1562/1015 1014/1560/1014
f 1067/1583/1067 2393/1576/2393 1014/1560/1014 148/813/148
f 1066/808/1066 2390/1573/2390 2393/1576/2393 1067/1583/1067
f 1065/849/1065 2387/1571/2387 2390/1573/2390 1066/808/1066
f 2397/1584/2397 2398/1585/2398 2396/1586/2396 2402/1587/2402
f 2399/1588/2399 2400/1589/2400 2396/1586/2396 2398/1590/2398
f 2401/1591/2401 2402/1592/2402 2396/1586/2396 2400/1593/2400
f 141/809/141 975/867/975 2397/1584/2397 1004/1594/1004
f 975/867/975 976/812/976 2398/1585/2398 2397/1584/2397
f 1004/1594/1004 2397/1584/2397 2402/1587/2402 1003/1595/1003
f 148/813/148 1064/1596/1064 2399/1588/2399 977/1597/977
f 1064/1596/1064 1063/1598/1063 2400/1589/2400 2399/1588/2399
f 977/1597/977 2399/1588/2399 2398/1590/2398 976/817/976
f 144/78/144 1002/1599/1002 2401/1591/2401 1062/1600/1062
f 1002/1599/1002 1003/1601/1003 2402/1592/2402 2401/1591/2401
f 1062/1600/1062 2401/1591/2401 2400/1593/2400 1063/1602/1063
f 2403/1603/2403 2404/1604/2404 2407/1605/2407 2406/1606/2406
f 2404/1604/2404 2405/1607/2405 2408/880/2408 2407/1605/2407
f 2406/1606/2406 2407/1605/2407 2410/879/2410 2409/1608/2409
f 2407/1605/2407 2408/880/2408 2411/1609/2411 2410/879/2410
f 147/129/147 1079/1610/1079 2403/1603/2403 669/1611/669
f 1079/1610/1079 1078/1612/1078 2404/1604/2404 2403/1603/2403
f 1078/1612/1078 1077/521/1077 2405/1607/2405 2404/1604/2404
f 1077/521/1077 146/129/146 1011/521/1011 2405/1607/2405
f 2405/1607/2405 1011/521/1011 1012/507/1012 2408/880/2408
f 2408/880/2408 1012/507/1012 1013/521/1013 2411/1609/2411
f 2411/1609/2411 1013/521/1013 154/496/154 1076/888/1076
f 2410/879/2410 2411/1609/2411 1076/888/1076 1075/492/1075
f 2409/1608/2409 2410/879/2410 1075/492/1075 1074/886/1074
f 671/1613/671 2409/1608/2409 1074/886/1074 149/115/149
f 670/1614/670 2406/1606/2406 2409/1608/2409 671/1613/671
f 669/1611/669 2403/1603/2403 2406/1606/2406 670/1614/670
f 2412/891/2412 2413/1615/2413 2416/1616/2416 2415/892/2415
f 2413/1615/2413 2414/1617/2414 2417/1618/2417 2416/1616/2416
f 2415/892/2415 2416/1616/2416 2419/1619/2419 2418/895/2418
f 2416/1616/2416 2417/1618/2417 2420/899/2420 2419/1619/2419
f 75/973/75 575/640/575 2412/891/2412 1028/1620/1028
f 575/640/575 574/973/574 2413/1615/2413 2412/891/2412
f 574/973/574 573/640/573 2414/1617/2414 2413/1615/2413
f 573/640/573 77/973/77 1034/1621/1034 2414/1617/2414
f 2414/1617/2414 1034/1621/1034 1033/1622/1033 2417/1618/2417
f 2417/1618/2417 1033/1622/1033 1032/907/1032 2420/899/2420
f 2420/899/2420 1032/907/1032 150/1623/150 1031/1624/1031
f 2419/1619/2419 2420/899/2420 1031/1624/1031 1030/1625/1030
f 2418/895/2418 2419/1619/2419 1030/1625/1030 1029/903/1029
f 1026/1626/1026 2418/895/2418 1029/903/1029 142/855/142
f 1027/1627/1027 2415/892/2415 2418/895/2418 1026/1626/1026
f 1028/1620/1028 2412/891/2412 2415/892/2415 1027/1627/1027
f 2421/1628/2421 2422/1629/2422 2425/1630/2425 2424/1631/2424
f 2422/1629/2422 2423/1632/2423 2426/1633/2426 2425/1630/2425
f 2424/1631/2424 2425/1630/2425 2428/915/2428 2427/914/2427
f 2425/1630/2425 2426/1633/2426 2429/1634/2429 2428/915/2428
f 77/973/77 572/1635/572 2421/1628/2421 1034/1621/1034
f 572/1635/572 571/926/571 2422/1629/2422 2421/1628/2421
f 571/926/571 570/925/570 2423/1632/2423 2422/1629/2422
f 570/925/570 78/43/78 1037/924/1037 2423/1632/2423
f 2423/1632/2423 1037/924/1037 1036/923/1036 2426/1633/2426
f 2426/1633/2426 1036/923/1036 1035/922/1035 2429/1634/2429
f 2429/1634/2429 1035/922/1035 151/78/151 1038/1636/1038
f 2428/915/2428 2429/1634/2429 1038/1636/1038 1039/835/1039
f 2427/914/2427 2428/915/2428 1039/835/1039 1040/920/1040
f 1032/907/1032 2427/914/2427 1040/920/1040 150/1623/150
f 1033/1622/1033 2424/1631/2424 2427/914/2427 1032/907/1032
f 1034/1621/1034 2421/1628/2421 2424/1631/2424 1033/1622/1033
f 2430/927/2430 2431/1637/2431 2434/1638/2434 2433/928/2433
f 2431/1637/2431 2432/1639/2432 2435/1640/2435 2434/1638/2434
f 2433/928/2433 2434/1638/2434 2437/1641/2437 2436/931/2436
f 2434/1638/2434 2435/1640/2435 2438/1642/2438 2437/1641/2437
f 60/973/60 557/640/557 2430/927/2430 962/1444/962
f 557/640/557 556/973/556 2431/1637/2431 2430/927/2430
f 556/973/556 555/640/555 2432/1639/2432 2431/1637/2431
f 555/640/555 75/973/75 1028/1620/1028 2432/1639/2432
f 2432/1639/2432 1028/1620/1028 1027/1627/1027 2435/1640/2435
f 2435/1640/2435 1027/1627/1027 1026/1626/1026 2438/1642/2438
f 2438/1642/2438 1026/1626/1026 142/855/142 1068/1580/1068
f 2437/1641/2437 2438/1642/2438 1068/1580/1068 1069/1579/1069
f 2436/931/2436 2437/1641/2437 1069/1579/1069 1070/1578/1070
f 960/1446/960 2436/931/2436 1070/1578/1070 139/1447/139
f 961/1445/961 2433/928/2433 2436/931/2436 960/1446/960
f 962/1444/962 2430/927/2430 2433/928/2433 961/1445/961
f 2439/1643/2439 2440/1644/2440 2443/1645/2443 2442/1646/2442
f 2440/1644/2440 2441/1647/2441 2444/1648/2444 2443/1645/2443
f 2442/1646/2442 2443/1645/2443 2446/1649/2446 2445/1650/2445
f 2443/1645/2443 2444/1648/2444 2447/1651/2447 2446/1649/2446
f 144/78/144 1023/1568/1023 2439/1643/2439 990/950/990
f 1023/1568/1023 1024/1567/1024 2440/1644/2440 2439/1643/2439
f 1024/1567/1024 1025/1566/1025 2441/1647/2441 2440/1644/2440
f 1025/1566/1025 151/78/151 1035/950/1035 2441/1647/2441
f 2441/1647/2441 1035/950/1035 1036/949/1036 2444/1648/2444
f 2444/1648/2444 1036/949/1036 1037/948/1037 2447/1651/2447
f 2447/1651/2447 1037/948/1037 78/778/78 590/1652/590
f 2446/1649/2446 2447/1651/2447 590/1652/590 589/1653/589
f 2445/1650/2445 2446/1649/2446 589/1653/589 588/1654/588
f 992/948/992 2445/1650/2445 588/1654/588 68/778/68
f 991/949/991 2442/1646/2442 2445/1650/2445 992/948/992
f 990/950/990 2439/1643/2439 2442/1646/2442 991/949/991
f 2448/1655/2448 2449/1655/2449 2452/1656/2452 2451/1657/2451
f 2449/1655/2449 2450/1658/2450 2453/1657/2453 2452/1656/2452
f 2451/1657/2451 2452/1656/2452 2455/1057/2455 2454/20/2454
f 2452/1656/2452 2453/1657/2453 2456/20/2456 2455/1057/2455
f 137/1659/137 1047/958/1047 2448/1655/2448 950/1655/950
f 1047/958/1047 1048/1659/1048 2449/1655/2449 2448/1655/2448
f 1048/1659/1048 1049/959/1049 2450/1658/2450 2449/1655/2449
f 1049/959/1049 152/1659/152 1055/1655/1055 2450/1658/2450
f 2450/1658/2450 1055/1655/1055 1054/1657/1054 2453/1657/2453
f 2453/1657/2453 1054/1657/1054 1053/20/1053 2456/20/2456
f 2456/20/2456 1053/20/1053 153/380/153 972/380/972
f 2455/1057/2455 2456/20/2456 972/380/972 973/380/973
f 2454/20/2454 2455/1057/2455 973/380/973 974/1485/974
f 948/20/948 2454/20/2454 974/1485/974 138/380/138
f 949/1657/949 2451/1657/2451 2454/20/2454 948/20/948
f 950/1655/950 2448/1655/2448 2451/1657/2451 949/1657/949
f 2457/702/2457 2458/1482/2458 2461/1483/2461 2460/708/2460
f 2458/1482/2458 2459/1484/2459 2462/704/2462 2461/1483/2461
f 2460/708/2460 2461/1483/2461 2464/670/2464 2463/670/2463
f 2461/1483/2461 2462/704/2462 2465/670/2465 2464/670/2464
f 138/380/138 974/1485/974 2457/702/2457 956/702/956
f 974/1485/974 973/380/973 2458/1482/2458 2457/702/2457
f 973/380/973 972/380/972 2459/1484/2459 2458/1482/2458
f 972/380/972 153/380/153 1058/702/1058 2459/1484/2459
f 2459/1484/2459 1058/702/1058 1057/704/1057 2462/704/2462
f 2462/704/2462 1057/704/1057 1056/670/1056 2465/670/2465
f 2465/670/2465 1056/670/1056 82/711/82 599/669/599
f 2464/670/2464 2465/670/2465 599/669/599 598/669/598
f 2463/670/2463 2464/670/2464 598/669/598 597/1486/597
f 954/670/954 2463/670/2463 597/1486/597 58/711/58
f 955/704/955 2460/708/2460 2463/670/2463 954/670/954
f 956/702/956 2457/702/2457 2460/708/2460 955/704/955
f 2466/1660/2466 2467/1661/2467 2470/1662/2470 2469/962/2469
f 2467/1661/2467 2468/970/2468 2471/963/2471 2470/1662/2470
f 2469/962/2469 2470/1662/2470 2473/1451/2473 2472/1663/2472
f 2470/1662/2470 2471/963/2471 2474/1663/2474 2473/1451/2473
f 56/973/56 491/973/491 2466/1660/2466 947/1660/947
f 491/973/491 490/1664/490 2467/1661/2467 2466/1660/2466
f 490/1664/490 489/1665/489 2468/970/2468 2467/1661/2467
f 489/1665/489 81/973/81 1061/1660/1061 2468/970/2468
f 2468/970/2468 1061/1660/1061 1060/643/1060 2471/963/2471
f 2471/963/2471 1060/643/1060 1059/1666/1059 2474/1663/2474
f 2474/1663/2474 1059/1666/1059 152/1659/152 1049/959/1049
f 2473/1451/2473 2474/1663/2474 1049/959/1049 1048/1659/1048
f 2472/1663/2472 2473/1451/2473 1048/1659/1048 1047/958/1047
f 945/972/945 2472/1663/2472 1047/958/1047 137/1659/137
f 946/1667/946 2469/962/2469 2472/1663/2472 945/972/945
f 947/1660/947 2466/1660/2466 2469/962/2469 946/1667/946
f 2475/1668/2475 2476/1669/2476 2479/1670/2479 2478/1671/2478
f 2476/1669/2476 2477/1284/2477 2480/1672/2480 2479/1670/2479
f 2478/1671/2478 2479/1670/2479 2482/1673/2482 2481/1674/2481
f 2479/1670/2479 2480/1672/2480 2483/1675/2483 2482/1673/2482
f 113/104/113 845/408/845 2475/1668/2475 818/1281/818
f 845/408/845 844/408/844 2476/1669/2476 2475/1668/2475
f 844/408/844 843/397/843 2477/1284/2477 2476/1669/2476
f 843/397/843 100/124/100 1019/1269/1019 2477/1284/2477
f 2477/1284/2477 1019/1269/1019 1018/1277/1018 2480/1672/2480
f 2480/1672/2480 1018/1277/1018 1017/1276/1017 2483/1675/2483
f 2483/1675/2483 1017/1276/1017 99/400/99 1046/1479/1046
f 2482/1673/2482 2483/1675/2483 1046/1479/1046 1045/433/1045
f 2481/1674/2481 2482/1673/2482 1045/433/1045 1044/1478/1044
f 816/1285/816 2481/1674/2481 1044/1478/1044 115/104/115
f 817/1284/817 2478/1671/2478 2481/1674/2481 816/1285/816
f 818/1281/818 2475/1668/2475 2478/1671/2478 817/1284/817
f 2484/507/2484 2485/521/2485 2488/507/2488 2487/507/2487
f 2485/521/2485 2486/984/2486 2489/984/2489 2488/507/2488
f 2487/507/2487 2488/507/2488 2491/507/2491 2490/507/2490
f 2488/507/2488 2489/984/2489 2492/521/2492 2491/507/2491
f 156/985/156 1005/507/1005 2484/507/2484 1073/985/1073
f 1005/507/1005 1006/507/1006 2485/521/2485 2484/507/2484
f 1006/507/1006 1007/985/1007 2486/984/2486 2485/521/2485
f 1007/985/1007 154/496/154 1013/521/1013 2486/984/2486
f 2486/984/2486 1013/521/1013 1012/507/1012 2489/984/2489
f 2489/984/2489 1012/507/1012 1011/521/1011 2492/521/2492
f 2492/521/2492 1011/521/1011 146/129/146 1010/129/1010
f 2491/507/2491 2492/521/2492 1010/129/1010 1009/521/1009
f 2490/507/2490 2491/507/2491 1009/521/1009 1008/521/1008
f 1071/521/1071 2490/507/2490 1008/521/1008 155/496/155
f 1072/507/1072 2487/507/2487 2490/507/2490 1071/521/1071
f 1073/985/1073 2484/507/2484 2487/507/2487 1072/507/1072
f 2493/521/2493 2494/521/2494 2497/521/2497 2496/521/2496
f 2494/521/2494 2495/521/2495 2498/521/2498 2497/521/2497
f 2496/521/2496 2497/521/2497 2500/129/2500 2499/521/2499
f 2497/521/2497 2498/521/2498 2501/129/2501 2500/129/2500
f 114/35/114 1082/521/1082 2493/521/2493 714/129/714
f 1082/521/1082 1081/521/1081 2494/521/2494 2493/521/2493
f 1081/521/1081 1080/521/1080 2495/521/2495 2494/521/2494
f 1080/521/1080 155/496/155 1008/521/1008 2495/521/2495
f 2495/521/2495 1008/521/1008 1009/521/1009 2498/521/2498
f 2498/521/2498 1009/521/1009 1010/521/1010 2501/129/2501
f 2501/129/2501 1010/521/1010 146/129/146 1077/521/1077
f 2500/129/2500 2501/129/2501 1077/521/1077 1078/1612/1078
f 2499/521/2499 2500/129/2500 1078/1612/1078 1079/1610/1079
f 716/494/716 2499/521/2499 1079/1610/1079 147/129/147
f 715/495/715 2496/521/2496 2499/521/2499 716/494/716
f 714/129/714 2493/521/2493 2496/521/2496 715/495/715
f 2502/1676/2502 2503/1677/2503 2506/521/2506 2505/507/2505
f 2503/1677/2503 2504/1678/2504 2507/1679/2507 2506/521/2506
f 2505/507/2505 2506/521/2506 2509/521/2509 2508/521/2508
f 2506/521/2506 2507/1679/2507 2510/507/2510 2509/521/2509
f 116/35/116 1085/1680/1085 2502/1676/2502 815/1243/815
f 1085/1680/1085 1084/1681/1084 2503/1677/2503 2502/1676/2502
f 1084/1681/1084 1083/1682/1083 2504/1678/2504 2503/1677/2503
f 1083/1682/1083 156/985/156 1073/985/1073 2504/1678/2504
f 2504/1678/2504 1073/985/1073 1072/507/1072 2507/1679/2507
f 2507/1679/2507 1072/507/1072 1071/521/1071 2510/507/2510
f 2510/507/2510 1071/521/1071 155/496/155 1080/521/1080
f 2509/521/2509 2510/507/2510 1080/521/1080 1081/521/1081
f 2508/521/2508 2509/521/2509 1081/521/1081 1082/521/1082
f 813/521/813 2508/521/2508 1082/521/1082 114/35/114
f 814/521/814 2505/507/2505 2508/521/2508 813/521/813
f 815/1243/815 2502/1676/2502 2505/507/2505 814/521/814
f 2511/1683/2511 2512/990/2512 2515/989/2515 2514/1684/2514
f 2512/990/2512 2513/1685/2513 2516/993/2516 2515/989/2515
f 2514/1684/2514 2515/989/2515 2518/992/2518 2517/1686/2517
f 2515/989/2515 2516/993/2516 2519/1687/2519 2518/992/2518
f 149/115/149 1074/886/1074 2511/1683/2511 725/1688/725
f 1074/886/1074 1075/492/1075 2512/990/2512 2511/1683/2511
f 1075/492/1075 1076/888/1076 2513/1685/2513 2512/990/2512
f 1076/888/1076 154/496/154 1007/521/1007 2513/1685/2513
f 2513/1685/2513 1007/521/1007 1006/507/1006 2516/993/2516
f 2516/993/2516 1006/507/1006 1005/507/1005 2519/1687/2519
f 2519/1687/2519 1005/507/1005 156/985/156 1083/1682/1083
f 2518/992/2518 2519/1687/2519 1083/1682/1083 1084/1681/1084
f 2517/1686/2517 2518/992/2518 1084/1681/1084 1085/1680/1085
f 723/1481/723 2517/1686/2517 1085/1680/1085 116/35/116
f 724/365/724 2514/1684/2514 2517/1686/2517 723/1481/723
f 725/1688/725 2511/1683/2511 2514/1684/2514 724/365/724
f 2520/238/2520 2521/238/2521 2524/239/2524 2523/239/2523
f 2521/238/2521 2522/238/2522 2525/204/2525 2524/239/2524
f 2523/239/2523 2524/239/2524 2527/167/2527 2526/167/2526
f 2524/239/2524 2525/204/2525 2528/167/2528 2527/167/2527
f 92/60/92 1086/61/1086 2520/238/2520 698/238/698
f 1086/61/1086 1087/60/1087 2521/238/2521 2520/238/2520
f 1087/60/1087 1088/59/1088 2522/238/2522 2521/238/2521
f 1088/59/1088 157/58/157 1094/165/1094 2522/238/2522
f 2522/238/2522 1094/165/1094 1093/166/1093 2525/204/2525
f 2525/204/2525 1093/166/1093 1092/167/1092 2528/167/2528
f 2528/167/2528 1092/167/1092 158/140/158 711/190/711
f 2527/167/2527 2528/167/2528 711/190/711 712/629/712
f 2526/167/2526 2527/167/2527 712/629/712 713/629/713
f 696/167/696 2526/167/2526 713/629/713 94/140/94
f 697/318/697 2523/239/2523 2526/167/2526 696/167/696
f 698/238/698 2520/238/2520 2523/239/2523 697/318/697
f 2529/1689/2529 2530/1690/2530 2533/1691/2533 2532/1692/2532
f 2530/1690/2530 2531/1693/2531 2534/1694/2534 2533/1691/2533
f 2532/1692/2532 2533/1691/2533 2536/1695/2536 2535/1696/2535
f 2533/1691/2533 2534/1694/2534 2537/1697/2537 2536/1695/2536
f 94/140/94 713/629/713 2529/1689/2529 689/283/689
f 713/629/713 712/629/712 2530/1690/2530 2529/1689/2529
f 712/629/712 711/190/711 2531/1693/2531 2530/1690/2530
f 711/190/711 158/140/158 1097/1124/1097 2531/1693/2531
f 2531/1693/2531 1097/1124/1097 1096/143/1096 2534/1694/2534
f 2534/1694/2534 1096/143/1096 1095/1130/1095 2537/1697/2537
f 2537/1697/2537 1095/1130/1095 89/145/89 644/1698/644
f 2536/1695/2536 2537/1697/2537 644/1698/644 643/1699/643
f 2535/1696/2535 2536/1695/2536 643/1699/643 642/1700/642
f 687/280/687 2535/1696/2535 642/1700/642 8/149/8
f 688/187/688 2532/1692/2532 2535/1696/2535 687/280/687
f 689/283/689 2529/1689/2529 2532/1692/2532 688/187/688
f 2538/1701/2538 2539/1702/2539 2542/1703/2542 2541/1033/2541
f 2539/1702/2539 2540/1704/2540 2543/1038/2543 2542/1703/2542
f 2541/1033/2541 2542/1703/2542 2545/1705/2545 2544/1706/2544
f 2542/1703/2542 2543/1038/2543 2546/1707/2546 2545/1705/2545
f 6/54/6 212/62/212 2538/1701/2538 674/295/674
f 212/62/212 211/62/211 2539/1702/2539 2538/1701/2538
f 211/62/211 210/54/210 2540/1704/2540 2539/1702/2539
f 210/54/210 88/54/88 1100/55/1100 2540/1704/2540
f 2540/1704/2540 1100/55/1100 1099/56/1099 2543/1038/2543
f 2543/1038/2543 1099/56/1099 1098/57/1098 2546/1707/2546
f 2546/1707/2546 1098/57/1098 157/58/157 1088/59/1088
f 2545/1705/2545 2546/1707/2546 1088/59/1088 1087/60/1087
f 2544/1706/2544 2545/1705/2545 1087/60/1087 1086/61/1086
f 672/1708/672 2544/1706/2544 1086/61/1086 92/171/92
f 673/302/673 2541/1033/2541 2544/1706/2544 672/1708/672
f 674/295/674 2538/1701/2538 2541/1033/2541 673/302/673
